id_cliente,nombre,apellido,edad,sexo,provincia,ciudad,fecha_alta
1,Victoria,Acosta,51,F,San Juan,San Juan,2021-08-27
2,Juan Pablo,Muñoz,38,M,CABA,CABA,2025-06-05
3,Tiziano Valentin,Ponce,73,M,Neuquén,Cutral Co,2026-06-05
4,Lorenzo,Cordoba,51,M,Córdoba,Villa Carlos Paz,2025-01-26
5,Ivan,Castro,23,F,Neuquén,Cutral Co,2022-11-16
6,Maia,Pereyra,34,F,La Pampa,General Pico,2022-01-24
7,Dylan Ezequiel,Perez,43,M,Catamarca,Belén,2023-04-08
8,Maximo,Luna,74,M,Salta,General Güemes,2023-01-23
9,Sofia,Gomez,66,M,Misiones,Eldorado,2023-08-19
10,Bruno,Gimenez,60,F,San Luis,Villa Mercedes,2022-12-23
11,Santiago Nicolas,Lopez,68,F,Corrientes,Curuzú Cuatiá,2025-04-27
12,Morena,Carrizo,71,M,Chaco,Resistencia,2023-10-19
13,Catalina,Ruiz,59,F,Santa Cruz,Puerto Deseado,2024-09-13
14,Octavio,Gomez,71,F,Mendoza,San Rafael,2024-06-04
15,Francisco,Rios,33,M,La Rioja,Chepes,2024-06-09
16,Renata,Luna,68,M,Chaco,Presidencia Roque Sáenz Peña,2026-05-03
17,Juan Francisco,Gomez,36,M,San Luis,San Luis,2026-03-05
18,Federico,Alvarez,19,M,Santa Cruz,El Calafate,2021-09-04
19,Milena,Moyano,31,F,Chubut,Rawson,2022-07-03
20,Tomàs,Alvarez,33,F,Salta,Salta,2023-08-13
21,Valentino,Rios,31,M,Córdoba,Villa María,2022-08-26
22,Bautista,Avila,33,M,Corrientes,Corrientes,2025-11-17
23,Joaquin,Mendoza,71,M,Chaco,Villa Ángela,2024-06-03
24,Juan Cruz,Juarez,27,F,Buenos Aires,Lanús,2026-06-19
25,Facundo,Mansilla,18,M,San Luis,Merlo,2021-12-22
26,Catalina,Sanchez,23,F,Chaco,Villa Ángela,2024-08-24
27,Bautista,Luna,19,F,San Juan,Caucete,2022-11-27
28,Isabella,Ramirez,48,F,Chaco,Presidencia Roque Sáenz Peña,2023-07-26
29,Valentin,Torres,32,F,Santa Cruz,El Calafate,2026-03-07
30,Pilar,Leiva,68,M,Neuquén,Neuquén,2024-04-02
31,Jazmin,Garcia,38,M,Mendoza,Tunuyán,2026-01-10
32,Victoria,Vazquez,68,F,Chaco,Villa Ángela,2026-03-05
33,Juan Bautista,Campos,61,F,La Rioja,La Rioja,2021-09-13
34,Genaro,Sosa,34,F,Salta,Metán,2025-08-27
35,Thiago Benjamin,Cordoba,45,F,Salta,Orán,2026-07-19
36,Juan Martin,Moyano,75,M,Entre Ríos,Victoria,2026-03-05
37,Luz Maria,Paez,74,F,Santa Fe,Rafaela,2026-02-04
38,Mateo Benjamin,Diaz,25,F,Entre Ríos,Concordia,2024-01-11
39,Sofía,Gutierrez,60,M,Neuquén,Neuquén,2024-03-23
40,Santino Ezequiel,Maldonado,59,M,Jujuy,Libertador General San Martín,2023-02-22
41,Ciro,Arias,68,M,Entre Ríos,Gualeguaychú,2026-02-26
42,Lautaro Ezequiel,Franco,50,M,Chaco,Resistencia,2022-11-07
43,Juliana,Torres,71,F,Córdoba,Río Cuarto,2025-01-06
44,Valentino,Rodriguez,29,M,Buenos Aires,Quilmes,2023-10-05
45,Benjamin Ezequiel,Miranda,59,F,Tierra del Fuego,Ushuaia,2023-03-23
46,Joaquina,Arias,25,F,Catamarca,Santa María,2023-09-18
47,Juana,Acosta,67,F,Corrientes,Curuzú Cuatiá,2023-02-11
48,Francisco,Cabrera,40,M,Mendoza,Maipú,2023-06-02
49,Isabella,Diaz,38,F,Entre Ríos,Gualeguaychú,2024-11-16
50,Tomàs,Silva,52,M,La Rioja,Aimogasta,2022-03-14
51,Maria Paz,Arias,50,F,Mendoza,Luján de Cuyo,2024-01-11
52,Luciana,Godoy,25,F,Misiones,Puerto Iguazú,2024-01-25
53,Victoria,Arias,47,F,Salta,General Güemes,2026-05-28
54,Milena,Suarez,32,F,Córdoba,Villa María,2024-01-01
55,Delfina,Gomez,30,M,La Rioja,Chamical,2022-01-31
56,Federico,Franco,62,F,Catamarca,San Fernando del Valle de Catamarca,2022-09-04
57,Valentina,Fernandez,55,F,Entre Ríos,Victoria,2022-03-28
58,Thiago Benjamin,Luna,63,F,Corrientes,Paso de los Libres,2023-01-06
59,Juan Ignacio,Molina,24,F,Corrientes,Goya,2025-09-15
60,Ian,Luna,69,M,San Juan,Rawson,2021-11-14
61,Vicente,Cruz,74,M,Entre Ríos,Victoria,2021-11-28
62,Emma,Lopez,67,F,Santa Fe,Venado Tuerto,2026-06-18
63,Luciano,Suarez,50,F,Mendoza,Mendoza,2022-02-21
64,Matilda,Suarez,34,F,Río Negro,General Roca,2024-04-18
65,Clara,Fernandez,33,F,Formosa,Pirané,2021-09-15
66,Florencia,Diaz,34,F,Mendoza,Maipú,2026-03-16
67,Luciano Benjamin,Romero,71,F,Río Negro,Villa Regina,2023-03-16
68,Joaquin,Bustos,43,M,CABA,CABA,2022-07-19
69,Santiago,Navarro,56,M,CABA,CABA,2024-05-31
70,Lucas,Vera,60,F,Santa Fe,Venado Tuerto,2022-10-01
71,Benjamin,Rojas,23,M,San Juan,Rawson,2023-01-11
72,Lola,Martinez,57,F,Entre Ríos,Victoria,2026-04-11
73,Catalina,Fernandez,26,F,Misiones,Eldorado,2026-02-13
74,Juan Ignacio,Benitez,31,M,Mendoza,Godoy Cruz,2025-05-22
75,Ignacio,Gonzalez,37,F,San Luis,Juana Koslay,2023-01-10
76,Martín,Gimenez,52,F,Chubut,Trelew,2023-09-08
77,Thiago,Diaz,38,M,Entre Ríos,Concepción del Uruguay,2026-05-07
78,Felipe,Acuña,73,M,Jujuy,Perico,2023-06-08
79,Juan Bautista,Suarez,34,F,Neuquén,Neuquén,2024-11-03
80,Santino,Gutierrez,37,F,CABA,CABA,2023-06-24
81,Luna,Diaz,50,F,Tucumán,San Miguel de Tucumán,2022-01-26
82,Luisina,Gonzalez,50,F,Tucumán,Concepción,2026-01-24
83,Tiziano,Gimenez,39,M,Santiago del Estero,La Banda,2026-05-24
84,Agustin,Garcia,70,F,Corrientes,Goya,2026-01-18
85,Thiago Leonel,Pereyra,18,M,Buenos Aires,Junín,2022-06-29
86,Thiago Benjamin,Gutierrez,69,M,Misiones,Posadas,2025-04-10
87,Mateo Benjamin,Escobar,30,F,Mendoza,Tunuyán,2022-02-14
88,Joaquin,Dominguez,61,M,Catamarca,Andalgalá,2023-03-05
89,Francesca,Navarro,43,F,Neuquén,Cutral Co,2024-09-16
90,Camila,Duarte,45,M,Entre Ríos,Paraná,2022-08-21
91,Thiago,Martin,55,F,Santa Fe,Reconquista,2026-07-14
92,Abigail,Fernandez,61,F,Catamarca,Santa María,2022-02-06
93,Santino Benjamin,Ruiz,69,F,Corrientes,Mercedes,2025-06-06
94,Ian Benjamin,Medina,37,F,Tucumán,San Miguel de Tucumán,2025-10-13
95,Olivia,Figueroa,47,F,Jujuy,Libertador General San Martín,2023-01-26
96,Joaquin,Gonzalez,61,M,Misiones,Apóstoles,2025-05-15
97,Bruno,Ledesma,44,F,Neuquén,Cutral Co,2026-05-04
98,Juan Bautista,Lopez,47,M,Entre Ríos,Paraná,2025-01-20
99,Francisco,Sosa,71,F,Jujuy,Perico,2024-06-06
100,Rosario,Arias,67,M,La Pampa,Realicó,2023-04-25
101,Ian Ezequiel,Ferreyra,34,M,Santa Cruz,Río Gallegos,2023-08-24
102,Helena,Diaz,39,M,Santiago del Estero,Santiago del Estero,2024-11-15
103,Juan Gabriel,Sosa,75,M,Chaco,Villa Ángela,2022-09-26
104,Constantino,Gomez,64,M,Buenos Aires,Zárate,2021-12-07
105,Francesco,Pereyra,67,M,Jujuy,Humahuaca,2024-05-10
106,Simon,Nuñez,75,F,CABA,CABA,2023-03-14
107,Morena,Herrera,29,F,La Rioja,Chamical,2026-03-27
108,Dante,Silva,33,F,Tierra del Fuego,Río Grande,2024-09-16
109,Juan Ignacio,Villalba,19,M,Tierra del Fuego,Río Grande,2023-06-27
110,Martina,Sosa,39,M,Santa Cruz,Caleta Olivia,2026-07-20
111,Juan Ignacio,Moreno,26,F,Salta,General Güemes,2023-12-29
112,Benjamin,Paz,46,F,Chaco,Presidencia Roque Sáenz Peña,2022-10-26
113,Tiziano Valentin,Flores,50,M,Mendoza,Godoy Cruz,2025-03-27
114,Valentino,Soria,64,M,Tierra del Fuego,Ushuaia,2024-02-13
115,Ezequiel,Vera,18,M,Buenos Aires,San Isidro,2023-05-29
116,Lucía,Martinez,43,M,Córdoba,Córdoba,2026-05-21
117,Valentino,Chavez,36,F,Chubut,Trelew,2024-11-25
118,Mia Morena,Moreno,71,M,CABA,CABA,2023-04-15
119,Camila,Aguirre,75,M,Santiago del Estero,Frías,2021-12-21
120,Constanza,Garcia,45,M,San Luis,Villa Mercedes,2023-04-02
121,Ambar,Pereyra,44,F,San Juan,Pocito,2026-06-16
122,Santino,Cabrera,21,F,Misiones,Eldorado,2024-09-02
123,Pedro,Garcia,49,M,Córdoba,Villa María,2024-12-30
124,Candela,Ruiz,72,M,CABA,CABA,2025-10-01
125,Emma,Sosa,58,M,Tierra del Fuego,Tolhuin,2023-07-29
126,Juan Martin,Fernandez,55,M,Santa Fe,Rafaela,2022-05-01
127,Guillermina,Diaz,56,F,Neuquén,San Martín de los Andes,2025-09-08
128,Emma,Villalba,43,M,Tierra del Fuego,Río Grande,2022-02-19
129,Mateo,Gonzalez,21,F,Córdoba,Río Cuarto,2025-05-15
130,Valentina,Herrera,31,M,Jujuy,Perico,2026-03-14
131,Facundo,Gonzalez,19,F,Jujuy,Humahuaca,2023-08-26
132,Bianca,Molina,21,F,La Pampa,Toay,2023-04-07
133,Catalina,Rodriguez,48,F,Tucumán,Yerba Buena,2023-03-23
134,Clara,Perez,57,M,Santa Cruz,Puerto Deseado,2025-04-14
135,Sofia,Martinez,20,M,San Luis,La Punta,2025-07-08
136,Dante,Gomez,64,M,La Rioja,Chepes,2024-04-01
137,Lautaro,Leiva,36,M,Chubut,Trelew,2022-01-10
138,Thiago Benjamin,Castillo,29,M,San Luis,San Luis,2024-08-17
139,Santino Benjamin,Ruiz,32,M,La Pampa,Eduardo Castex,2022-02-10
140,Gonzalo,Fernandez,50,M,La Pampa,Santa Rosa,2024-03-18
141,Emma,Caceres,19,F,Chaco,Barranqueras,2025-04-22
142,Bautista Benjamin,Sosa,19,M,Misiones,Puerto Iguazú,2024-03-31
143,Jazmín,Torres,32,M,Jujuy,Libertador General San Martín,2023-04-14
144,Bastian,Rodriguez,38,F,Chaco,Presidencia Roque Sáenz Peña,2025-11-21
145,Juan Bautista,Paz,23,M,Neuquén,San Martín de los Andes,2026-01-14
146,Luna,Fernandez,39,F,Corrientes,Corrientes,2026-03-05
147,Matias,Hernandez,32,F,CABA,CABA,2022-03-02
148,Francesca,Ramos,50,M,Entre Ríos,Victoria,2026-03-08
149,Lara,Valdez,23,F,Catamarca,San Fernando del Valle de Catamarca,2026-01-02
150,Juan Manuel,Gonzalez,59,F,Mendoza,Luján de Cuyo,2023-12-16
151,Lautaro Benjamin,Gomez,21,M,La Pampa,General Pico,2024-02-22
152,Josefina,Dominguez,54,F,CABA,CABA,2023-07-27
153,Isabel,Duarte,36,M,Buenos Aires,San Nicolás,2021-08-27
154,Delfina,Diaz,40,M,San Juan,Jáchal,2022-12-20
155,Julian,Martinez,20,M,San Juan,Rawson,2023-12-22
156,Emilia,Ortiz,74,F,Santa Fe,Santa Fe,2022-12-07
157,Santino,Flores,28,F,La Rioja,Chamical,2026-01-18
158,Isabella,Navarro,25,F,Tierra del Fuego,Río Grande,2024-01-06
159,Joaquin,Paz,35,M,Misiones,Posadas,2024-11-16
160,Tomàs,Acosta,62,F,Mendoza,Mendoza,2025-05-05
161,Victoria,Ferreyra,26,M,Chubut,Puerto Madryn,2026-04-19
162,Zoe Valentina,Acosta,40,F,Corrientes,Paso de los Libres,2022-11-14
163,Valentina,Gutierrez,34,F,CABA,CABA,2022-12-07
164,Juan Ignacio,Cardozo,25,F,Catamarca,Andalgalá,2025-02-11
165,Bautista,Gonzalez,21,M,Chubut,Esquel,2024-10-14
166,Simon,Figueroa,22,M,Buenos Aires,Olavarría,2023-07-26
167,Juan Martin,Sanchez,30,F,Entre Ríos,Paraná,2024-01-18
168,Amparo,Gonzalez,64,F,Salta,Metán,2021-12-31
169,Mateo,Duarte,27,F,Misiones,Oberá,2021-08-22
170,Martina,Vega,37,F,Neuquén,Cutral Co,2023-01-19
171,Delfina,Cardozo,45,F,Buenos Aires,Bahía Blanca,2024-05-03
172,Lautaro,Paez,43,M,Santa Fe,Rafaela,2022-02-15
173,Lautaro,Figueroa,23,F,Misiones,Apóstoles,2024-07-22
174,Renata,Ruiz,65,F,Santa Cruz,Puerto Deseado,2026-05-19
175,Benjamin,Garcia,26,F,Santa Cruz,Puerto Deseado,2025-07-03
176,Ana Paula,Benitez,40,M,San Luis,Villa Mercedes,2024-10-13
177,Valentina ,Cabrera,45,M,Entre Ríos,Concordia,2022-03-17
178,Thiago Benjamin,Lopez,18,M,Mendoza,Tunuyán,2023-08-30
179,Federico,Cabrera,33,F,La Pampa,Realicó,2026-03-26
180,Isabella,Hernandez,68,M,La Pampa,Eduardo Castex,2023-06-21
181,Josefina,Fernandez,74,F,Misiones,Posadas,2022-06-21
182,Amparo,Bustos,73,F,Tierra del Fuego,Río Grande,2024-11-25
183,Tiziana,Rodriguez,20,M,La Rioja,Aimogasta,2022-12-24
184,Matias,Aguirre,57,M,Río Negro,Cipolletti,2021-11-14
185,Julia,Castro,75,M,Mendoza,Maipú,2022-04-19
186,Santino,Franco,31,F,Santiago del Estero,La Banda,2021-10-16
187,Francisca,Villalba,59,F,San Juan,Jáchal,2022-07-21
188,Thiago Nahuel,Lopez,68,F,Formosa,Pirané,2026-02-28
189,Ian Benjamin,Gimenez,22,F,Tierra del Fuego,Río Grande,2024-07-11
190,Ana Paula,Lopez,45,M,Chaco,Presidencia Roque Sáenz Peña,2026-03-25
191,Thiago Benjamin,Suarez,73,F,San Juan,San Juan,2023-12-11
192,Clara,Fernandez,61,F,Santiago del Estero,La Banda,2022-04-08
193,Antonella,Rodriguez,57,M,Formosa,Formosa,2025-08-22
194,Mateo,Villalba,30,F,Jujuy,Perico,2023-08-21
195,Juliana,Mendez,45,F,Santa Cruz,Puerto Deseado,2024-11-04
196,Carmela,Ayala,55,M,Entre Ríos,Paraná,2022-08-19
197,Alvaro,Sosa,24,F,Jujuy,Perico,2025-08-03
198,Tiziano Valentin,Moreno,31,F,Río Negro,San Carlos de Bariloche,2023-09-08
199,Emma,Flores,71,M,La Rioja,Chamical,2024-03-31
200,Maximo,Guzman,69,M,Santiago del Estero,Añatuya,2022-01-04
201,Thiago,Carrizo,22,M,Entre Ríos,Paraná,2025-02-15
202,Antonella,Ruiz,39,F,Jujuy,Perico,2026-04-30
203,Valentina,Gonzalez,42,M,Río Negro,Cipolletti,2023-11-12
204,Lola,Perez,36,F,Tierra del Fuego,Ushuaia,2025-11-30
205,Thiago Lionel,Benitez,51,M,San Luis,Merlo,2022-09-16
206,Thiago Leonel,Luna,33,M,Formosa,El Colorado,2021-08-25
207,Felipe,Guzman,61,M,Salta,Metán,2026-07-04
208,Isabella,Torres,74,M,Santa Fe,Venado Tuerto,2024-08-24
209,Valentino,Arias,58,M,Buenos Aires,Tandil,2023-04-17
210,Santino,Ayala,69,M,Buenos Aires,Avellaneda,2025-05-31
211,Ivan,Medina,40,F,Chubut,Esquel,2025-04-30
212,Charo,Leiva,37,F,San Luis,La Punta,2024-02-15
213,Rafael,Fernandez,30,F,San Luis,Villa Mercedes,2024-11-03
214,Mia Morena,Perez,39,M,Mendoza,Tunuyán,2022-10-21
215,Juana,Acuña,32,F,Mendoza,San Rafael,2023-10-27
216,Ian,Sosa,71,F,Buenos Aires,Pergamino,2021-09-02
217,Mateo,Barrios,52,M,Entre Ríos,Concepción del Uruguay,2024-02-09
218,Juan Manuel,Alvarez,69,F,Entre Ríos,Concordia,2022-02-09
219,Agustin,Gonzalez,57,F,Mendoza,Tunuyán,2022-12-07
220,Delfina,Avila,21,M,Salta,Tartagal,2024-09-03
221,Matias,Rodriguez,36,F,La Pampa,Eduardo Castex,2024-01-29
222,Thiago Nicolas,Ferreyra,68,M,CABA,CABA,2021-12-23
223,Julian,Sosa,19,F,Entre Ríos,Victoria,2025-08-22
224,Manuel,Suarez,38,F,Tierra del Fuego,Río Grande,2025-02-13
225,Juana,Gonzalez,26,M,Buenos Aires,Lanús,2024-07-07
226,Thiago,Castro,32,M,Mendoza,Tunuyán,2025-09-08
227,Guadalupe,Flores,32,F,Corrientes,Curuzú Cuatiá,2022-09-24
228,Lautaro,Dominguez,34,F,San Luis,San Luis,2026-04-28
229,Catalina,Martinez,51,M,Chaco,Villa Ángela,2024-07-09
230,Valentina ,Muñoz,64,F,Córdoba,San Francisco,2026-04-13
231,Felicitas,Benitez,74,F,Tucumán,Concepción,2022-03-28
232,Benjamin,Ortiz,23,M,Neuquén,Cutral Co,2023-03-05
233,Sebastian,Rodriguez,26,F,Jujuy,Perico,2023-08-03
234,Emma,Flores,68,M,San Juan,Caucete,2026-07-22
235,Emma,Diaz,41,M,Santa Cruz,Caleta Olivia,2023-02-05
236,Santiago,Suarez,46,F,Santa Fe,Rafaela,2025-02-27
237,Valentina,Peralta,27,M,Mendoza,Maipú,2022-09-20
238,Faustino,Mendez,28,M,La Rioja,Aimogasta,2023-02-21
239,Camilo,Cabrera,27,F,Río Negro,General Roca,2022-02-16
240,Benjamin,Rodriguez,25,M,Río Negro,General Roca,2026-02-17
241,Guadalupe,Guzman,35,M,Salta,Orán,2023-10-13
242,Joaquin,Rojas,67,M,Santa Cruz,Pico Truncado,2022-01-23
243,Joaquin,Gutierrez,18,M,Neuquén,Cutral Co,2024-02-05
244,Valentina,Dominguez,57,F,La Pampa,General Pico,2021-08-03
245,Jeremias,Mendoza,65,M,Mendoza,Maipú,2023-04-23
246,Dylan Benjamin,Bustos,45,F,Chaco,Resistencia,2022-06-02
247,Augusto,Luna,18,M,Corrientes,Mercedes,2025-07-15
248,Antonio,Rojas,65,M,Santa Fe,Rosario,2024-12-17
249,Thiago Benjamin,Garcia,40,F,Santa Cruz,Caleta Olivia,2021-11-12
250,Benjamin,Bustos,44,M,Corrientes,Corrientes,2024-07-25
251,Mateo,Carrizo,23,M,Salta,Salta,2023-04-25
252,Valentino,Gonzalez,18,F,Entre Ríos,Paraná,2022-07-18
253,Lola,Molina,23,M,Entre Ríos,Victoria,2025-10-29
254,Delfina,Fernandez,70,M,Jujuy,Libertador General San Martín,2022-05-11
255,Lucía ,Castro,68,M,Mendoza,Maipú,2026-02-27
256,Olivia,Suarez,25,M,Tierra del Fuego,Ushuaia,2026-03-21
257,Juan Cruz,Lucero,63,F,Tierra del Fuego,Río Grande,2025-09-27
258,Francisco,Peralta,72,M,Santa Fe,Venado Tuerto,2025-01-19
259,Bruno,Cabrera,60,M,Río Negro,San Carlos de Bariloche,2021-09-26
260,Pilar,Gonzalez,68,M,Santa Fe,Venado Tuerto,2023-03-13
261,Jazmin,Alvarez,37,F,Buenos Aires,Avellaneda,2024-10-07
262,Franco,Martinez,23,M,Salta,Metán,2023-05-28
263,Federico,Castillo,56,M,Tierra del Fuego,Ushuaia,2023-05-15
264,Francisco,Sanchez,42,M,Misiones,Eldorado,2021-09-25
265,Lorenzo,Sosa,68,M,Chaco,Barranqueras,2025-09-07
266,Tomàs,Gomez,49,M,Entre Ríos,Gualeguaychú,2026-03-25
267,Valentino,Sosa,38,M,Catamarca,Belén,2024-10-20
268,Mateo Valentin,Toledo,45,M,San Luis,San Luis,2023-04-28
269,Lucía ,Gomez,35,M,CABA,CABA,2024-06-27
270,Alma Mia,Chavez,65,F,Buenos Aires,Junín,2022-03-22
271,Nicolas,Rodriguez,47,M,San Juan,Rawson,2026-03-26
272,Ludmila,Ortiz,57,F,Corrientes,Goya,2025-02-11
273,Tomas,Garcia,62,F,La Pampa,Realicó,2022-09-24
274,Morena,Maidana,54,F,Salta,Metán,2024-02-26
275,Francesca,Rodriguez,38,F,Tucumán,San Miguel de Tucumán,2026-07-01
276,Tobias,Aguero,62,F,Tucumán,San Miguel de Tucumán,2026-06-28
277,Valentin,Rodriguez,21,M,Córdoba,San Francisco,2026-05-24
278,Felipe,Gimenez,37,F,La Pampa,Toay,2022-07-27
279,Agustin,Molina,50,F,Corrientes,Paso de los Libres,2025-12-03
280,Ciro,Sanchez,71,F,San Juan,Pocito,2024-03-30
281,Lautaro Benjamin,Herrera,48,M,Misiones,Oberá,2026-07-20
282,Bautista,Diaz,42,F,Mendoza,Luján de Cuyo,2024-01-08
283,Sofia,Farias,33,M,Formosa,Clorinda,2022-05-30
284,Pedro,Ortiz,68,F,Córdoba,San Francisco,2022-05-09
285,Ignacio,Perez,24,F,CABA,CABA,2022-06-03
286,Guadalupe,Pereyra,29,M,CABA,CABA,2024-06-27
287,Manuel,Acuña,45,F,Chubut,Puerto Madryn,2021-08-10
288,Lucía,Aguirre,32,M,Catamarca,Belén,2022-05-09
289,Valentina ,Herrera,48,M,Santa Cruz,Puerto Deseado,2023-02-04
290,Gonzalo,Castro,60,M,CABA,CABA,2023-08-12
291,Thiago Benjamin,Garcia,38,M,Santa Fe,Santa Fe,2021-08-08
292,Tiziano,Juarez,71,M,Misiones,Posadas,2024-10-14
293,Sofia,Arias,22,M,Neuquén,Plottier,2022-12-25
294,Benjamin Alejandro,Ruiz,47,F,San Luis,Merlo,2024-05-22
295,Francesca,Vera,42,M,Neuquén,Plottier,2025-04-23
296,Juan Cruz,Diaz,36,M,La Rioja,Chamical,2023-02-20
297,Juan Ignacio,Cordoba,35,M,San Juan,Jáchal,2025-01-10
298,Thiago Benjamin,Lopez,28,M,Córdoba,Río Cuarto,2022-12-20
299,Mateo,Ramirez,64,M,La Rioja,La Rioja,2025-08-08
300,Benicio,Rios,48,M,La Pampa,Santa Rosa,2025-09-01
301,Fausto,Gonzalez,63,M,Chaco,Charata,2024-06-22
302,Jeronimo,Miranda,24,M,Río Negro,Viedma,2022-05-14
303,Benicio,Gomez,31,M,La Rioja,Chepes,2021-07-29
304,Isabella,Correa,41,M,Catamarca,Belén,2022-09-02
305,Mateo Benjamin,Peralta,49,F,La Pampa,Santa Rosa,2023-05-11
306,Jeremias,Ramirez,27,F,Río Negro,General Roca,2025-01-14
307,Sofia Belen,Figueroa,71,F,Formosa,Clorinda,2022-03-31
308,Antonia,Pereyra,27,F,Jujuy,Perico,2024-12-23
309,Angelina,Molina,34,M,Córdoba,Córdoba,2023-05-25
310,Ramiro,Sanchez,42,F,San Luis,San Luis,2025-09-02
311,Pedro,Nuñez,37,M,Formosa,Pirané,2023-12-30
312,Victoria,Mendez,28,F,La Rioja,Aimogasta,2025-01-16
313,Isabella,Rodriguez,21,F,San Juan,San Juan,2024-03-17
314,Lara,Ramirez,34,M,Tierra del Fuego,Tolhuin,2023-06-04
315,Joaquin,Fernandez,49,F,Córdoba,Villa Carlos Paz,2023-08-10
316,Tomas,Gonzalez,57,M,San Luis,La Punta,2024-09-03
317,Victoria,Peralta,25,M,Formosa,Pirané,2023-05-29
318,Josefina,Vazquez,61,M,San Luis,La Punta,2023-01-23
319,Felicitas,Flores,63,F,Mendoza,Mendoza,2023-04-26
320,Camila,Alvarez,56,F,Tierra del Fuego,Tolhuin,2025-11-12
321,Valentino,Diaz,50,F,San Juan,Caucete,2022-12-22
322,Dante,Gomez,70,F,Tucumán,Concepción,2023-12-05
323,Lautaro Benjamin,Diaz,46,M,Córdoba,San Francisco,2023-11-26
324,Benicio,Silva,24,F,San Luis,San Luis,2026-03-14
325,Juana,Ferreyra,43,F,San Juan,San Juan,2025-10-16
326,Sofía,Castro,42,F,Santa Cruz,Puerto Deseado,2024-03-15
327,Angel Gabriel,Luna,37,M,La Rioja,Chilecito,2025-11-25
328,Francisco,Gomez,47,F,La Pampa,Santa Rosa,2024-07-28
329,Thiago Emanuel,Morales,48,F,La Pampa,Santa Rosa,2025-10-08
330,Mia,Martinez,36,F,San Luis,Juana Koslay,2025-07-02
331,Martina,Navarro,71,F,Chubut,Trelew,2022-09-02
332,Sofía,Lucero,40,M,Río Negro,General Roca,2024-03-04
333,Victoria,Diaz,50,M,Chaco,Barranqueras,2024-10-28
334,Valentin,Sanchez,30,F,Tucumán,Yerba Buena,2026-07-20
335,Morena,Acosta,33,F,Salta,Metán,2023-11-16
336,Sofia,Nuñez,62,M,CABA,CABA,2026-05-17
337,Felipe,Aguirre,74,M,Santiago del Estero,La Banda,2021-10-21
338,Sol,Torres,33,F,Mendoza,Mendoza,2026-04-24
339,Julieta,Pereyra,38,F,La Rioja,Chilecito,2024-07-09
340,Victoria,Figueroa,46,M,San Luis,Juana Koslay,2026-04-20
341,Malena,Moreno,51,M,Córdoba,Córdoba,2021-11-22
342,Julieta,Lopez,39,F,Chaco,Presidencia Roque Sáenz Peña,2026-07-05
343,Maria Luz,Cruz,38,F,Corrientes,Curuzú Cuatiá,2026-01-19
344,Guadalupe,Rojas,38,M,Misiones,Apóstoles,2023-03-29
345,Joaquina,Leiva,49,F,Catamarca,Belén,2023-06-09
346,Mora,Nuñez,73,F,Santa Fe,Venado Tuerto,2022-06-10
347,Manuel,Lucero,30,F,La Rioja,Chamical,2026-06-19
348,Bautista,Alvarez,49,F,Corrientes,Goya,2021-12-11
349,Maria Belen,Soto,56,F,Santiago del Estero,Santiago del Estero,2023-09-01
350,Sofia Belen,Rodriguez,66,F,Chaco,Villa Ángela,2023-06-05
351,Sofia Belen,Rodriguez,21,F,Misiones,Puerto Iguazú,2024-04-16
352,Victoria,Moyano,46,F,Catamarca,Tinogasta,2022-03-16
353,Juan Ignacio,Ruiz,67,M,Misiones,Posadas,2021-11-18
354,Santiago,Cardozo,20,F,Formosa,Las Lomitas,2021-11-18
355,Isabella,Muñoz,68,F,Formosa,Pirané,2025-07-17
356,Mateo,Mendoza,38,M,Neuquén,San Martín de los Andes,2026-02-11
357,Morena,Benitez,22,F,Jujuy,Libertador General San Martín,2024-04-06
358,Julian,Soto,28,F,San Luis,Juana Koslay,2025-09-30
359,Juliana,Ruiz,68,F,Salta,Metán,2025-02-15
360,Facundo,Peralta,40,M,Córdoba,Villa Carlos Paz,2023-12-17
361,Camila,Garcia,25,F,Neuquén,Plottier,2024-03-07
362,Facundo,Maldonado,61,F,Río Negro,General Roca,2024-10-01
363,Alma,Lucero,70,M,La Pampa,Eduardo Castex,2022-12-14
364,Juan Sebastian,Maidana,35,F,Tucumán,Yerba Buena,2024-03-28
365,Simon,Ortiz,24,M,Misiones,Posadas,2022-11-20
366,Salvador,Rios,49,F,Santa Fe,Santa Fe,2022-11-26
367,Martina,Sanchez,65,M,Salta,Salta,2024-03-16
368,Isabel,Farias,22,M,San Luis,Juana Koslay,2025-04-29
369,Juan Ignacio,Medina,56,M,Córdoba,San Francisco,2021-09-06
370,Milo,Fernandez,28,F,Río Negro,San Carlos de Bariloche,2024-08-26
371,Morena Jazmin,Diaz,69,F,La Pampa,Santa Rosa,2022-05-19
372,Pilar,Sanchez,46,F,Río Negro,San Carlos de Bariloche,2022-02-24
373,Lucia,Vargas,20,M,Jujuy,Humahuaca,2023-10-29
374,Sofia,Castillo,25,M,La Rioja,Chilecito,2023-01-17
375,Valentina,Gomez,29,M,Tucumán,Concepción,2023-06-12
376,Emanuel,Acosta,55,F,Santiago del Estero,Añatuya,2022-10-08
377,Felipe,Ramirez,40,F,San Juan,San Juan,2021-08-18
378,Jazmin,Perez,57,F,Santa Fe,Rafaela,2023-02-02
379,Joaquin,Cordoba,67,M,Catamarca,San Fernando del Valle de Catamarca,2023-01-11
380,Sebastian,Castro,28,F,Tucumán,Concepción,2021-12-15
381,Martina,Blanco,46,M,Tucumán,Concepción,2021-11-03
382,Santino,Moreno,51,F,Santiago del Estero,Añatuya,2022-05-13
383,Emanuel,Gimenez,75,F,Misiones,Oberá,2022-09-01
384,Benicio,Quiroga,72,M,Santiago del Estero,Santiago del Estero,2021-10-01
385,Juan Ignacio,Acosta,39,M,La Pampa,Eduardo Castex,2021-12-12
386,Lucas Benjamin,Morales,42,F,Córdoba,Villa María,2026-06-06
387,Matias,Ledesma,64,M,San Juan,San Juan,2024-08-09
388,Alma,Maldonado,33,M,Formosa,Las Lomitas,2025-10-22
389,Mateo,Medina,40,F,Córdoba,Villa María,2025-12-23
390,Valentino,Dominguez,65,F,Jujuy,Perico,2025-03-16
391,Abril,Rodriguez,71,M,Buenos Aires,Morón,2022-01-04
392,Florencia,Figueroa,38,F,Chubut,Rawson,2022-09-17
393,Juan David,Gonzalez,55,M,Santa Fe,Rafaela,2023-08-16
394,Josefina,Correa,69,M,Chaco,Villa Ángela,2023-07-12
395,Sofia,Garcia,65,M,Jujuy,Humahuaca,2024-04-13
396,Emilia,Vargas,24,F,Mendoza,San Rafael,2022-09-29
397,Isabella,Cabrera,72,M,Buenos Aires,Mar del Plata,2022-12-27
398,Mateo,Ferreyra,50,F,Chaco,Barranqueras,2022-11-10
399,Emma,Vazquez,69,F,Formosa,Las Lomitas,2026-04-14
400,Luca,Gutierrez,43,M,Tierra del Fuego,Ushuaia,2025-07-27
401,Delfina,Vazquez,28,M,Mendoza,Luján de Cuyo,2021-10-03
402,Emiliano,Diaz,70,F,Buenos Aires,Pergamino,2022-10-08
403,Guillermina,Quiroga,49,M,Chubut,Esquel,2026-03-14
404,Juan Bautista,Rodriguez,61,M,Catamarca,Belén,2021-10-28
405,Alejo,Benitez,25,F,Buenos Aires,San Nicolás,2025-03-25
406,Juan Ignacio,Gonzalez,48,F,CABA,CABA,2021-11-03
407,Thiago Valentin,Fernandez,33,M,Corrientes,Paso de los Libres,2025-03-30
408,Lola,Chavez,29,F,Chaco,Presidencia Roque Sáenz Peña,2022-12-24
409,Francisco,Suarez,27,F,San Juan,Pocito,2022-10-04
410,Jazmin,Ponce,33,F,Santa Fe,Reconquista,2025-01-12
411,Sol,Romero,60,F,Salta,Orán,2021-12-15
412,Emilia,Godoy,38,F,Catamarca,Santa María,2021-08-28
413,Benjamin Ezequiel,Bravo,50,M,Formosa,Pirané,2023-07-02
414,Valentin,Quiroga,71,M,La Pampa,Eduardo Castex,2025-10-11
415,Lola,Roldan,55,F,Formosa,Formosa,2024-01-01
416,Gino,Sanchez,27,M,San Juan,Caucete,2023-03-26
417,Lola,Ferreyra,26,F,Santiago del Estero,Añatuya,2023-03-23
418,Julieta,Ferreyra,35,M,Córdoba,Villa María,2024-11-13
419,Thiago Nicolas,Romero,40,M,La Rioja,Chilecito,2024-06-08
420,Agustina,Cruz,61,F,Mendoza,Mendoza,2024-01-20
421,Lucía ,Gomez,54,M,San Luis,La Punta,2023-03-05
422,Gonzalo,Godoy,27,M,San Juan,Caucete,2023-02-07
423,Maria Victoria,Gonzalez,39,F,Jujuy,Palpalá,2023-07-07
424,Nahuel,Medina,37,M,La Pampa,Eduardo Castex,2023-07-25
425,Valentino,Lopez,53,M,Neuquén,San Martín de los Andes,2025-02-14
426,Lautaro Ezequiel,Gomez,40,F,Santiago del Estero,Termas de Río Hondo,2022-10-21
427,Tomas,Godoy,29,M,Catamarca,Santa María,2023-02-24
428,Juan Martin,Maldonado,29,M,Tierra del Fuego,Tolhuin,2025-05-24
429,Morena Jazmin,Mansilla,28,M,Córdoba,Villa Carlos Paz,2023-04-25
430,Mora,Ledesma,59,M,Chaco,Resistencia,2023-05-05
431,Ignacio,Acosta,27,F,Entre Ríos,Concordia,2024-12-14
432,Tiziano,Gutierrez,22,F,Corrientes,Corrientes,2026-01-21
433,Gabriel,Correa,23,F,Mendoza,Mendoza,2022-03-17
434,Camila,Cardozo,67,M,Río Negro,Cipolletti,2023-08-07
435,Juan Bautista,Chavez,20,F,La Pampa,Santa Rosa,2023-07-22
436,Helena,Cordoba,48,M,San Luis,La Punta,2022-10-19
437,Martín,Valdez,73,M,Neuquén,Cutral Co,2024-05-27
438,Francisca,Silva,42,M,Santiago del Estero,Termas de Río Hondo,2022-02-26
439,Constanza,Vargas,51,F,Entre Ríos,Concordia,2025-08-09
440,Luana,Miranda,41,M,Misiones,Posadas,2023-11-02
441,Giovanni,Diaz,59,M,Chaco,Villa Ángela,2022-06-12
442,Alma,Cardozo,45,F,Santa Fe,Reconquista,2022-10-29
443,Julieta,Ramos,70,M,Corrientes,Goya,2024-10-17
444,Mora,Rodriguez,35,F,La Rioja,Aimogasta,2025-11-09
445,Juana,Gonzalez,71,F,Chaco,Villa Ángela,2023-08-07
446,Guillermina,Gimenez,40,F,Santa Fe,Santa Fe,2025-09-28
447,Mateo,Lopez,47,F,Catamarca,Tinogasta,2024-08-21
448,Salvador,Mendoza,61,M,Entre Ríos,Concordia,2021-09-12
449,Ignacio,Lopez,30,M,Chaco,Resistencia,2024-02-22
450,Jazmin,Gomez,68,F,Mendoza,Maipú,2022-08-20
451,Genaro,Miranda,25,F,Mendoza,Godoy Cruz,2025-08-23
452,Lucas Ezequiel,Luna,49,F,Mendoza,Tunuyán,2021-10-15
453,Martina,Franco,62,M,Entre Ríos,Concordia,2025-05-31
454,Agostina,Ruiz,72,M,Neuquén,Neuquén,2024-05-11
455,Ciro,Herrera,58,F,Tierra del Fuego,Tolhuin,2026-02-28
456,Lautaro Benjamin,Perez,31,M,Mendoza,Tunuyán,2021-08-09
457,Lucía ,Vera,26,M,Jujuy,Palpalá,2024-08-01
458,Emma,Martin,75,M,San Luis,Juana Koslay,2021-09-21
459,Valentina,Gomez,40,F,La Rioja,Chepes,2021-12-06
460,Martina,Quiroga,61,F,Chaco,Charata,2023-08-02
461,Clara,Ruiz,24,F,La Pampa,Realicó,2025-07-26
462,Felipe,Valdez,73,M,Buenos Aires,Necochea,2025-10-02
463,Alejo,Lopez,22,M,Salta,Orán,2023-05-13
464,Agostina,Gomez,46,M,Chaco,Villa Ángela,2025-07-13
465,Tobias,Molina,74,F,Corrientes,Paso de los Libres,2022-03-11
466,Juan Martin,Bravo,45,M,Santiago del Estero,Termas de Río Hondo,2023-01-10
467,Sofia,Gonzalez,50,F,Santa Fe,Reconquista,2024-02-17
468,Ema,Rios,48,F,San Juan,Caucete,2024-12-21
469,Thiago,Paz,57,M,Formosa,Clorinda,2024-01-24
470,Joaquin,Gutierrez,43,M,Córdoba,Villa Carlos Paz,2021-12-18
471,Valentino,Acosta,55,M,Catamarca,Tinogasta,2024-03-15
472,Agustina,Maidana,31,F,Santiago del Estero,Frías,2022-05-30
473,Constanza,Maldonado,66,M,Formosa,Clorinda,2024-10-20
474,Valentino,Fernandez,47,M,Santa Cruz,Puerto Deseado,2023-10-27
475,Uma,Diaz,39,M,Santiago del Estero,Añatuya,2025-07-01
476,Luca,Cordoba,42,F,La Pampa,Eduardo Castex,2021-08-18
477,Josefina,Ramirez,47,M,Catamarca,Belén,2022-10-04
478,Valentina,Medina,73,M,San Luis,Merlo,2024-09-04
479,Ian Benjamin,Fernandez,42,F,Buenos Aires,Olavarría,2025-10-03
480,Gino,Castillo,44,M,Santiago del Estero,Santiago del Estero,2023-03-27
481,Juan Pablo,Medina,25,F,Neuquén,Zapala,2025-10-13
482,Catalina,Herrera,31,F,Chubut,Esquel,2022-07-18
483,Matias,Gomez,25,M,Catamarca,Santa María,2022-08-30
484,Juan Pablo,Ramirez,37,M,Santa Fe,Venado Tuerto,2022-03-18
485,Joaquina,Rivero,22,M,La Rioja,Chilecito,2025-04-17
486,Micaela,Lucero,21,F,Mendoza,Tunuyán,2022-10-01
487,Enzo,Sosa,67,F,Misiones,Oberá,2023-05-14
488,Delfina,Juarez,69,F,La Pampa,Toay,2026-04-02
489,Juan Ignacio,Sanchez,75,M,Mendoza,Luján de Cuyo,2026-05-14
490,Sofía,Lopez,66,F,La Rioja,La Rioja,2024-07-03
491,Luca,Molina,26,F,Tucumán,Yerba Buena,2024-05-27
492,Isabella,Alvarez,35,F,San Luis,Merlo,2024-06-24
493,Ciro,Romero,55,M,Río Negro,General Roca,2021-08-10
494,Thiago Gabriel,Moreno,70,F,Salta,Salta,2023-04-25
495,Lautaro Nicolas,Avila,67,M,Corrientes,Corrientes,2023-10-23
496,Felipe,Gomez,33,F,Catamarca,Tinogasta,2024-05-02
497,Gonzalo,Pereyra,19,M,Chubut,Comodoro Rivadavia,2022-12-18
498,Martina,Ojeda,18,M,La Rioja,Chamical,2021-11-15
499,Santino,Guzman,40,F,Córdoba,Río Cuarto,2023-08-17
500,Victoria,Flores,42,M,La Pampa,Santa Rosa,2025-11-29
501,Guadalupe,Herrera,52,M,Jujuy,Palpalá,2025-11-03
502,Martín,Dominguez,49,M,Santa Fe,Venado Tuerto,2024-04-22
503,Santino,Dominguez,21,M,Corrientes,Paso de los Libres,2024-05-02
504,Valentino,Cordoba,45,M,Buenos Aires,La Plata,2022-04-30
505,Joaquin,Martinez,57,F,Entre Ríos,Paraná,2021-11-06
506,Bautista,Coronel,43,M,Chaco,Presidencia Roque Sáenz Peña,2024-11-19
507,Abril,Fernandez,36,M,Tierra del Fuego,Río Grande,2024-03-20
508,Maria Emilia,Martinez,50,F,Jujuy,Palpalá,2023-12-08
509,Lorenzo,Guzman,46,F,La Pampa,Santa Rosa,2021-11-29
510,Emma,Dominguez,57,M,Santa Cruz,El Calafate,2022-07-16
511,Emilia,Moyano,69,F,Santa Fe,Santa Fe,2025-07-07
512,Mateo,Torres,74,M,CABA,CABA,2024-03-19
513,Maria Victoria,Gonzalez,30,F,Jujuy,Palpalá,2024-09-15
514,Luciano,Vera,59,F,Córdoba,Córdoba,2025-07-23
515,Juan Cruz,Perez,47,F,Entre Ríos,Concordia,2025-08-01
516,Juan David,Maldonado,50,M,Catamarca,Belén,2024-09-11
517,Paulina,Rios,71,F,Entre Ríos,Gualeguaychú,2023-01-29
518,Sebastian,Mendoza,62,F,Formosa,El Colorado,2025-08-16
519,Juan Manuel,Luna,41,F,Tucumán,Concepción,2026-03-29
520,Tobias,Arias,65,F,Neuquén,Cutral Co,2024-10-28
521,Maia,Paez,72,F,Misiones,Eldorado,2025-05-05
522,Felipe,Rivero,47,F,Tucumán,Concepción,2022-04-21
523,Emilia,Cardozo,69,M,Jujuy,Libertador General San Martín,2021-10-14
524,Santino,Gomez,68,F,Córdoba,Villa Carlos Paz,2026-04-18
525,Bautista,Moreno,43,M,Santa Fe,Venado Tuerto,2025-07-09
526,Juan Gabriel,Gonzalez,27,M,Catamarca,Tinogasta,2021-08-18
527,Josefina,Maldonado,52,M,Neuquén,Neuquén,2024-10-19
528,Simon,Franco,66,M,Salta,General Güemes,2021-09-10
529,Thiago Benjamin,Gonzalez,46,M,Formosa,Las Lomitas,2026-05-17
530,Santino,Martin,47,F,La Rioja,Chilecito,2026-07-22
531,Lucía,Cabrera,66,M,Santa Fe,Rafaela,2022-04-23
532,Ignacio,Gomez,67,F,Tucumán,Monteros,2021-12-26
533,Constanza,Caceres,28,F,Chubut,Trelew,2023-05-22
534,Catalina,Moreno,52,M,Misiones,Puerto Iguazú,2024-03-10
535,Delfina,Torres,39,F,Tierra del Fuego,Tolhuin,2022-06-22
536,Augusto,Torres,60,M,Misiones,Oberá,2022-09-13
537,Thiago Ezequiel,Sanchez,57,F,Corrientes,Paso de los Libres,2022-12-06
538,Candela,Flores,57,M,Salta,Orán,2025-05-06
539,Santiago,Garcia,63,F,Tierra del Fuego,Ushuaia,2024-05-13
540,Dylan Benjamin,Rodriguez,68,F,La Rioja,Chepes,2023-06-12
541,Juan Gabriel,Romero,34,M,Catamarca,Andalgalá,2025-02-10
542,Franco,Garcia,66,F,Salta,General Güemes,2025-09-01
543,Bautista,Benitez,74,F,Santa Fe,Esperanza,2024-06-29
544,Alexander,Ortiz,50,F,Salta,Metán,2025-11-09
545,Morena,Nuñez,40,F,Santiago del Estero,Frías,2024-03-20
546,Guillermina,Rodriguez,40,M,Córdoba,Alta Gracia,2022-05-29
547,Santino Gabriel,Avila,52,F,Misiones,Oberá,2023-02-17
548,Milagros,Garcia,36,M,Santa Fe,Santa Fe,2024-11-21
549,Julia,Gomez,45,M,La Pampa,Toay,2025-09-04
550,Dylan Benjamin,Godoy,63,M,Tierra del Fuego,Ushuaia,2023-06-02
551,Agostina,Dominguez,31,F,Río Negro,Villa Regina,2026-04-17
552,Nicolas,Lopez,22,F,Jujuy,Palpalá,2022-03-26
553,Malena,Ramirez,40,F,Chaco,Villa Ángela,2024-06-11
554,Agustín,Herrera,18,F,La Pampa,Eduardo Castex,2024-11-13
555,Federico,Vargas,68,M,CABA,CABA,2023-02-25
556,Juan Ignacio,Correa,35,M,Santa Cruz,Caleta Olivia,2025-12-15
557,Mateo,Lopez,44,F,Chubut,Esquel,2021-09-26
558,Jazmin,Pereyra,26,F,Santa Cruz,Puerto Deseado,2024-04-07
559,Joaquin,Martinez,64,M,Jujuy,Libertador General San Martín,2022-12-25
560,Benjamin,Rodriguez,46,M,San Luis,La Punta,2025-10-23
561,Thiago,Villalba,21,M,Jujuy,Libertador General San Martín,2021-12-14
562,Valentina,Ferreyra,61,F,La Rioja,Aimogasta,2024-09-21
563,Lucio,Cardozo,68,F,Neuquén,Zapala,2022-03-24
564,Luciano Benjamin,Sanchez,20,F,Misiones,Eldorado,2023-05-23
565,Bautista,Gimenez,61,M,Catamarca,San Fernando del Valle de Catamarca,2024-12-14
566,Manuel,Mansilla,66,M,Mendoza,Godoy Cruz,2024-09-12
567,Juliana,Herrera,54,F,Misiones,Apóstoles,2022-02-08
568,Lorenzo,Gimenez,44,F,Salta,Orán,2025-02-14
569,Lautaro Benjamin,Moreno,54,F,Entre Ríos,Concepción del Uruguay,2023-07-16
570,Ciro,Fernandez,75,F,San Luis,La Punta,2025-08-26
571,Faustino,Rodriguez,75,M,Neuquén,San Martín de los Andes,2022-07-08
572,Isabella,Olivera,72,F,Catamarca,Tinogasta,2022-09-03
573,Lucía ,Sosa,73,M,Salta,Orán,2021-12-22
574,Juan Manuel,Peralta,67,F,Formosa,Las Lomitas,2022-01-26
575,Benjamin Ezequiel,Lopez,29,F,Tucumán,San Miguel de Tucumán,2022-07-07
576,Luna,Lopez,67,F,Santa Fe,Rosario,2025-02-18
577,Antonia,Gonzalez,38,M,Catamarca,Andalgalá,2022-05-04
578,Thiago,Gimenez,65,M,Misiones,Puerto Iguazú,2023-11-22
579,Lorenzo,Pereyra,41,M,Jujuy,Perico,2024-10-22
580,Matias,Flores,36,F,Santiago del Estero,La Banda,2025-01-22
581,Alma,Gomez,71,M,Córdoba,Río Cuarto,2025-08-07
582,Lautaro,Diaz,40,M,La Pampa,Toay,2023-05-04
583,Tomàs,Medina,73,F,San Juan,Pocito,2026-03-18
584,Lorenzo,Aguirre,61,F,Santa Cruz,Caleta Olivia,2026-05-15
585,Camila,Garcia,56,F,La Pampa,Eduardo Castex,2024-08-29
586,Ciro,Ramos,39,M,Jujuy,Humahuaca,2022-07-22
587,Salvador,Fernandez,47,M,Catamarca,Santa María,2025-10-13
588,Juan Manuel,Morales,31,M,Córdoba,Córdoba,2022-11-06
589,Lucia,Peralta,52,F,Entre Ríos,Concordia,2024-05-03
590,Matias,Herrera,58,F,Jujuy,Libertador General San Martín,2024-09-21
591,Malena,Rodriguez,38,M,San Luis,Merlo,2024-04-27
592,Antonella,Martinez,45,F,Río Negro,Villa Regina,2024-04-09
593,Joaquin,Dominguez,34,M,Tierra del Fuego,Río Grande,2022-01-02
594,Jazmin,Pereyra,30,M,Jujuy,Perico,2026-01-17
595,Rosario,Benitez,65,M,Catamarca,Belén,2025-07-09
596,Alejo,Gomez,62,M,Santiago del Estero,Añatuya,2025-06-26
597,Juan Bautista,Fernandez,25,F,Chaco,Charata,2024-06-12
598,Felipe,Lucero,19,F,Río Negro,Viedma,2024-11-18
599,Pilar,Rios,61,M,Chubut,Puerto Madryn,2024-05-24
600,Martin,Dominguez,71,M,Río Negro,General Roca,2024-12-19
601,Tiziana,Ramirez,69,F,Santa Fe,Venado Tuerto,2021-07-25
602,Lautaro Benjamin,Sosa,68,M,Misiones,Oberá,2025-03-17
603,Guillermina,Diaz,37,M,Neuquén,Neuquén,2023-04-18
604,Pilar,Gomez,69,M,Misiones,Oberá,2025-02-11
605,Martín,Martinez,42,F,Río Negro,Villa Regina,2025-05-14
606,Victoria,Acuña,19,F,Salta,General Güemes,2024-12-26
607,Malena,Maldonado,30,F,Santa Cruz,Río Gallegos,2025-02-06
608,Alvaro,Martinez,29,M,Misiones,Apóstoles,2026-03-04
609,Martin,Diaz,54,F,Chubut,Esquel,2023-12-06
610,Santino,Ferreyra,19,M,Mendoza,Tunuyán,2023-08-02
611,Sara,Ledesma,29,M,Río Negro,Villa Regina,2022-07-27
612,Guadalupe,Nuñez,62,M,Tierra del Fuego,Tolhuin,2023-01-01
613,Ignacio,Aguirre,45,F,Buenos Aires,Lanús,2024-09-20
614,Valentino,Pereyra,67,F,Santa Cruz,Puerto Deseado,2023-05-28
615,Tomas,Sanchez,56,F,Catamarca,Santa María,2026-05-26
616,Benicio,Benitez,52,F,Córdoba,Córdoba,2024-12-07
617,Alfonsina,Ramos,33,M,Río Negro,San Carlos de Bariloche,2022-04-25
618,Valentina,Benitez,61,M,San Luis,Villa Mercedes,2023-01-13
619,Ezequiel,Ponce,53,M,Entre Ríos,Gualeguaychú,2026-03-05
620,Victoria,Ponce,50,M,Santa Fe,Venado Tuerto,2023-03-04
621,Josefina,Avila,37,F,Córdoba,Alta Gracia,2022-12-21
622,Simon,Mansilla,47,F,Neuquén,Cutral Co,2024-05-22
623,Delfina,Acosta,29,F,Neuquén,Zapala,2023-09-03
624,Emilia,Torres,40,M,Córdoba,Villa María,2026-02-16
625,Santino,Luna,57,M,Salta,Orán,2025-11-21
626,Agostina,Gonzalez,19,F,Entre Ríos,Concepción del Uruguay,2025-02-16
627,Juan Bautista,Diaz,35,M,Santiago del Estero,Termas de Río Hondo,2022-06-04
628,Camila,Toledo,75,F,Catamarca,Tinogasta,2026-05-07
629,Tomàs,Dominguez,37,M,Neuquén,Neuquén,2023-03-01
630,Valentina ,Nuñez,43,M,Santa Cruz,El Calafate,2024-06-03
631,Gabriel,Gonzalez,55,F,San Luis,Merlo,2023-03-18
632,Antonio,Bustos,71,F,Tierra del Fuego,Ushuaia,2025-05-04
633,Morena Jazmin,Lopez,50,F,Córdoba,Villa María,2025-06-06
634,Simon,Fernandez,65,M,Mendoza,San Rafael,2022-12-31
635,Francisco,Rodriguez,73,F,Río Negro,General Roca,2024-08-05
636,Mateo Valentin,Flores,68,M,Santa Cruz,Puerto Deseado,2025-02-13
637,Alma,Campos,48,M,Santa Cruz,El Calafate,2026-06-28
638,Salvador,Torres,49,F,Catamarca,Santa María,2022-10-18
639,Juan Pablo,Caceres,67,M,Misiones,Oberá,2025-06-03
640,Valentina,Gutierrez,32,F,Neuquén,Plottier,2026-01-18
641,Thiago Agustin,Villalba,21,M,Buenos Aires,Bahía Blanca,2023-07-08
642,Sofia,Perez,27,F,Tierra del Fuego,Ushuaia,2023-07-12
643,Thiago Benjamin,Torres,67,F,Salta,Orán,2025-08-17
644,Lucas Benjamin,Romero,20,F,CABA,CABA,2025-11-02
645,Constanza,Gonzalez,30,M,Entre Ríos,Paraná,2022-07-06
646,Mia,Ramos,26,F,Chaco,Presidencia Roque Sáenz Peña,2026-05-22
647,Julieta,Ortiz,45,F,Chaco,Charata,2022-05-09
648,Alma,Silva,18,M,Buenos Aires,Lanús,2024-01-31
649,Lucas,Godoy,52,M,Chubut,Esquel,2021-10-24
650,Juan Manuel,Gimenez,30,F,Salta,General Güemes,2023-07-01
651,Thiago Joaquin,Perez,20,F,La Pampa,General Pico,2026-07-01
652,Ciro,Rodriguez,24,M,Jujuy,San Salvador de Jujuy,2021-09-16
653,Tiziano,Acosta,69,M,Jujuy,Libertador General San Martín,2023-04-29
654,Benjamin,Gomez,18,M,Neuquén,San Martín de los Andes,2024-05-24
655,Emanuel,Dominguez,43,M,CABA,CABA,2022-09-17
656,Catalina,Soto,69,F,Neuquén,San Martín de los Andes,2026-05-18
657,Pedro,Rivero,20,M,Misiones,Puerto Iguazú,2026-01-15
658,Delfina,Martinez,29,M,Santa Fe,Rosario,2022-07-26
659,Jazmin,Mansilla,58,M,San Luis,La Punta,2023-09-06
660,Ramiro,Muñoz,20,F,Córdoba,San Francisco,2026-03-06
661,Guadalupe,Miranda,49,M,Córdoba,Córdoba,2022-04-23
662,Tiziano Valentin,Diaz,19,F,Tierra del Fuego,Río Grande,2023-07-05
663,Benjamin,Aguirre,29,F,Chubut,Trelew,2025-05-13
664,Emiliano,Pereyra,40,M,San Luis,Juana Koslay,2025-06-12
665,Jeremias,Vazquez,57,M,Río Negro,San Carlos de Bariloche,2022-10-28
666,Mateo,Herrera,27,M,Santiago del Estero,Añatuya,2026-07-01
667,Guadalupe,Vera,27,M,Santa Cruz,Río Gallegos,2022-02-06
668,Florencia,Herrera,23,M,Mendoza,Maipú,2021-08-01
669,Matilda,Dominguez,36,F,Formosa,Pirané,2023-07-26
670,Bautista,Rodriguez,29,F,Corrientes,Curuzú Cuatiá,2026-01-12
671,Josefina,Sanchez,51,F,Chubut,Rawson,2024-11-19
672,Emma,Alvarez,51,M,CABA,CABA,2026-01-18
673,Lisandro,Vega,49,F,Mendoza,Luján de Cuyo,2024-10-06
674,Martín,Lopez,50,F,Formosa,El Colorado,2024-11-28
675,Joaquin,Acosta,55,F,Chubut,Esquel,2022-09-09
676,Martina,Alvarez,75,F,Catamarca,San Fernando del Valle de Catamarca,2025-08-11
677,Agustín,Gomez,27,F,Entre Ríos,Paraná,2023-09-19
678,Delfina,Romero,41,F,Jujuy,Libertador General San Martín,2024-11-23
679,Juan Ignacio,Castro,18,M,Jujuy,Palpalá,2022-09-09
680,Santino Nicolas,Lopez,73,M,Río Negro,Villa Regina,2025-09-24
681,Valentino,Rojas,34,M,Santa Cruz,Caleta Olivia,2026-04-04
682,Clara,Gonzalez,48,F,San Luis,Villa Mercedes,2025-08-10
683,Sebastian,Farias,44,F,Chubut,Comodoro Rivadavia,2025-09-22
684,Thiago Benjamin,Hernandez,40,M,La Rioja,La Rioja,2023-01-08
685,Joaquin,Castillo,55,M,San Luis,La Punta,2024-10-20
686,Emilia,Gonzalez,34,F,Río Negro,Villa Regina,2023-10-08
687,Thiago Nahuel,Gomez,74,F,Jujuy,Palpalá,2022-06-14
688,Julia,Leiva,24,M,Tucumán,San Miguel de Tucumán,2023-01-10
689,Lucas,Gomez,35,M,La Pampa,Eduardo Castex,2025-11-30
690,Catalina,Avila,35,F,CABA,CABA,2025-06-21
691,Joaquin,Vega,64,M,Tucumán,Monteros,2025-03-19
692,Facundo,Gutierrez,73,M,Santiago del Estero,Santiago del Estero,2023-03-07
693,Augusto,Cabrera,74,M,Entre Ríos,Concordia,2023-07-13
694,Francisco,Medina,63,F,Santiago del Estero,La Banda,2026-02-16
695,Constanza,Sanchez,63,F,Chaco,Charata,2023-11-12
696,Julian,Rodriguez,56,M,Neuquén,Neuquén,2022-03-13
697,Santino Agustin,Mansilla,55,M,La Rioja,La Rioja,2024-08-16
698,Julia,Gomez,67,F,Córdoba,Río Cuarto,2021-12-23
699,Felipe,Sanchez,23,M,Entre Ríos,Gualeguaychú,2022-07-03
700,Giovanni,Chavez,51,M,Tierra del Fuego,Río Grande,2025-10-22
701,Malena,Ruiz,70,M,Río Negro,Viedma,2024-01-18
702,Agustin,Rios,41,M,Salta,Salta,2024-03-23
703,Santino,Moreno,28,M,Santiago del Estero,Santiago del Estero,2022-02-21
704,Valentino,Godoy,18,M,Tierra del Fuego,Río Grande,2023-11-12
705,Felicitas,Flores,22,M,Catamarca,San Fernando del Valle de Catamarca,2024-12-11
706,Mateo Valentin,Martinez,23,M,Neuquén,Plottier,2022-08-26
707,Sofía,Ramirez,27,F,Corrientes,Curuzú Cuatiá,2024-08-18
708,Sol,Muñoz,72,M,Tucumán,Concepción,2023-11-10
709,Thiago Benjamin,Gomez,52,M,San Luis,Villa Mercedes,2025-03-24
710,Felipe,Aguirre,60,F,La Pampa,Eduardo Castex,2021-10-06
711,Santino Agustin,Aguirre,46,M,Misiones,Apóstoles,2026-01-13
712,Emma,Gomez,21,F,CABA,CABA,2023-12-10
713,Juan Cruz,Nuñez,36,F,Córdoba,Villa María,2021-08-03
714,Juan Bautista,Suarez,49,F,Córdoba,San Francisco,2026-02-07
715,Thiago Gabriel,Martinez,21,M,Tucumán,Tafí Viejo,2021-12-16
716,Thiago Nicolas,Vazquez,62,F,Tucumán,San Miguel de Tucumán,2025-03-10
717,Guadalupe,Rodriguez,26,M,La Rioja,Aimogasta,2026-01-24
718,Maximo,Rodriguez,51,M,La Pampa,Eduardo Castex,2023-09-20
719,Agostina,Cordoba,63,F,Catamarca,Santa María,2024-09-25
720,Lautaro,Bustos,40,M,Neuquén,San Martín de los Andes,2023-02-26
721,Juan Gabriel,Torres,40,F,Chaco,Resistencia,2021-11-27
722,Santino Nicolas,Muñoz,18,M,Catamarca,San Fernando del Valle de Catamarca,2023-05-26
723,Thiago Ezequiel,Gomez,22,F,Río Negro,Viedma,2023-12-18
724,Guillermina,Perez,69,M,Tucumán,San Miguel de Tucumán,2026-02-18
725,Thiago,Garcia,39,M,Formosa,El Colorado,2022-07-04
726,Sara,Ramirez,63,F,San Juan,Pocito,2026-03-10
727,Tiziana,Diaz,52,M,Buenos Aires,Lanús,2022-02-11
728,Salvador,Flores,35,M,Corrientes,Corrientes,2024-08-06
729,Matias,Gonzalez,39,M,Chubut,Rawson,2026-07-02
730,Mateo,Figueroa,19,F,Mendoza,Godoy Cruz,2025-10-09
731,Luana,Vargas,40,M,Catamarca,Belén,2023-11-09
732,Santino,Molina,65,M,Santa Cruz,Pico Truncado,2026-03-01
733,Ema,Torres,25,M,Misiones,Posadas,2022-12-19
734,Juan Bautista,Garcia,42,M,Chubut,Rawson,2024-11-07
735,Julieta,Flores,52,F,Salta,Salta,2022-10-23
736,Ian Ezequiel,Gonzalez,19,F,Jujuy,Perico,2025-07-18
737,Valentina,Ledesma,23,M,Misiones,Eldorado,2022-05-12
738,Ramiro,Arias,74,F,Mendoza,Godoy Cruz,2025-07-06
739,Olivia,Rodriguez,52,F,Río Negro,Villa Regina,2026-06-07
740,Maite,Silva,61,M,Chaco,Resistencia,2025-09-04
741,Paloma,Bravo,61,F,Jujuy,Perico,2025-03-01
742,Benjamin,Soria,60,M,Neuquén,Zapala,2025-10-07
743,Joaquin,Benitez,39,M,Mendoza,San Rafael,2023-08-09
744,Juana,Ledesma,73,F,Córdoba,San Francisco,2023-05-04
745,Martina,Lucero,28,F,Santa Cruz,Puerto Deseado,2022-01-24
746,Josefina,Ramirez,73,F,Buenos Aires,Mar del Plata,2026-04-17
747,Gonzalo,Figueroa,38,M,Mendoza,Godoy Cruz,2022-01-01
748,Francesca,Cardozo,32,F,Chaco,Resistencia,2023-10-03
749,Tiziano Valentin,Escobar,47,M,San Luis,Juana Koslay,2023-10-29
750,Isabella,Perez,64,F,CABA,CABA,2023-05-20
751,Martin,Medina,49,F,Entre Ríos,Victoria,2024-01-22
752,Santiago,Garcia,44,M,Chaco,Charata,2024-11-23
753,Santiago,Vera,62,M,Tierra del Fuego,Río Grande,2024-10-29
754,Lola,Garcia,48,F,Neuquén,Cutral Co,2023-08-17
755,Thiago Benjamin,Figueroa,71,F,CABA,CABA,2025-07-07
756,Catalina,Alvarez,35,M,Córdoba,San Francisco,2023-11-01
757,Luana,Chavez,28,F,Mendoza,Godoy Cruz,2022-02-12
758,Joaquin,Moyano,66,M,Santa Cruz,Río Gallegos,2024-05-23
759,Isabella,Gutierrez,48,M,Córdoba,Villa María,2025-11-25
760,Tomàs,Benitez,49,M,Santiago del Estero,Frías,2023-12-08
761,Kiara,Sosa,25,M,Chubut,Esquel,2025-10-08
762,Victoria,Molina,18,F,Mendoza,Mendoza,2025-04-21
763,Tiziano,Ruiz,66,F,Santa Fe,Reconquista,2024-02-09
764,Julian,Vazquez,74,F,Formosa,Clorinda,2022-12-18
765,Lautaro,Ferreyra,50,F,Río Negro,Viedma,2023-03-17
766,Juana,Garcia,45,M,Santa Cruz,Puerto Deseado,2022-02-03
767,Thiago Benjamin,Peralta,57,F,CABA,CABA,2023-01-15
768,Tomàs,Rodriguez,50,M,Tucumán,San Miguel de Tucumán,2023-05-11
769,Juan,Morales,63,F,Entre Ríos,Paraná,2021-11-05
770,Thiago Benjamin,Gonzalez,39,M,Tucumán,Yerba Buena,2026-05-30
771,Agustín,Bustos,73,M,Buenos Aires,La Plata,2024-01-14
772,Bautista,Gonzalez,33,M,Neuquén,San Martín de los Andes,2022-02-07
773,Valentin,Cabrera,47,F,San Juan,Pocito,2022-03-22
774,Lorenzo,Barrios,56,F,Corrientes,Curuzú Cuatiá,2025-04-09
775,Mora,Morales,72,M,Salta,Metán,2022-01-28
776,Alejo,Torres,24,M,Misiones,Puerto Iguazú,2023-12-06
777,Ciro,Avila,51,F,Catamarca,Santa María,2024-04-18
778,Bautista,Pereyra,57,F,Misiones,Puerto Iguazú,2025-11-19
779,Francesca,Vargas,31,F,Tierra del Fuego,Río Grande,2025-04-15
780,Luna,Silva,26,F,Corrientes,Goya,2023-08-24
781,Thiago Nicolas,Sanchez,57,M,Entre Ríos,Paraná,2023-02-14
782,Tomas,Guzman,39,M,Catamarca,San Fernando del Valle de Catamarca,2022-12-06
783,Julian,Pereyra,38,M,Mendoza,Maipú,2023-12-04
784,Martina,Sosa,23,M,Río Negro,Cipolletti,2025-11-29
785,Juan Cruz,Godoy,65,M,Misiones,Eldorado,2022-04-12
786,Julian,Ramirez,49,F,San Juan,Jáchal,2023-01-29
787,Sofia,Cruz,53,F,Entre Ríos,Concordia,2025-07-21
788,Milagros,Ruiz,44,M,San Juan,San Juan,2024-02-04
789,Simon,Ledesma,37,M,Santiago del Estero,La Banda,2024-06-06
790,Gael,Ortiz,43,M,Tucumán,Yerba Buena,2021-08-26
791,Juan Gabriel,Figueroa,41,F,Tierra del Fuego,Río Grande,2025-08-31
792,Zoe Valentina,Chavez,43,M,Santa Cruz,Caleta Olivia,2025-01-08
793,Pilar,Soto,62,F,Buenos Aires,Necochea,2022-05-21
794,Octavio,Aguirre,58,M,Santiago del Estero,Santiago del Estero,2022-07-08
795,Olivia,Vera,36,F,Salta,Tartagal,2025-03-28
796,Antonella,Peralta,19,M,Catamarca,Andalgalá,2024-04-24
797,Benjamin,Lopez,26,F,Buenos Aires,Zárate,2024-05-04
798,Francisco,Guzman,55,F,Santa Fe,Santa Fe,2024-10-22
799,Sofia,Aguero,34,F,Chubut,Trelew,2024-02-08
800,Valentina,Avila,26,F,Misiones,Apóstoles,2022-08-03
801,Nahuel,Torres,59,F,La Rioja,Chamical,2025-01-24
802,Luna,Castillo,65,F,Chaco,Resistencia,2023-01-23
803,Sofia,Gomez,42,F,Tierra del Fuego,Tolhuin,2022-01-22
804,Lucas,Figueroa,42,M,Catamarca,San Fernando del Valle de Catamarca,2023-02-02
805,Bautista,Garcia,47,M,CABA,CABA,2025-09-04
806,Maia,Blanco,62,F,Tucumán,Monteros,2022-08-03
807,Thiago Lionel,Correa,27,M,Neuquén,San Martín de los Andes,2023-05-16
808,Bastian,Cabrera,49,F,Córdoba,Alta Gracia,2024-03-31
809,Santiago,Rios,34,F,Santiago del Estero,Añatuya,2025-04-19
810,Uma,Moreno,43,F,Neuquén,Plottier,2022-07-28
811,Ciro Benjamin,Garcia,30,M,Santiago del Estero,Santiago del Estero,2022-11-22
812,Zoe Valentina,Benitez,72,F,Santa Fe,Esperanza,2026-04-06
813,Luisina,Diaz,68,M,La Rioja,Chamical,2023-01-21
814,Juan Ignacio,Vega,26,M,La Rioja,Aimogasta,2025-04-14
815,Santino,Vega,36,M,Misiones,Posadas,2024-01-17
816,Lautaro Gabriel,Sanchez,54,M,Córdoba,San Francisco,2024-06-21
817,Luca,Diaz,72,F,Formosa,Clorinda,2022-11-19
818,Juliana,Acosta,50,M,Mendoza,Luján de Cuyo,2024-11-18
819,Mateo,Cardozo,59,M,Mendoza,Mendoza,2025-04-15
820,Victoria,Romero,36,F,Santiago del Estero,Termas de Río Hondo,2023-03-12
821,Emma,Castro,64,M,Jujuy,Libertador General San Martín,2023-01-13
822,Thiago Joaquin,Martinez,33,F,Chaco,Resistencia,2022-04-25
823,Manuel,Acosta,29,F,Buenos Aires,Necochea,2022-09-16
824,Santiago,Fernandez,23,F,Santa Fe,Esperanza,2024-12-03
825,Agustina,Mansilla,62,M,Río Negro,Villa Regina,2025-12-04
826,Santiago,Rojas,18,M,Tucumán,Concepción,2025-10-21
827,Juan Bautista,Cordoba,36,F,Santiago del Estero,Termas de Río Hondo,2021-10-30
828,Mateo,Gonzalez,68,F,CABA,CABA,2025-09-01
829,Benjamin,Perez,74,F,Entre Ríos,Paraná,2023-01-22
830,Genaro,Sosa,37,M,Formosa,Clorinda,2024-11-19
831,Ciro,Gomez,75,M,Río Negro,General Roca,2024-08-04
832,Luisina,Moreno,55,M,CABA,CABA,2025-05-09
833,Juana,Gomez,46,M,Catamarca,San Fernando del Valle de Catamarca,2025-08-05
834,Juan Pablo,Fernandez,42,M,Chaco,Charata,2021-10-24
835,Juan Cruz,Perez,55,F,Tucumán,Monteros,2025-11-30
836,Lucia,Rios,64,F,Chubut,Trelew,2026-02-25
837,Bautista,Sanchez,62,F,Salta,Metán,2024-10-11
838,Delfina,Rodriguez,52,F,La Rioja,Chilecito,2022-04-07
839,Ana Paula,Gonzalez,31,F,Entre Ríos,Concordia,2023-05-14
840,Catalina,Silva,43,F,La Pampa,Santa Rosa,2025-05-22
841,Maite,Garcia,74,M,Santiago del Estero,La Banda,2025-11-01
842,Francisco,Benitez,35,F,Jujuy,Humahuaca,2026-01-13
843,Nicolas,Escobar,74,M,San Juan,Rawson,2022-05-01
844,Mateo,Acuña,20,M,CABA,CABA,2022-07-27
845,Guadalupe,Molina,31,F,Neuquén,Cutral Co,2021-10-26
846,Valentino,Juarez,49,M,Santiago del Estero,La Banda,2024-02-09
847,Manuel,Garcia,44,F,Formosa,Las Lomitas,2022-07-14
848,Catalina,Morales,73,M,Tierra del Fuego,Tolhuin,2022-05-12
849,Lautaro,Dominguez,59,F,Córdoba,Alta Gracia,2022-11-11
850,Santino,Fernandez,53,F,Santa Cruz,Puerto Deseado,2021-10-31
851,Valentin,Fernandez,61,F,Misiones,Puerto Iguazú,2024-06-08
852,Jazmin,Muñoz,53,F,Córdoba,Río Cuarto,2023-07-30
853,Ciro Benjamin,Gonzalez,71,M,Formosa,Formosa,2021-09-02
854,Juan Bautista,Ruiz,72,M,La Pampa,Eduardo Castex,2026-05-11
855,Maximo,Fernandez,69,F,Corrientes,Curuzú Cuatiá,2022-08-03
856,Olivia,Roldan,67,F,Misiones,Eldorado,2023-09-15
857,Guillermina,Mendoza,40,F,Chubut,Puerto Madryn,2022-11-04
858,Camila,Aguirre,61,F,Neuquén,San Martín de los Andes,2023-11-09
859,Pilar,Cordoba,71,M,CABA,CABA,2023-12-24
860,Mia,Rivero,40,M,Santa Cruz,Río Gallegos,2022-08-05
861,Benicio,Aguirre,62,F,Catamarca,San Fernando del Valle de Catamarca,2023-11-06
862,Benjamin Alejandro,Fernandez,60,M,Corrientes,Goya,2023-12-21
863,Bautista,Carrizo,73,M,Catamarca,Andalgalá,2024-07-24
864,Tomàs,Garcia,28,F,Formosa,Pirané,2024-11-30
865,Emma,Maldonado,21,F,Santiago del Estero,La Banda,2025-12-18
866,Mia Jazmin,Bravo,65,M,Tucumán,Monteros,2024-11-25
867,Lara,Cruz,19,F,Catamarca,Andalgalá,2024-07-27
868,Joaquin,Sanchez,19,F,San Juan,Pocito,2024-07-04
869,Isabella,Diaz,21,F,La Rioja,Chepes,2026-06-01
870,Ignacio,Gomez,52,F,La Pampa,Realicó,2025-01-25
871,Pedro,Gonzalez,34,M,Neuquén,Neuquén,2026-06-29
872,Lucía,Maldonado,20,M,CABA,CABA,2025-01-29
873,Lautaro,Moreno,65,F,Salta,Orán,2024-10-22
874,Sofía,Martinez,41,M,La Rioja,La Rioja,2023-06-27
875,Juan Ignacio,Miranda,19,F,Río Negro,San Carlos de Bariloche,2025-12-02
876,Thiago,Cabrera,55,M,Formosa,El Colorado,2024-10-28
877,Isabella,Martinez,39,M,Chubut,Puerto Madryn,2025-03-30
878,Ian Ezequiel,Lopez,53,F,Catamarca,Andalgalá,2022-01-09
879,Lola,Alvarez,60,F,Chaco,Barranqueras,2024-05-06
880,Julia,Flores,53,F,Jujuy,Libertador General San Martín,2023-08-19
881,Emma,Vargas,67,F,CABA,CABA,2022-09-01
882,Gino,Maldonado,43,F,Santa Cruz,El Calafate,2022-12-25
883,Salvador,Fernandez,28,F,Córdoba,Córdoba,2025-05-13
884,Camilo,Rios,65,M,Neuquén,Zapala,2022-02-18
885,Julieta,Barrios,26,M,Santa Cruz,Pico Truncado,2021-09-11
886,Ezequiel,Ferreyra,57,F,Santiago del Estero,Añatuya,2026-07-05
887,Thiago,Gonzalez,47,M,San Juan,Caucete,2023-11-17
888,Sofia,Moreno,39,F,Formosa,El Colorado,2024-12-18
889,Zoe,Rodriguez,37,F,Santa Cruz,El Calafate,2022-05-15
890,Thiago,Navarro,46,F,Misiones,Apóstoles,2026-02-05
891,Pilar,Sosa,19,M,Río Negro,General Roca,2023-06-28
892,Sofía,Acuña,26,M,Santiago del Estero,Añatuya,2025-01-04
893,Valentino,Moreno,18,M,La Rioja,Chamical,2023-10-06
894,Sofía,Lopez,60,F,Catamarca,Belén,2024-01-22
895,Agustin,Blanco,47,F,Chaco,Charata,2022-09-23
896,Mateo,Molina,30,F,Córdoba,San Francisco,2025-11-20
897,Pedro,Vega,27,F,Tierra del Fuego,Río Grande,2026-02-14
898,Lucas,Fernandez,63,F,Misiones,Posadas,2024-05-04
899,Sara,Ferreyra,71,F,Entre Ríos,Concepción del Uruguay,2025-12-29
900,Isabella,Ponce,63,F,San Juan,San Juan,2022-11-02
901,Joaquin,Castillo,65,M,Jujuy,Palpalá,2022-04-16
902,Juan Manuel,Flores,53,F,San Luis,Villa Mercedes,2023-05-16
903,Giovanni,Diaz,54,M,Jujuy,Perico,2024-05-07
904,Martina,Herrera,32,M,Chaco,Charata,2026-04-16
905,Renata,Maldonado,19,M,San Juan,Caucete,2025-03-09
906,Valentin,Mendoza,54,F,Santa Fe,Rafaela,2022-03-31
907,Thiago Benjamin,Ayala,32,F,Corrientes,Corrientes,2024-12-12
908,Thiago Agustin,Rojas,22,M,CABA,CABA,2023-06-01
909,Maria Victoria,Gomez,57,M,Río Negro,Villa Regina,2022-01-21
910,Benjamin Ezequiel,Rios,22,F,Tucumán,Concepción,2022-05-23
911,Josefina,Luna,67,F,Chubut,Comodoro Rivadavia,2022-04-24
912,Emilia,Ortiz,27,M,Salta,Salta,2023-10-26
913,Benjamin,Romero,47,M,Catamarca,San Fernando del Valle de Catamarca,2022-05-08
914,Tomàs,Luna,23,F,Córdoba,Córdoba,2026-04-26
915,Benicio,Benitez,50,M,Corrientes,Corrientes,2025-04-18
916,Joaquin,Paz,42,F,La Pampa,General Pico,2025-11-23
917,Ignacio,Ramos,49,F,Salta,General Güemes,2025-05-21
918,Santiago,Sosa,49,M,Salta,Metán,2023-06-06
919,Luisina,Ruiz,63,M,Mendoza,Luján de Cuyo,2021-12-25
920,Clara,Martinez,56,F,CABA,CABA,2021-07-27
921,Luciana,Martinez,57,M,Misiones,Puerto Iguazú,2025-07-23
922,Santiago Nicolas,Luna,27,M,Córdoba,San Francisco,2024-12-24
923,Gael,Garcia,28,M,Santa Fe,Rafaela,2024-01-20
924,Francisco,Juarez,47,M,Salta,Metán,2024-05-04
925,Sofia,Peralta,27,M,Santa Cruz,Caleta Olivia,2021-11-06
926,Isabella,Sanchez,24,F,Misiones,Posadas,2024-07-09
927,Isabella,Aguirre,65,M,Tucumán,Yerba Buena,2022-11-03
928,Delfina,Mendez,57,F,Santa Cruz,El Calafate,2025-10-18
929,Josefina,Gutierrez,49,M,La Pampa,General Pico,2025-05-22
930,Maria Paz,Quiroga,75,M,Santa Fe,Rafaela,2023-02-23
931,Guadalupe,Lucero,66,F,La Pampa,Toay,2024-06-08
932,Catalina,Aguirre,29,M,CABA,CABA,2023-10-22
933,Agustin,Miranda,30,F,Santa Fe,Esperanza,2026-01-28
934,Valentina,Ledesma,31,F,Salta,Orán,2022-04-25
935,Juana,Rodriguez,24,F,Santa Fe,Santa Fe,2025-09-02
936,Santino Benjamin,Leiva,28,M,Chaco,Charata,2026-05-16
937,Julian,Roldan,59,F,Buenos Aires,Bahía Blanca,2025-09-08
938,Thiago Emanuel,Gimenez,51,F,Tucumán,San Miguel de Tucumán,2022-07-30
939,Benicio,Perez,18,F,Chubut,Comodoro Rivadavia,2024-05-23
940,Agostina,Duarte,70,M,Buenos Aires,Bahía Blanca,2024-10-11
941,Sofia,Maidana,60,F,La Pampa,Santa Rosa,2024-07-20
942,Martina,Bravo,32,M,Santiago del Estero,Termas de Río Hondo,2026-07-02
943,Augusto,Molina,67,F,San Juan,Jáchal,2022-10-12
944,Emma,Suarez,64,M,La Rioja,Chilecito,2024-09-13
945,Milo,Gonzalez,64,F,Buenos Aires,Morón,2023-12-25
946,Thiago Nicolas,Moyano,63,M,Tierra del Fuego,Tolhuin,2023-12-14
947,Maria Victoria,Rodriguez,53,M,Salta,Orán,2025-08-01
948,Juan Cruz,Gonzalez,56,M,La Rioja,Chamical,2022-12-20
949,Santiago,Fernandez,23,F,Buenos Aires,Lanús,2022-07-01
950,Mia,Rojas,35,F,Entre Ríos,Concordia,2022-11-24
951,Felipe,Medina,49,M,CABA,CABA,2022-10-28
952,Helena,Flores,75,M,CABA,CABA,2021-08-23
953,Julieta,Sanchez,52,F,Río Negro,General Roca,2021-10-02
954,Zoe Jazmin,Garcia,50,M,Corrientes,Mercedes,2023-01-10
955,Dante,Lopez,40,M,Corrientes,Curuzú Cuatiá,2021-09-09
956,Manuel,Romero,68,F,Buenos Aires,Avellaneda,2021-08-30
957,Martina,Alvarez,63,M,San Juan,Jáchal,2025-01-26
958,Juan Manuel,Maidana,39,M,Mendoza,Tunuyán,2022-08-21
959,Juan Martin,Rodriguez,63,M,Chaco,Charata,2025-03-11
960,Violeta,Martinez,53,M,Santa Fe,Esperanza,2026-03-15
961,Thiago Leonel,Leiva,33,F,Neuquén,Neuquén,2026-02-09
962,Nahiara Jazmin,Aguero,61,M,Tierra del Fuego,Río Grande,2023-07-04
963,Isabella,Soria,26,M,Neuquén,Plottier,2026-01-01
964,Bianca,Benitez,31,M,Catamarca,San Fernando del Valle de Catamarca,2025-08-06
965,Alejo,Martinez,44,M,Tucumán,Yerba Buena,2023-05-26
966,Isabella,Lopez,23,F,Salta,Tartagal,2025-12-01
967,Josefina,Alvarez,72,F,Catamarca,Belén,2025-09-14
968,Malena,Diaz,30,M,Mendoza,Tunuyán,2026-04-09
969,Augusto,Garcia,75,F,Tucumán,San Miguel de Tucumán,2024-09-19
970,Francisco,Guzman,32,M,Tierra del Fuego,Tolhuin,2023-10-13
971,Mateo,Diaz,61,F,Misiones,Puerto Iguazú,2022-04-24
972,Nahuel,Barrios,71,M,Río Negro,Villa Regina,2024-12-14
973,Lara,Rodriguez,22,M,Jujuy,Palpalá,2021-12-19
974,Lautaro,Chavez,68,M,Neuquén,San Martín de los Andes,2023-01-30
975,Lucas,Alvarez,49,F,La Rioja,Chepes,2023-08-26
976,Antonella,Toledo,38,F,Salta,General Güemes,2021-07-29
977,Martin,Vera,34,M,Salta,General Güemes,2026-06-16
978,Juan Martin,Alvarez,27,M,La Rioja,Chilecito,2025-02-24
979,Simon,Alvarez,27,F,Río Negro,Viedma,2025-01-15
980,Bautista,Gonzalez,52,F,Córdoba,Río Cuarto,2021-10-17
981,Joaquín,Fernandez,71,M,Chubut,Comodoro Rivadavia,2022-08-13
982,Benjamin,Alvarez,42,M,Formosa,Las Lomitas,2026-05-05
983,Dante,Gonzalez,37,M,Salta,Metán,2023-05-20
984,Mateo,Gomez,66,F,San Juan,San Juan,2023-08-10
985,Juan Bautista,Luna,54,F,Catamarca,Andalgalá,2021-08-25
986,Juan Pablo,Diaz,66,F,Catamarca,Tinogasta,2026-03-28
987,Valentin,Herrera,39,F,La Pampa,General Pico,2023-10-03
988,Candela,Blanco,45,F,Santa Fe,Reconquista,2021-12-18
989,Renata,Ruiz,52,F,Chaco,Barranqueras,2025-08-12
990,Isabella,Fernandez,32,M,Córdoba,Villa María,2024-10-04
991,Bautista,Cardozo,51,M,Córdoba,Villa María,2026-07-20
992,Felipe,Romero,46,M,Catamarca,San Fernando del Valle de Catamarca,2022-11-12
993,Nina,Aguirre,31,F,Catamarca,Tinogasta,2022-07-27
994,Joaquin,Diaz,28,M,San Juan,Rawson,2023-06-25
995,Alma,Morales,23,F,Santa Fe,Rafaela,2022-01-27
996,Martina,Cruz,63,M,CABA,CABA,2023-08-09
997,Joaquin,Gimenez,70,F,Santiago del Estero,Añatuya,2026-03-09
998,Morena Jazmin,Perez,65,F,CABA,CABA,2025-02-07
999,Bianca,Gutierrez,55,F,Jujuy,Perico,2023-09-13
1000,Pilar,Benitez,28,M,Tucumán,Tafí Viejo,2025-05-06
1001,Lautaro Benjamin,Olivera,43,M,Misiones,Eldorado,2024-01-16
1002,Santino,Gomez,25,F,Corrientes,Paso de los Libres,2024-09-21
1003,Amparo,Luna,59,M,Chubut,Rawson,2022-03-12
1004,Juan Cruz,Rodriguez,75,F,La Pampa,Realicó,2024-06-23
1005,Martina,Ortiz,18,M,Formosa,Formosa,2024-05-13
1006,Julieta,Lopez,24,F,Buenos Aires,Pergamino,2023-01-18
1007,Felipe,Moyano,56,F,Jujuy,San Salvador de Jujuy,2022-06-27
1008,Lautaro Benjamin,Navarro,25,F,Jujuy,Palpalá,2025-12-17
1009,Martina,Flores,27,F,Salta,General Güemes,2024-08-12
1010,Delfina,Perez,34,F,Neuquén,Neuquén,2025-09-09
1011,Isabella,Gonzalez,44,M,Chaco,Villa Ángela,2022-09-16
1012,Alma Mia,Avila,37,M,Santiago del Estero,Añatuya,2024-12-17
1013,Bianca,Ruiz,19,M,Neuquén,Zapala,2021-09-18
1014,Abigail,Vera,31,M,Entre Ríos,Concepción del Uruguay,2022-03-14
1015,Santino,Quiroga,66,F,CABA,CABA,2026-06-02
1016,Santino Gabriel,Diaz,26,M,La Rioja,Chepes,2023-02-28
1017,Juan Martin,Sosa,53,M,Chaco,Barranqueras,2025-09-23
1018,Valentina,Fernandez,28,F,Mendoza,Mendoza,2026-04-19
1019,Justina,Perez,27,F,Tucumán,Concepción,2026-05-28
1020,Nicolas,Romero,51,M,CABA,CABA,2023-10-08
1021,Martin,Gonzalez,43,F,San Luis,San Luis,2023-12-17
1022,Paulina,Vega,46,F,Santa Cruz,Caleta Olivia,2021-09-13
1023,Gonzalo,Romero,31,F,Santiago del Estero,Frías,2022-10-16
1024,Julia,Diaz,29,M,Buenos Aires,Tandil,2024-01-30
1025,Emma,Hernandez,52,M,Santiago del Estero,Añatuya,2025-03-15
1026,Genaro,Rodriguez,50,M,Santa Fe,Venado Tuerto,2025-08-03
1027,Benjamin,Rojas,49,F,Chubut,Trelew,2022-11-09
1028,Santiago,Rojas,56,F,Salta,Salta,2021-12-06
1029,Bruno,Roldan,32,M,Mendoza,Mendoza,2022-11-12
1030,Alfonsina,Martinez,71,M,La Rioja,La Rioja,2024-04-20
1031,Felicitas,Gonzalez,52,F,Neuquén,Cutral Co,2025-03-06
1032,Julian,Perez,29,M,Córdoba,San Francisco,2025-05-23
1033,Valentino,Flores,53,F,Jujuy,Humahuaca,2025-04-04
1034,Delfina,Fernandez,74,F,Jujuy,Palpalá,2024-05-05
1035,Juan Cruz,Coronel,44,F,CABA,CABA,2023-12-23
1036,Emilia,Chavez,72,M,La Pampa,Realicó,2022-02-16
1037,Federico,Cordoba,48,M,Chubut,Comodoro Rivadavia,2022-07-09
1038,Bruno,Rios,35,M,Corrientes,Mercedes,2025-03-29
1039,Salvador,Navarro,36,M,Chubut,Puerto Madryn,2022-02-17
1040,Alma Valentina,Campos,55,M,San Luis,La Punta,2023-06-05
1041,Sofia,Pereyra,38,F,La Pampa,Santa Rosa,2023-07-23
1042,Santiago,Castro,64,F,Chaco,Charata,2022-01-06
1043,Emilia,Lopez,62,F,Tucumán,San Miguel de Tucumán,2023-06-08
1044,Candela,Herrera,49,M,Misiones,Puerto Iguazú,2024-03-07
1045,Valentino,Caceres,62,M,La Pampa,Realicó,2022-07-15
1046,Sofia,Gonzalez,63,M,Tierra del Fuego,Tolhuin,2022-08-14
1047,Isabella,Gomez,50,F,CABA,CABA,2024-12-02
1048,Agustina,Escobar,21,M,Santiago del Estero,Frías,2021-12-02
1049,Lola,Farias,42,F,Catamarca,Santa María,2022-06-06
1050,Matias,Pereyra,26,F,Buenos Aires,Lanús,2023-07-04
1051,Morena,Dominguez,46,M,Río Negro,San Carlos de Bariloche,2025-12-23
1052,Alma,Diaz,26,M,CABA,CABA,2025-12-15
1053,Francisco,Maidana,27,F,Jujuy,Libertador General San Martín,2022-06-01
1054,Isabella,Nuñez,63,F,Jujuy,Palpalá,2023-04-13
1055,Bautista,Perez,49,F,La Rioja,Chilecito,2023-08-14
1056,Isabella,Arias,65,F,Corrientes,Goya,2021-10-07
1057,Thiago Benjamin,Rivero,68,F,Corrientes,Paso de los Libres,2024-06-02
1058,Lucía,Gomez,36,M,Tierra del Fuego,Tolhuin,2025-03-04
1059,Bruno,Martinez,21,F,CABA,CABA,2022-06-16
1060,Maximo,Torres,42,M,Jujuy,San Salvador de Jujuy,2022-12-28
1061,Benjamin,Luna,64,F,Neuquén,Neuquén,2023-06-22
1062,Simon,Chavez,58,F,Santiago del Estero,La Banda,2023-04-03
1063,Maria Paz,Sanchez,71,M,Misiones,Eldorado,2022-12-25
1064,Nicolas,Perez,41,F,Mendoza,Mendoza,2024-12-03
1065,Francisco,Diaz,40,M,Formosa,Pirané,2025-05-22
1066,Manuel,Godoy,72,F,Formosa,El Colorado,2023-02-10
1067,Juana,Rodriguez,60,F,Salta,Metán,2022-04-22
1068,Antonio,Torres,21,M,Tierra del Fuego,Río Grande,2022-11-04
1069,Isabella,Moyano,39,M,Catamarca,Tinogasta,2024-02-18
1070,Catalina,Aguirre,40,M,Córdoba,Río Cuarto,2026-05-27
1071,Violeta,Juarez,27,M,Mendoza,Luján de Cuyo,2026-02-07
1072,Mia Valentina,Avila,35,F,Mendoza,Godoy Cruz,2025-08-04
1073,Ciro,Nuñez,32,M,Mendoza,Maipú,2022-09-26
1074,Camila,Coronel,62,M,Santa Fe,Rafaela,2022-06-17
1075,Juan Cruz,Sosa,53,M,San Luis,La Punta,2023-08-13
1076,Facundo,Duarte,69,M,Chubut,Esquel,2024-02-20
1077,Renata,Bravo,54,M,Tierra del Fuego,Tolhuin,2025-08-21
1078,Juana,Benitez,28,M,Entre Ríos,Gualeguaychú,2024-06-08
1079,Nina,Flores,59,M,Tucumán,Monteros,2023-04-18
1080,Victoria,Velazquez,24,M,Santa Cruz,El Calafate,2023-09-30
1081,Olivia,Ayala,51,F,Mendoza,Godoy Cruz,2024-06-08
1082,Catalina,Ramirez,63,M,Córdoba,Río Cuarto,2023-01-01
1083,Ana Paula,Pereyra,18,M,Chubut,Comodoro Rivadavia,2023-06-10
1084,Mateo Benjamin,Romero,22,M,CABA,CABA,2022-02-28
1085,Martina,Juarez,71,M,Tucumán,Yerba Buena,2026-06-21
1086,Martina,Avila,56,M,CABA,CABA,2025-03-21
1087,Paula,Sanchez,52,M,San Juan,San Juan,2025-01-12
1088,Agustina,Ferreyra,33,M,Formosa,Formosa,2024-01-03
1089,Felipe,Cabrera,75,F,Tucumán,Concepción,2023-07-05
1090,Valentino,Luna,69,M,Santa Cruz,El Calafate,2025-11-15
1091,Tomàs,Diaz,28,M,Corrientes,Mercedes,2022-07-08
1092,Angelina,Gomez,67,M,Neuquén,San Martín de los Andes,2022-11-22
1093,Thiago,Ojeda,34,M,Entre Ríos,Concepción del Uruguay,2025-09-21
1094,Morena,Fernandez,28,F,San Juan,Pocito,2025-01-28
1095,Valentin,Avila,27,F,Santa Cruz,Pico Truncado,2026-01-29
1096,Santino Benjamin,Navarro,37,M,Chaco,Charata,2023-07-06
1097,Felipe,Torres,40,F,Tucumán,San Miguel de Tucumán,2023-12-24
1098,Lautaro Benjamin,Benitez,66,M,Neuquén,Neuquén,2025-05-15
1099,Bianca,Perez,67,F,Tierra del Fuego,Ushuaia,2023-01-26
1100,Felipe,Lopez,52,M,Santiago del Estero,Añatuya,2022-12-20
1101,Valentino,Rodriguez,21,M,Entre Ríos,Concepción del Uruguay,2022-06-07
1102,Thiago Emanuel,Suarez,71,M,Tierra del Fuego,Ushuaia,2022-03-18
1103,Amparo,Gomez,24,M,Tierra del Fuego,Ushuaia,2022-04-01
1104,Alma,Gonzalez,48,F,Tierra del Fuego,Tolhuin,2023-12-02
1105,Nicolas,Miranda,37,M,La Pampa,Eduardo Castex,2025-09-28
1106,Juan Pablo,Morales,54,M,Neuquén,San Martín de los Andes,2024-11-28
1107,Felipe,Blanco,28,F,Córdoba,Córdoba,2022-09-25
1108,Mateo Benjamin,Mendez,20,F,Salta,Orán,2025-03-15
1109,Mateo Benjamin,Arias,19,M,Formosa,Las Lomitas,2023-11-25
1110,Lautaro Nahuel,Alvarez,30,F,Río Negro,Cipolletti,2024-12-05
1111,Catalina,Lucero,33,F,Jujuy,Palpalá,2026-05-13
1112,Luciano,Barrios,70,F,Formosa,Formosa,2026-04-03
1113,Bautista,Nuñez,24,M,La Pampa,General Pico,2023-06-30
1114,Tomas,Coronel,36,F,Salta,Tartagal,2025-09-20
1115,Santino Benjamin,Diaz,45,M,Jujuy,Libertador General San Martín,2023-07-19
1116,Thiago,Martinez,60,F,Santa Cruz,Caleta Olivia,2024-12-27
1117,Paulina,Lopez,26,M,San Juan,Jáchal,2024-02-16
1118,Micaela,Godoy,66,F,Catamarca,Andalgalá,2026-04-18
1119,Gabriel,Ruiz,19,M,La Pampa,Eduardo Castex,2022-07-04
1120,Lucas,Gonzalez,56,F,Salta,Tartagal,2026-05-24
1121,Bautista,Diaz,35,M,San Juan,Caucete,2022-07-22
1122,Luz Milagros,Morales,23,M,Catamarca,Santa María,2024-07-08
1123,Santino,Maldonado,58,F,Santiago del Estero,Termas de Río Hondo,2026-07-18
1124,Bautista,Ledesma,58,F,Tucumán,Yerba Buena,2024-08-27
1125,Julieta,Maidana,60,M,Córdoba,Alta Gracia,2022-04-03
1126,Morena,Lopez,41,F,Río Negro,Viedma,2026-04-05
1127,Thiago,Muñoz,63,F,Tierra del Fuego,Río Grande,2026-06-30
1128,Isabella,Gonzalez,63,F,Córdoba,Villa María,2023-09-07
1129,Lautaro Nicolas,Rios,67,M,Santa Fe,Rafaela,2025-09-20
1130,Joaquin,Chavez,52,F,Entre Ríos,Gualeguaychú,2022-05-10
1131,Camila,Flores,67,F,Neuquén,Cutral Co,2023-08-27
1132,Juan Pablo,Gonzalez,20,M,Córdoba,Córdoba,2023-02-05
1133,Simon,Perez,51,F,Misiones,Posadas,2022-06-06
1134,Martina,Ramirez,50,M,Mendoza,Godoy Cruz,2024-05-13
1135,Antonio,Hernandez,67,F,Catamarca,Andalgalá,2022-06-17
1136,Ramiro,Perez,24,M,Santa Fe,Rafaela,2022-01-06
1137,Valentina,Fernandez,46,M,Córdoba,Villa María,2023-10-26
1138,Julia,Rodriguez,24,F,Santiago del Estero,Añatuya,2024-05-25
1139,Thiago Nicolas,Perez,29,F,Entre Ríos,Concepción del Uruguay,2022-11-14
1140,Juana,Morales,72,F,Entre Ríos,Concordia,2021-10-08
1141,Alfonsina,Gonzalez,41,F,Chubut,Rawson,2021-10-18
1142,Camila,Sanchez,67,F,Catamarca,Belén,2023-07-29
1143,Ana Paula,Caceres,35,M,Santa Fe,Rosario,2026-05-30
1144,Mateo,Diaz,69,M,La Pampa,Realicó,2024-10-11
1145,Agustin,Alvarez,62,F,Mendoza,Godoy Cruz,2021-12-06
1146,Lola,Vazquez,61,M,CABA,CABA,2023-06-20
1147,Martina,Sanchez,24,M,La Rioja,La Rioja,2021-12-07
1148,Josefina,Peralta,74,M,Chaco,Resistencia,2026-05-03
1149,Tiziano,Morales,74,M,Neuquén,San Martín de los Andes,2023-12-25
1150,Tiziano,Juarez,54,F,Tucumán,San Miguel de Tucumán,2022-11-23
1151,Abril,Escobar,49,F,CABA,CABA,2024-01-04
1152,Julia,Castillo,47,M,Tierra del Fuego,Río Grande,2021-09-28
1153,Renata,Pereyra,45,F,Córdoba,Córdoba,2021-10-16
1154,Valentino,Sanchez,38,F,Formosa,Pirané,2026-07-24
1155,Camila,Coronel,58,F,San Juan,Jáchal,2024-02-01
1156,Lucas,Godoy,63,M,Formosa,Pirané,2025-07-10
1157,Mateo Valentin,Fernandez,64,F,Mendoza,Tunuyán,2024-11-28
1158,Simon,Pereyra,37,F,Santa Cruz,El Calafate,2026-03-02
1159,Agostina,Luna,44,M,Córdoba,Villa Carlos Paz,2024-11-29
1160,Facundo,Muñoz,71,F,Entre Ríos,Gualeguaychú,2026-01-22
1161,Benicio,Vazquez,41,M,Mendoza,Tunuyán,2023-04-21
1162,Valentino,Ortiz,72,M,Misiones,Posadas,2023-09-08
1163,Mia Jazmin,Fernandez,53,F,La Pampa,Eduardo Castex,2025-05-08
1164,Mateo,Diaz,63,M,La Rioja,Chamical,2025-08-12
1165,Luna,Martinez,68,F,Santiago del Estero,Añatuya,2022-05-06
1166,Luisana,Gonzalez,51,M,La Rioja,Chamical,2025-05-06
1167,Victoria,Navarro,40,M,Mendoza,San Rafael,2026-06-25
1168,Juana,Rivero,37,F,Jujuy,Palpalá,2023-01-31
1169,Juliana,Rodriguez,37,M,Salta,Tartagal,2023-03-19
1170,Catalina,Miranda,20,F,Entre Ríos,Paraná,2022-09-10
1171,Benjamin Alejandro,Mendez,18,F,Entre Ríos,Concordia,2024-02-04
1172,Jazmín,Fernandez,46,F,Corrientes,Curuzú Cuatiá,2021-08-18
1173,Ignacio,Gutierrez,57,M,Santiago del Estero,Frías,2025-07-20
1174,Isabella,Sanchez,50,F,Formosa,Formosa,2024-10-01
1175,Catalina,Rios,57,M,San Juan,Rawson,2025-08-29
1176,Martina,Ayala,59,F,Buenos Aires,Necochea,2023-08-26
1177,Ana Paula,Benitez,66,F,Salta,Tartagal,2024-12-01
1178,Ignacio,Torres,71,F,Santa Cruz,El Calafate,2024-02-12
1179,Lucio,Correa,30,M,Mendoza,Luján de Cuyo,2025-04-21
1180,Valentino,Aguero,31,M,Tucumán,San Miguel de Tucumán,2023-08-02
1181,Lautaro,Ortiz,45,F,Catamarca,Santa María,2025-04-26
1182,Enzo,Lopez,21,M,Jujuy,Libertador General San Martín,2021-10-24
1183,Mia Morena,Romero,55,M,Tierra del Fuego,Río Grande,2024-01-14
1184,Francisco,Sanchez,36,F,Buenos Aires,Necochea,2024-12-07
1185,Bianca,Gimenez,72,F,Corrientes,Mercedes,2023-06-21
1186,Santino,Luna,42,F,Santa Fe,Reconquista,2026-05-20
1187,Juan,Martinez,69,M,Santa Fe,Santa Fe,2025-01-09
1188,Benjamin,Gomez,49,M,Tierra del Fuego,Ushuaia,2021-11-02
1189,Lautaro Benjamin,Hernandez,19,M,CABA,CABA,2024-03-11
1190,Tiziano,Aguirre,64,F,Tierra del Fuego,Tolhuin,2024-01-03
1191,Ian Benjamin,Ruiz,47,M,Río Negro,General Roca,2026-03-21
1192,Bruno,Romero,40,M,Chubut,Puerto Madryn,2026-05-21
1193,Juan Ignacio,Correa,71,M,Tierra del Fuego,Tolhuin,2026-05-14
1194,Bautista,Martin,64,M,Mendoza,Maipú,2024-04-20
1195,Lorenzo,Moyano,44,F,Córdoba,Río Cuarto,2026-05-29
1196,Julian,Mendez,41,M,Tierra del Fuego,Tolhuin,2024-11-09
1197,Martín,Martinez,37,M,Santa Fe,Venado Tuerto,2023-01-17
1198,Malena,Perez,43,F,San Luis,Villa Mercedes,2023-02-01
1199,Lucas Ezequiel,Gonzalez,66,M,Mendoza,San Rafael,2024-11-21
1200,Santiago,Alvarez,69,M,Córdoba,Córdoba,2021-12-07
1201,Giuliana,Gonzalez,34,F,San Luis,La Punta,2022-08-08
1202,Juana,Moyano,62,F,Neuquén,Neuquén,2026-01-22
1203,Joaquin,Sanchez,52,F,Buenos Aires,Morón,2024-09-13
1204,Guadalupe,Lopez,67,M,Neuquén,Plottier,2021-11-11
1205,Santino,Duarte,44,F,Tucumán,Monteros,2021-10-20
1206,Martina,Acuña,20,M,Formosa,Formosa,2025-05-27
1207,Josefina,Gutierrez,25,F,San Juan,Pocito,2022-09-26
1208,Mateo Benjamin,Navarro,73,F,Misiones,Posadas,2024-01-27
1209,Santino,Romero,29,F,Chaco,Resistencia,2021-08-13
1210,Bastian,Luna,66,F,Tierra del Fuego,Tolhuin,2023-07-25
1211,Benjamin,Gonzalez,36,F,San Juan,San Juan,2023-02-17
1212,Juana,Lopez,25,F,Chubut,Puerto Madryn,2024-11-19
1213,Luca,Martinez,44,M,Entre Ríos,Gualeguaychú,2026-02-04
1214,Lucas,Vera,20,F,Tucumán,Concepción,2025-04-23
1215,Ana Paula,Gomez,59,M,Jujuy,Libertador General San Martín,2024-02-18
1216,Sofia Belen,Martinez,22,M,Chubut,Trelew,2026-04-03
1217,Julian,Cardozo,33,F,La Rioja,Chepes,2025-05-23
1218,Thiago,Cabrera,59,M,San Luis,Villa Mercedes,2022-03-05
1219,Isabella,Martinez,73,M,Santa Fe,Rosario,2026-05-01
1220,Isabella,Rodriguez,45,M,Catamarca,Andalgalá,2025-12-21
1221,Constanza,Aguero,19,F,Catamarca,Tinogasta,2023-01-28
1222,Emma,Paez,62,M,Entre Ríos,Concepción del Uruguay,2022-11-05
1223,Valentino,Moyano,66,F,Santa Fe,Venado Tuerto,2024-09-18
1224,Olivia,Rodriguez,62,F,Jujuy,Perico,2022-10-30
1225,Fausto,Rodriguez,58,F,Santiago del Estero,Frías,2026-07-01
1226,Juan Sebastian,Suarez,47,F,La Rioja,Chamical,2023-02-15
1227,Nicolas,Rodriguez,73,M,Corrientes,Paso de los Libres,2022-03-17
1228,Franco,Martinez,46,M,Misiones,Posadas,2023-02-21
1229,Máximo,Moyano,21,F,Santa Fe,Rosario,2022-05-04
1230,Ian,Diaz,27,F,Chubut,Comodoro Rivadavia,2025-01-16
1231,Ciro,Olivera,19,M,San Juan,San Juan,2025-02-28
1232,Isabella,Rios,32,F,La Pampa,Eduardo Castex,2024-03-25
1233,Valentina,Rodriguez,48,F,Río Negro,Villa Regina,2026-04-22
1234,Joaquin,Farias,32,M,Mendoza,San Rafael,2023-07-30
1235,Sofia,Perez,75,M,Santiago del Estero,Añatuya,2025-04-29
1236,Luz Milagros,Lopez,50,M,CABA,CABA,2026-07-03
1237,Santino,Franco,26,F,CABA,CABA,2022-11-11
1238,Angelina,Garcia,73,M,San Juan,Rawson,2024-06-15
1239,Juan Manuel,Gomez,55,F,Córdoba,San Francisco,2025-10-15
1240,Juliana,Fernandez,74,M,Entre Ríos,Concepción del Uruguay,2023-05-20
1241,Lara,Lopez,49,F,Santa Cruz,Puerto Deseado,2023-03-18
1242,Thiago Valentin,Lopez,23,F,Formosa,Las Lomitas,2025-06-12
1243,Isabella,Suarez,46,M,Santa Cruz,Puerto Deseado,2023-05-20
1244,Sofía,Franco,59,M,Neuquén,San Martín de los Andes,2021-08-18
1245,Felipe,Mendoza,58,M,Neuquén,Cutral Co,2023-09-14
1246,Santino,Luna,22,M,Córdoba,San Francisco,2026-01-08
1247,Benicio,Diaz,39,M,Santiago del Estero,La Banda,2023-04-27
1248,Facundo,Medina,56,F,Neuquén,Plottier,2023-08-24
1249,Clara,Rios,49,F,Tucumán,San Miguel de Tucumán,2024-11-18
1250,Sol,Ledesma,26,M,Jujuy,Libertador General San Martín,2023-01-20
1251,Bianca,Romero,56,M,Río Negro,San Carlos de Bariloche,2023-11-20
1252,Maria Guadalupe,Morales,65,M,San Juan,Pocito,2024-03-22
1253,Isabella,Roldan,27,M,Catamarca,Santa María,2023-03-21
1254,Victoria,Ayala,65,F,Misiones,Apóstoles,2022-09-04
1255,Octavio,Vargas,35,F,Río Negro,Viedma,2025-05-22
1256,Renzo,Sanchez,45,F,Entre Ríos,Victoria,2026-02-13
1257,Bautista Benjamin,Rodriguez,48,M,CABA,CABA,2022-08-23
1258,Manuel,Ponce,18,F,Chubut,Trelew,2024-06-26
1259,Catalina,Hernandez,47,F,Tierra del Fuego,Tolhuin,2022-01-18
1260,Lucas,Gonzalez,65,F,Santa Cruz,Río Gallegos,2025-09-29
1261,Sol,Herrera,58,F,Entre Ríos,Gualeguaychú,2025-03-21
1262,Sofia,Quiroga,64,M,Mendoza,Mendoza,2025-07-19
1263,Santino,Fernandez,38,F,Santa Cruz,Río Gallegos,2026-07-22
1264,Joaquin,Rios,53,F,La Pampa,Realicó,2024-12-09
1265,Juan Bautista,Alvarez,71,M,Buenos Aires,San Nicolás,2025-08-31
1266,Francisco,Paez,69,F,Catamarca,Andalgalá,2024-06-23
1267,Thiago Emanuel,Diaz,50,M,San Juan,Jáchal,2026-03-18
1268,Jazmin,Garcia,64,M,Santiago del Estero,Santiago del Estero,2026-02-22
1269,Francisco,Molina,67,F,Chubut,Puerto Madryn,2026-01-31
1270,Thiago Ezequiel,Juarez,58,M,Corrientes,Paso de los Libres,2024-07-16
1271,Juan Martin,Gutierrez,61,M,Córdoba,Alta Gracia,2023-02-13
1272,Catalina,Figueroa,54,F,Córdoba,San Francisco,2025-02-26
1273,Bianca,Quiroga,39,F,San Luis,San Luis,2025-05-05
1274,Milena,Rodriguez,65,F,Catamarca,Andalgalá,2024-03-17
1275,Constanza,Benitez,18,M,Buenos Aires,Tandil,2024-02-19
1276,Mateo,Garcia,18,M,Formosa,Clorinda,2022-08-03
1277,Geronimo,Guzman,46,M,CABA,CABA,2024-05-17
1278,Santino Benjamin,Pereyra,26,M,Neuquén,San Martín de los Andes,2024-06-25
1279,Rosario,Rios,51,F,Salta,Tartagal,2021-10-29
1280,Tomàs,Ruiz,75,M,Mendoza,Luján de Cuyo,2022-09-09
1281,Benjamin,Peralta,67,F,Tierra del Fuego,Río Grande,2022-09-04
1282,Delfina,Gonzalez,56,F,Catamarca,Tinogasta,2023-05-03
1283,Jeremias,Roldan,73,M,Chubut,Rawson,2024-06-26
1284,Francisco,Romero,60,F,San Luis,Villa Mercedes,2026-02-21
1285,Bautista,Rodriguez,23,F,Formosa,Las Lomitas,2022-06-02
1286,Thiago,Ramirez,55,M,La Pampa,Toay,2022-09-12
1287,Emilia,Gonzalez,46,F,Misiones,Posadas,2021-12-25
1288,Angel Gabriel,Fernandez,47,F,Misiones,Apóstoles,2023-02-12
1289,Guillermina,Rojas,62,F,Catamarca,Andalgalá,2026-05-20
1290,Bautista,Sanchez,51,F,Jujuy,Perico,2023-04-23
1291,Lucia,Sosa,66,M,San Luis,Merlo,2021-11-17
1292,Guadalupe,Gonzalez,30,F,Salta,Orán,2022-11-09
1293,Emma,Ramos,28,M,Córdoba,Río Cuarto,2022-05-14
1294,Maria Victoria,Juarez,45,M,Tucumán,San Miguel de Tucumán,2022-10-01
1295,Ezequiel,Fernandez,74,F,Santiago del Estero,Frías,2022-07-15
1296,Lorenzo,Aguirre,74,M,Buenos Aires,Olavarría,2025-03-21
1297,Lucas Ezequiel,Gonzalez,52,M,Salta,Orán,2024-03-06
1298,Camilo,Torres,31,F,Chubut,Rawson,2026-01-10
1299,Ambar,Alvarez,22,M,Salta,Tartagal,2022-01-27
1300,Alma Mia,Ruiz,59,M,San Luis,Villa Mercedes,2021-12-02
1301,Delfina,Torres,33,M,Misiones,Puerto Iguazú,2023-06-30
1302,Julia,Paez,65,F,Tucumán,Yerba Buena,2023-08-04
1303,Valentino,Perez,57,M,Tucumán,Concepción,2023-07-06
1304,Gonzalo,Benitez,54,F,Tierra del Fuego,Ushuaia,2025-01-19
1305,Lucas Ezequiel,Acosta,50,F,Jujuy,Libertador General San Martín,2023-10-06
1306,Martin,Navarro,19,F,La Pampa,Eduardo Castex,2023-07-25
1307,Mateo Benjamin,Ruiz,33,F,Córdoba,Alta Gracia,2025-11-02
1308,Zoe Jazmin,Ruiz,51,M,Catamarca,Andalgalá,2025-12-21
1309,Maria Guadalupe,Duarte,28,M,San Luis,Juana Koslay,2025-12-25
1310,Genaro,Diaz,67,M,Santa Cruz,Río Gallegos,2026-04-05
1311,Malena,Dominguez,52,F,Tierra del Fuego,Tolhuin,2025-08-24
1312,Maria Paz,Mansilla,26,M,Río Negro,Cipolletti,2026-01-03
1313,Alma,Fernandez,60,F,Buenos Aires,Necochea,2024-06-13
1314,Maria Victoria,Ramos,20,F,La Pampa,Eduardo Castex,2024-01-01
1315,Ignacio,Paez,71,F,San Juan,San Juan,2025-04-14
1316,Lola,Ledesma,72,M,Neuquén,Plottier,2024-04-16
1317,Helena,Lopez,25,M,Santa Cruz,Caleta Olivia,2025-07-19
1318,Tiziano Valentin,Rodriguez,60,F,San Luis,San Luis,2022-05-05
1319,Emma,Ramirez,23,M,Chaco,Presidencia Roque Sáenz Peña,2025-07-04
1320,Morena Jazmin,Castro,24,M,Córdoba,San Francisco,2022-02-07
1321,Valentina,Diaz,71,F,Tucumán,Yerba Buena,2021-10-04
1322,Benjamin,Diaz,66,M,Formosa,Formosa,2024-06-02
1323,Manuel,Diaz,20,M,Corrientes,Corrientes,2024-05-27
1324,Tiziana,Rios,32,F,Misiones,Apóstoles,2023-12-11
1325,Genaro,Caceres,65,M,San Juan,Pocito,2022-04-01
1326,Santino Ezequiel,Rojas,74,M,San Luis,Merlo,2026-02-16
1327,Renata,Gomez,30,F,Río Negro,San Carlos de Bariloche,2025-10-07
1328,Lorenzo,Olivera,40,F,Buenos Aires,Morón,2024-02-07
1329,Federico,Cruz,36,F,Chaco,Presidencia Roque Sáenz Peña,2021-10-09
1330,Lourdes,Romero,22,M,Río Negro,General Roca,2023-08-27
1331,Gino,Romero,72,M,Santiago del Estero,Frías,2025-05-09
1332,Valentina,Ortiz,20,F,Chaco,Villa Ángela,2023-01-22
1333,Thiago Benjamin,Mendoza,52,M,Tucumán,Concepción,2021-07-27
1334,Ivan,Rodriguez,35,M,Corrientes,Mercedes,2022-10-18
1335,Juan,Alvarez,20,F,La Rioja,Aimogasta,2023-06-29
1336,Juan Bautista,Blanco,21,F,Mendoza,Mendoza,2023-02-19
1337,Martina,Silva,40,M,San Luis,San Luis,2025-09-17
1338,Ramiro,Vargas,23,M,Chaco,Charata,2022-04-27
1339,Emilia,Alvarez,58,F,Tucumán,Tafí Viejo,2022-10-09
1340,Delfina,Valdez,60,M,Córdoba,Villa María,2025-06-02
1341,Octavio,Gomez,35,M,Misiones,Puerto Iguazú,2025-02-04
1342,Santiago Benjamin,Rodriguez,47,M,Córdoba,Villa Carlos Paz,2025-06-16
1343,Thiago Daniel,Gomez,38,F,Río Negro,San Carlos de Bariloche,2025-06-23
1344,Julia,Farias,25,M,Formosa,Formosa,2022-04-09
1345,Martina,Ramirez,38,F,Chubut,Esquel,2022-03-29
1346,Benjamin Ezequiel,Benitez,54,M,Chubut,Puerto Madryn,2026-04-05
1347,Lara,Gomez,51,M,Tierra del Fuego,Tolhuin,2022-03-26
1348,Joaquín,Romero,29,M,Buenos Aires,La Plata,2024-02-05
1349,Miguel Angel,Rodriguez,55,F,Salta,General Güemes,2025-07-13
1350,Pedro,Luna,33,M,CABA,CABA,2025-06-13
1351,Benjamin Ezequiel,Garcia,45,M,Misiones,Oberá,2025-03-02
1352,Bianca,Castro,31,M,Santa Fe,Reconquista,2024-06-19
1353,Lautaro Benjamin,Leiva,46,F,Chaco,Charata,2025-11-03
1354,Bruno,Gutierrez,48,M,San Juan,Jáchal,2026-03-08
1355,Pilar,Molina,74,M,Tierra del Fuego,Río Grande,2024-11-26
1356,Zoe,Ponce,18,M,Chaco,Charata,2024-08-23
1357,Felipe,Martin,51,M,Misiones,Apóstoles,2021-12-20
1358,Benjamin,Blanco,31,M,Tucumán,Monteros,2023-07-18
1359,Paulina,Castro,49,F,Santiago del Estero,Termas de Río Hondo,2025-05-07
1360,Ludmila,Carrizo,62,F,Mendoza,San Rafael,2023-11-08
1361,Tiziano,Garcia,32,M,San Juan,Jáchal,2024-05-08
1362,Benjamin,Arias,74,M,Río Negro,Villa Regina,2026-07-15
1363,Geronimo,Martinez,31,M,San Luis,Villa Mercedes,2026-03-16
1364,Valentin,Vega,63,F,La Rioja,Chamical,2026-04-11
1365,Salvador,Ledesma,55,F,Neuquén,Zapala,2023-09-05
1366,Felipe,Acosta,41,F,Santa Cruz,Caleta Olivia,2023-11-19
1367,Constantino,Gomez,30,F,Chaco,Villa Ángela,2022-02-24
1368,Santino Ezequiel,Caceres,71,F,Santiago del Estero,Frías,2023-12-11
1369,Clara,Muñoz,35,F,Formosa,Pirané,2026-03-16
1370,Lucia,Muñoz,32,F,Formosa,Las Lomitas,2024-12-12
1371,Francesca,Barrios,35,M,Santa Cruz,El Calafate,2023-05-18
1372,Valentina ,Gimenez,70,M,Catamarca,Belén,2026-03-03
1373,Lucas Ezequiel,Perez,72,F,Santa Fe,Esperanza,2023-08-08
1374,Guadalupe,Martinez,59,F,Santa Cruz,Puerto Deseado,2023-04-18
1375,Thiago Benjamin,Gomez,71,F,Santa Fe,Rafaela,2021-12-15
1376,Maximo,Arias,68,M,CABA,CABA,2024-04-23
1377,Catalina,Lopez,69,M,Chaco,Villa Ángela,2023-10-29
1378,Thiago Benjamin,Vazquez,45,M,Misiones,Apóstoles,2026-03-08
1379,Francesco,Lopez,51,M,Buenos Aires,Junín,2024-09-04
1380,Victoria,Gomez,22,F,La Pampa,Toay,2021-08-08
1381,Franco,Farias,43,F,Buenos Aires,La Plata,2024-05-21
1382,Benjamin,Castillo,53,F,Formosa,Clorinda,2023-03-22
1383,Jeremias,Diaz,23,F,Corrientes,Curuzú Cuatiá,2022-10-11
1384,Thiago,Olivera,23,M,Entre Ríos,Concordia,2025-11-24
1385,Julieta,Godoy,35,M,Santa Fe,Rafaela,2026-05-24
1386,Benjamin,Rodriguez,49,M,Santa Fe,Esperanza,2022-06-17
1387,Milo,Juarez,24,M,Misiones,Eldorado,2022-08-17
1388,Ignacio,Fernandez,54,M,Chaco,Charata,2021-09-08
1389,Alvaro,Moyano,33,M,Formosa,El Colorado,2026-07-08
1390,Lola,Moreno,19,F,Río Negro,San Carlos de Bariloche,2025-03-02
1391,Lautaro,Morales,39,F,Salta,Metán,2025-04-17
1392,Paulina,Silva,36,F,Santiago del Estero,Termas de Río Hondo,2023-07-10
1393,Felipe,Alvarez,60,F,La Rioja,Chepes,2025-12-27
1394,Thiago Leonel,Gomez,57,F,Santa Fe,Rafaela,2022-04-07
1395,Manuel,Sanchez,70,M,Córdoba,Río Cuarto,2023-07-25
1396,Francesco,Castillo,42,M,San Luis,Villa Mercedes,2021-08-29
1397,Matias,Pereyra,63,M,Chubut,Puerto Madryn,2022-03-24
1398,Francisco,Gonzalez,44,F,Corrientes,Curuzú Cuatiá,2025-12-27
1399,Lucia,Medina,45,M,Tierra del Fuego,Río Grande,2023-11-30
1400,Santino,Velazquez,61,M,Chubut,Comodoro Rivadavia,2024-06-08
1401,Facundo,Lopez,33,F,Misiones,Apóstoles,2024-10-30
1402,Sofia,Sanchez,61,F,Tucumán,Monteros,2025-03-03
1403,Lara,Perez,53,F,Neuquén,Cutral Co,2023-10-17
1404,Lisandro,Gonzalez,71,M,Salta,Metán,2021-11-10
1405,Juana,Fernandez,62,M,Chaco,Barranqueras,2026-07-17
1406,Agustina,Gonzalez,51,F,Jujuy,Palpalá,2024-12-13
1407,Bautista,Vazquez,50,M,Tucumán,Concepción,2026-04-06
1408,Camila,Gonzalez,64,F,Buenos Aires,Zárate,2023-10-07
1409,Emilia,Martin,28,M,Mendoza,San Rafael,2023-02-18
1410,Victoria,Perez,65,F,Santa Cruz,Caleta Olivia,2023-05-27
1411,Thiago Gabriel,Cardozo,27,M,Chaco,Resistencia,2024-04-08
1412,Victoria,Romero,43,F,Misiones,Posadas,2021-08-21
1413,Valentino,Lopez,44,F,Corrientes,Goya,2026-06-26
1414,Valentino,Mansilla,68,F,Formosa,Clorinda,2022-04-10
1415,Lucas,Gomez,31,F,Neuquén,San Martín de los Andes,2024-12-30
1416,Alma Valentina,Diaz,53,M,Formosa,Clorinda,2024-06-23
1417,Agustin,Rodriguez,55,M,Chaco,Charata,2026-01-07
1418,Guillermina,Castro,59,F,Misiones,Eldorado,2024-09-26
1419,Emilia,Cardozo,52,F,La Pampa,Realicó,2023-09-19
1420,Alma,Gomez,70,M,Neuquén,San Martín de los Andes,2022-05-19
1421,Helena,Gomez,46,M,Catamarca,Santa María,2024-11-17
1422,Ciro,Gutierrez,58,M,Chaco,Charata,2022-05-30
1423,Bianca,Navarro,30,M,Misiones,Eldorado,2025-12-30
1424,Felicitas,Martinez,45,M,CABA,CABA,2022-03-23
1425,Constantino,Caceres,35,M,Catamarca,Belén,2024-03-17
1426,Jazmin,Castro,63,M,Córdoba,San Francisco,2022-10-10
1427,Thiago Leonel,Mendoza,54,F,Formosa,Las Lomitas,2021-08-06
1428,Emilia,Soria,37,M,San Juan,Jáchal,2025-08-14
1429,Santiago,Quiroga,19,M,Corrientes,Corrientes,2026-03-31
1430,Luciano,Cordoba,39,M,Córdoba,Villa Carlos Paz,2024-01-05
1431,Alma,Fernandez,45,M,San Luis,Merlo,2024-03-12
1432,Camilo,Gonzalez,33,M,Santa Cruz,Caleta Olivia,2022-08-31
1433,Lautaro Benjamin,Perez,42,M,La Pampa,Santa Rosa,2025-04-25
1434,Agustina,Gonzalez,22,F,La Pampa,Toay,2025-06-20
1435,Juan Bautista,Acosta,73,M,La Rioja,Chilecito,2025-12-13
1436,Mateo,Velazquez,61,F,Jujuy,Perico,2025-11-16
1437,Catalina,Perez,46,M,Chubut,Puerto Madryn,2023-03-03
1438,Helena,Diaz,70,F,San Luis,Villa Mercedes,2024-10-17
1439,Renzo,Moreno,47,M,Mendoza,Mendoza,2026-01-18
1440,Alexander,Gonzalez,65,M,Chaco,Resistencia,2023-02-08
1441,Ambar,Soto,58,F,San Luis,San Luis,2022-09-30
1442,Sofia Belen,Romero,25,M,Santa Fe,Rosario,2024-07-31
1443,Julieta,Martin,62,F,Río Negro,Viedma,2021-08-04
1444,Delfina,Mendez,32,M,Santa Cruz,Puerto Deseado,2022-08-05
1445,Sofia,Castro,20,F,Tierra del Fuego,Río Grande,2024-06-13
1446,Alma Mia,Sosa,53,F,Tierra del Fuego,Río Grande,2022-08-09
1447,Isabella,Godoy,68,F,Entre Ríos,Gualeguaychú,2022-06-29
1448,Guillermina,Diaz,28,M,Tierra del Fuego,Ushuaia,2022-05-29
1449,Joaquín,Sanchez,51,M,Buenos Aires,Bahía Blanca,2024-11-24
1450,Lucas,Guzman,43,M,Corrientes,Paso de los Libres,2026-05-03
1451,Maria Victoria,Romero,57,F,Corrientes,Paso de los Libres,2022-06-03
1452,Sofia,Coronel,30,M,Tierra del Fuego,Ushuaia,2023-10-20
1453,Valentina ,Cruz,73,F,Chaco,Resistencia,2025-01-17
1454,Emilia,Torres,66,F,Córdoba,Río Cuarto,2024-10-31
1455,Elena,Gonzalez,69,M,Chubut,Rawson,2024-09-09
1456,Gael,Diaz,55,M,Santiago del Estero,Añatuya,2025-10-15
1457,Santino Nicolas,Martinez,44,F,Salta,Salta,2023-10-27
1458,Joaquin,Gonzalez,68,M,Mendoza,Tunuyán,2025-10-27
1459,Victoria,Fernandez,43,M,Santiago del Estero,Añatuya,2022-10-29
1460,Lucas,Ramos,62,F,Salta,Orán,2025-08-20
1461,Bruno,Roldan,70,F,Río Negro,Viedma,2024-08-24
1462,Santiago,Duarte,42,M,Catamarca,Belén,2025-07-25
1463,Juan Martin,Lucero,27,M,Buenos Aires,Tandil,2022-09-02
1464,Franco,Arias,44,M,San Luis,La Punta,2021-08-04
1465,Juan Cruz,Gimenez,22,F,Salta,Orán,2022-07-12
1466,Santino Ezequiel,Lopez,38,F,Tucumán,Tafí Viejo,2024-01-22
1467,Isabella,Diaz,19,M,Corrientes,Corrientes,2024-11-17
1468,Antonella,Flores,33,M,Jujuy,Libertador General San Martín,2024-08-27
1469,Juan Sebastian,Benitez,41,F,Entre Ríos,Concordia,2022-03-09
1470,Victoria,Avila,75,F,Tucumán,Monteros,2024-09-26
1471,Benjamin,Acosta,27,M,Entre Ríos,Concordia,2023-10-14
1472,Máximo,Soto,71,M,Buenos Aires,Morón,2025-05-26
1473,Catalina,Ramirez,35,F,Entre Ríos,Gualeguaychú,2025-10-02
1474,Emilia,Silva,66,F,Santa Cruz,Puerto Deseado,2023-11-08
1475,Lorenzo,Gomez,27,F,Mendoza,Luján de Cuyo,2025-10-15
1476,Julieta,Lopez,72,M,La Rioja,Chamical,2022-06-09
1477,Mia Jazmin,Sosa,50,M,Formosa,Las Lomitas,2026-04-28
1478,Enzo,Farias,54,M,La Pampa,Santa Rosa,2024-08-22
1479,Maria Victoria,Rodriguez,39,M,Chubut,Esquel,2022-09-28
1480,Joaquin,Aguirre,27,F,CABA,CABA,2024-12-28
1481,Giuliana,Valdez,65,F,Chubut,Esquel,2022-11-02
1482,Ana Paula,Perez,63,M,Entre Ríos,Victoria,2025-10-15
1483,Benjamin,Lopez,34,F,Santa Fe,Santa Fe,2024-05-23
1484,Thiago Benjamin,Guzman,61,M,Santa Cruz,El Calafate,2021-11-10
1485,Francesca,Quiroga,64,F,Córdoba,San Francisco,2021-12-09
1486,Clara,Sosa,61,F,Chubut,Trelew,2023-07-23
1487,Valentino,Peralta,18,M,Río Negro,Viedma,2026-01-28
1488,Emma,Chavez,38,F,Entre Ríos,Concordia,2024-12-09
1489,Julian,Gimenez,70,M,Mendoza,Maipú,2023-05-29
1490,Bastian,Alvarez,27,M,Formosa,Las Lomitas,2024-02-23
1491,Angelina,Flores,65,M,Entre Ríos,Victoria,2024-05-15
1492,Juan Martin,Molina,34,F,Buenos Aires,Necochea,2022-07-18
1493,Lisandro,Sosa,40,M,Tierra del Fuego,Río Grande,2025-11-25
1494,Nahiara Jazmin,Fernandez,38,F,Santa Cruz,Caleta Olivia,2023-06-21
1495,Mia,Rojas,42,M,San Luis,Villa Mercedes,2023-07-06
1496,Luciano Benjamin,Lopez,36,M,Tucumán,San Miguel de Tucumán,2026-02-27
1497,Juan Manuel,Castillo,31,F,Chaco,Presidencia Roque Sáenz Peña,2022-08-03
1498,Dante,Aguirre,22,F,Buenos Aires,Pergamino,2022-10-19
1499,Dylan,Roldan,32,F,Santa Fe,Rosario,2023-06-25
1500,Tomàs,Ledesma,38,F,La Pampa,Eduardo Castex,2022-10-07
1501,Julian,Flores,61,F,Santa Fe,Santa Fe,2025-07-30
1502,Miguel Angel,Bravo,47,M,Tierra del Fuego,Río Grande,2024-09-28
1503,Sofía,Paez,27,F,Chaco,Barranqueras,2024-07-16
1504,Victoria,Garcia,42,M,Tucumán,Monteros,2025-12-05
1505,Benjamin,Sanchez,65,M,Misiones,Eldorado,2024-09-29
1506,Jazmín,Ruiz,60,M,Catamarca,San Fernando del Valle de Catamarca,2021-10-22
1507,Benjamin,Torres,71,F,La Pampa,Eduardo Castex,2025-06-29
1508,Lucas,Toledo,68,M,Salta,Salta,2021-09-20
1509,Clara,Acuña,36,F,Chaco,Barranqueras,2023-06-15
1510,Uma,Cardozo,44,F,San Luis,Villa Mercedes,2021-10-16
1511,Juan Ignacio,Gonzalez,74,F,Entre Ríos,Gualeguaychú,2025-04-17
1512,Camila,Dominguez,22,F,Santa Fe,Esperanza,2022-06-27
1513,Tiziano Benjamin,Martin,53,F,La Pampa,Santa Rosa,2022-10-12
1514,Maria Emilia,Moyano,47,F,Mendoza,Mendoza,2022-12-28
1515,Bianca,Medina,29,F,La Rioja,Chepes,2024-04-10
1516,Priscila,Peralta,75,F,Salta,Tartagal,2021-08-30
1517,Matias,Peralta,58,M,Jujuy,Libertador General San Martín,2024-12-29
1518,Tiziana,Muñoz,69,F,Chaco,Barranqueras,2022-01-27
1519,Benjamin,Paz,64,M,Santa Fe,Rosario,2021-08-07
1520,Mia,Alvarez,51,F,Río Negro,Villa Regina,2024-01-05
1521,Genaro,Martin,33,F,Corrientes,Curuzú Cuatiá,2026-03-06
1522,Lucas,Sanchez,35,F,San Juan,San Juan,2023-01-24
1523,Dante,Chavez,37,M,Jujuy,Libertador General San Martín,2025-01-24
1524,Agustín,Acosta,35,M,Santiago del Estero,Santiago del Estero,2025-05-03
1525,Antonio,Ponce,43,F,San Luis,San Luis,2024-07-31
1526,Matilda,Garcia,71,M,Catamarca,Santa María,2024-05-24
1527,Bruno,Gonzalez,38,M,Catamarca,Santa María,2023-05-17
1528,Julieta,Ramos,18,M,Buenos Aires,Avellaneda,2025-04-05
1529,Francisco,Pereyra,67,M,Chubut,Comodoro Rivadavia,2021-09-21
1530,Maria Victoria,Benitez,73,M,Santiago del Estero,Termas de Río Hondo,2025-07-02
1531,Lola,Fernandez,23,M,Entre Ríos,Gualeguaychú,2023-03-10
1532,Martina,Rojas,74,F,Salta,Metán,2022-12-01
1533,Dylan Benjamin,Gonzalez,43,F,Córdoba,San Francisco,2022-06-06
1534,Alexander,Lopez,35,F,Corrientes,Corrientes,2025-11-21
1535,Maria Victoria,Paez,50,F,CABA,CABA,2025-10-23
1536,Martín,Vera,59,F,Santa Fe,Esperanza,2021-10-27
1537,Lourdes,Fernandez,21,F,Santa Cruz,Río Gallegos,2021-10-20
1538,Juan Ignacio,Ramos,27,M,Entre Ríos,Victoria,2023-07-09
1539,Juan Martin,Gonzalez,63,F,Santa Fe,Santa Fe,2022-02-16
1540,Ignacio,Acosta,75,F,CABA,CABA,2025-06-22
1541,Paulina,Fernandez,25,M,Santa Cruz,Pico Truncado,2024-02-18
1542,Benjamin,Ramos,37,F,Santa Cruz,Puerto Deseado,2025-04-17
1543,Benjamin,Ojeda,50,F,CABA,CABA,2021-12-20
1544,Pilar,Benitez,53,M,Tierra del Fuego,Río Grande,2021-12-12
1545,Augusto,Caceres,48,F,Chubut,Trelew,2025-05-23
1546,Lorenzo,Gonzalez,25,F,Chubut,Comodoro Rivadavia,2024-01-15
1547,Joaquin,Perez,19,M,Río Negro,Viedma,2026-03-03
1548,Mateo Ezequiel,Sanchez,55,M,Río Negro,Cipolletti,2021-11-20
1549,Valentina,Paez,55,F,San Juan,Rawson,2023-10-04
1550,Isabella,Gomez,45,F,Corrientes,Paso de los Libres,2024-12-02
1551,Nicolas,Martinez,24,F,CABA,CABA,2021-11-14
1552,Mateo,Gonzalez,43,M,San Juan,Rawson,2024-05-20
1553,Lara,Farias,47,M,Santiago del Estero,Termas de Río Hondo,2023-01-25
1554,Ignacio,Martinez,25,M,Corrientes,Goya,2023-12-14
1555,Agustin,Rivero,54,M,Santa Fe,Rafaela,2022-04-28
1556,Isabella,Torres,45,F,Misiones,Eldorado,2026-07-18
1557,Juan,Lopez,35,M,San Juan,San Juan,2026-01-15
1558,Antonio,Vazquez,34,M,Jujuy,Perico,2026-03-05
1559,Lucía ,Paez,43,F,Chubut,Esquel,2022-01-31
1560,Santino,Gonzalez,67,M,Misiones,Oberá,2026-04-25
1561,Juan Ignacio,Morales,27,M,La Rioja,Chepes,2021-11-01
1562,Martina,Quiroga,74,F,Santa Cruz,El Calafate,2024-12-26
1563,Juan Gabriel,Valdez,33,F,Buenos Aires,Junín,2024-09-11
1564,Guadalupe,Vera,64,M,San Juan,San Juan,2026-02-21
1565,Joaquin,Fernandez,34,M,CABA,CABA,2025-09-16
1566,Mateo,Godoy,24,M,Jujuy,Humahuaca,2024-08-25
1567,Benjamin,Sanchez,59,F,Formosa,Clorinda,2021-09-08
1568,Rosario,Ayala,56,M,CABA,CABA,2025-11-28
1569,Alma,Gomez,74,M,Catamarca,San Fernando del Valle de Catamarca,2024-06-24
1570,Julieta,Chavez,65,F,Santa Cruz,El Calafate,2025-06-26
1571,Francisco,Lopez,53,F,Buenos Aires,Lanús,2023-04-23
1572,Renata,Gonzalez,42,M,La Rioja,Chepes,2022-07-21
1573,Emiliano,Soto,25,M,Mendoza,Godoy Cruz,2022-09-13
1574,Juan Ignacio,Acuña,52,M,Neuquén,San Martín de los Andes,2022-07-31
1575,Alfonsina,Roldan,46,F,Córdoba,Córdoba,2022-07-04
1576,Lautaro Benjamin,Maldonado,22,M,Entre Ríos,Paraná,2024-02-12
1577,Ludmila,Juarez,66,M,Chubut,Esquel,2023-10-31
1578,Sofia,Benitez,41,M,Tierra del Fuego,Ushuaia,2026-04-12
1579,Manuel,Peralta,49,M,La Rioja,Aimogasta,2023-05-29
1580,Clara,Leiva,31,F,Chaco,Villa Ángela,2025-02-08
1581,Benicio,Perez,24,F,Neuquén,Cutral Co,2026-05-08
1582,Guadalupe,Moyano,41,F,Santa Fe,Reconquista,2022-04-13
1583,Julian,Aguero,48,F,Corrientes,Mercedes,2023-03-09
1584,Santino,Castillo,44,M,Santiago del Estero,Frías,2026-05-20
1585,Tomas,Roldan,62,M,Catamarca,Andalgalá,2024-01-27
1586,Pedro,Bravo,58,F,CABA,CABA,2024-03-20
1587,Martina,Herrera,33,M,Entre Ríos,Gualeguaychú,2025-03-26
1588,Maia,Sanchez,52,M,La Pampa,Realicó,2026-01-27
1589,Emma,Ramos,49,M,Misiones,Oberá,2024-03-29
1590,Valentina,Torres,65,F,Entre Ríos,Victoria,2022-11-07
1591,Sol,Lucero,32,M,Santa Cruz,Pico Truncado,2023-10-16
1592,Lautaro,Caceres,64,F,Catamarca,Santa María,2023-07-14
1593,Santino Gabriel,Cabrera,54,F,San Juan,Jáchal,2023-09-27
1594,Juan Ignacio,Peralta,62,F,Córdoba,San Francisco,2021-09-01
1595,Ciro,Fernandez,47,M,Formosa,Las Lomitas,2022-01-29
1596,Felipe,Ruiz,50,F,Chubut,Rawson,2024-11-01
1597,Felipe,Lopez,22,M,San Luis,San Luis,2025-03-30
1598,Guillermina,Ferreyra,31,M,Catamarca,Belén,2022-09-14
1599,Emilia,Ferreyra,48,F,San Luis,Merlo,2026-05-27
1600,Emilia,Rodriguez,22,F,Catamarca,Andalgalá,2023-04-29
1601,Juana,Flores,53,M,Corrientes,Corrientes,2025-03-08
1602,Paula,Escobar,41,F,Mendoza,Mendoza,2023-12-27
1603,Francesca,Cardozo,52,M,Catamarca,Belén,2023-01-24
1604,Francesca,Gimenez,28,M,Buenos Aires,Tandil,2026-07-21
1605,Valentina ,Godoy,72,M,CABA,CABA,2025-03-31
1606,Santino Ezequiel,Valdez,45,F,San Luis,Merlo,2024-11-15
1607,Lucas,Garcia,23,F,CABA,CABA,2025-11-08
1608,Bautista,Fernandez,75,F,Tucumán,Tafí Viejo,2025-11-05
1609,Helena,Quiroga,30,F,Río Negro,Viedma,2023-11-20
1610,Maximo,Farias,64,M,Catamarca,Andalgalá,2024-10-25
1611,Thiago Joaquin,Castro,35,M,Jujuy,Libertador General San Martín,2021-11-22
1612,Santiago,Diaz,29,F,Jujuy,San Salvador de Jujuy,2025-09-24
1613,Emma,Herrera,33,M,San Juan,Rawson,2022-09-24
1614,Mateo Valentin,Valdez,68,M,Santa Fe,Reconquista,2021-10-06
1615,Salvador,Martin,46,F,Chaco,Villa Ángela,2025-04-30
1616,Catalina,Soto,66,M,Chubut,Puerto Madryn,2023-09-19
1617,Mateo Benjamin,Campos,45,F,Neuquén,Neuquén,2025-06-06
1618,Julian,Fernandez,74,M,Buenos Aires,Tandil,2025-04-14
1619,Juan Francisco,Martinez,69,M,La Rioja,La Rioja,2022-10-02
1620,Lisandro,Roldan,54,F,La Pampa,Toay,2026-07-04
1621,Luana,Figueroa,33,M,Catamarca,Santa María,2023-02-03
1622,Josefina,Mansilla,30,F,Catamarca,Santa María,2022-11-19
1623,Julia,Perez,47,F,Tucumán,Monteros,2022-03-12
1624,Thiago Benjamin,Ponce,53,F,Río Negro,Viedma,2024-03-06
1625,Bruno,Cabrera,56,M,Jujuy,Palpalá,2026-02-25
1626,Valentino,Torres,39,M,Misiones,Eldorado,2025-11-20
1627,Agustin,Gonzalez,68,M,Tierra del Fuego,Tolhuin,2024-07-24
1628,Bautista,Flores,62,M,La Pampa,Eduardo Castex,2023-10-11
1629,Alma Valentina,Godoy,22,F,Neuquén,Plottier,2025-05-13
1630,Facundo,Morales,54,M,Córdoba,Alta Gracia,2023-08-17
1631,Thiago Joaquin,Herrera,49,F,Jujuy,Libertador General San Martín,2022-07-21
1632,Bautista,Rodriguez,62,M,Tierra del Fuego,Tolhuin,2022-01-19
1633,Miguel Angel,Vargas,36,M,Formosa,Clorinda,2023-12-26
1634,Santino,Barrios,27,F,Santa Cruz,Caleta Olivia,2025-11-18
1635,Bruno,Gutierrez,42,F,Río Negro,Cipolletti,2022-08-31
1636,Mateo Joaquin,Aguirre,50,F,San Juan,Caucete,2022-05-07
1637,Santino,Medina,63,M,Buenos Aires,Zárate,2023-04-14
1638,Manuel,Vargas,71,M,Jujuy,Perico,2022-10-12
1639,Amparo,Figueroa,46,F,Tierra del Fuego,Río Grande,2023-01-19
1640,Mia,Vera,40,F,Tucumán,San Miguel de Tucumán,2023-03-17
1641,Thiago Nahuel,Lopez,30,M,San Luis,Juana Koslay,2022-11-20
1642,Emma,Rodriguez,40,M,Catamarca,Santa María,2026-04-20
1643,Benjamin,Gomez,68,M,Catamarca,Andalgalá,2021-10-07
1644,Guillermina,Ramirez,28,M,Santa Fe,Reconquista,2022-03-13
1645,Morena,Lopez,36,M,Santa Fe,Rafaela,2022-11-25
1646,Luisina,Fernandez,50,M,Entre Ríos,Victoria,2023-08-13
1647,Angelina,Barrios,43,M,Chubut,Puerto Madryn,2025-08-11
1648,Ian Benjamin,Rodriguez,74,M,Chubut,Comodoro Rivadavia,2023-10-01
1649,Benjamin,Fernandez,26,F,Neuquén,Cutral Co,2023-04-13
1650,Julieta,Fernandez,35,F,Tucumán,Tafí Viejo,2025-10-14
1651,Lucia,Morales,50,M,La Rioja,Chepes,2023-09-23
1652,Valentino,Garcia,43,F,Tucumán,Concepción,2023-07-16
1653,Juan,Miranda,52,F,Neuquén,San Martín de los Andes,2024-03-25
1654,Luz Maria,Herrera,69,F,Entre Ríos,Concepción del Uruguay,2023-11-02
1655,Mateo Agustin,Romero,48,M,Misiones,Puerto Iguazú,2024-09-15
1656,Santino Agustin,Caceres,70,M,San Juan,Jáchal,2026-02-19
1657,Geronimo,Martinez,46,F,Salta,Salta,2026-01-22
1658,Lautaro,Vazquez,33,F,San Luis,Villa Mercedes,2026-02-03
1659,Delfina,Rodriguez,54,M,Chaco,Resistencia,2025-06-08
1660,Victoria,Martinez,26,F,Corrientes,Curuzú Cuatiá,2025-04-25
1661,Alejo,Lucero,71,F,Chubut,Rawson,2025-11-28
1662,Santiago,Ledesma,41,F,Jujuy,Perico,2025-12-26
1663,Tomàs,Campos,61,M,Jujuy,Humahuaca,2022-09-03
1664,Benicio,Ruiz,50,M,La Rioja,Aimogasta,2022-08-01
1665,Lautaro Benjamin,Gomez,50,M,Formosa,Formosa,2025-11-26
1666,Thiago Benjamin,Dominguez,58,F,Tierra del Fuego,Río Grande,2025-08-08
1667,Lorenzo,Soto,67,F,Río Negro,Cipolletti,2022-04-13
1668,Thiago Agustin,Rivero,30,M,Mendoza,Maipú,2025-06-13
1669,Francesca,Blanco,58,M,Tierra del Fuego,Río Grande,2021-10-09
1670,Francisco,Correa,50,M,Catamarca,Andalgalá,2023-09-12
1671,Thiago Nahuel,Figueroa,45,M,Mendoza,San Rafael,2024-06-25
1672,Miguel Angel,Gonzalez,70,M,Tierra del Fuego,Tolhuin,2023-12-25
1673,Ignacio,Flores,52,F,La Pampa,Toay,2024-08-22
1674,Morena,Navarro,58,M,San Juan,San Juan,2024-08-15
1675,Lorenzo,Rivero,57,F,San Juan,Pocito,2024-09-10
1676,Francisco,Gonzalez,51,M,Buenos Aires,San Nicolás,2025-09-04
1677,Ambar,Luna,19,M,Santiago del Estero,La Banda,2023-11-06
1678,Ludmila,Sanchez,51,F,Chubut,Puerto Madryn,2023-06-16
1679,Thiago Emanuel,Rios,47,F,Tierra del Fuego,Río Grande,2022-11-26
1680,Victoria,Garcia,43,M,Santa Fe,Reconquista,2023-02-09
1681,Mateo Benjamin,Fernandez,72,M,Tucumán,Tafí Viejo,2023-05-23
1682,Antonio,Gonzalez,23,M,Río Negro,San Carlos de Bariloche,2023-02-21
1683,Juan Martin,Romero,74,M,Santa Fe,Reconquista,2021-08-18
1684,Matilda,Luna,45,M,Tierra del Fuego,Ushuaia,2023-08-26
1685,Julian,Sanchez,46,F,Misiones,Puerto Iguazú,2022-04-29
1686,Abril,Molina,56,F,Corrientes,Paso de los Libres,2025-05-10
1687,Bruno,Ortiz,66,M,Santa Cruz,Río Gallegos,2024-09-09
1688,Catalina,Castro,46,M,Misiones,Puerto Iguazú,2024-07-18
1689,Tomas,Gonzalez,65,M,La Pampa,General Pico,2023-08-23
1690,Lautaro Nahuel,Martinez,20,M,San Juan,Caucete,2023-02-17
1691,Lola,Mendez,69,F,Mendoza,Luján de Cuyo,2024-06-23
1692,Benjamin,Garcia,43,M,Mendoza,Godoy Cruz,2025-11-14
1693,Tomàs,Acuña,59,M,Salta,General Güemes,2024-07-13
1694,Victoria,Farias,66,F,Mendoza,Luján de Cuyo,2024-12-23
1695,Thiago Ezequiel,Flores,57,M,Buenos Aires,Necochea,2025-02-05
1696,Julieta,Guzman,34,F,Santa Fe,Rafaela,2026-04-05
1697,Milagros,Gonzalez,67,F,Chaco,Villa Ángela,2025-08-07
1698,Mia Valentina,Romero,29,M,Misiones,Oberá,2021-09-19
1699,Valentina,Rojas,71,M,Corrientes,Corrientes,2025-05-02
1700,Pilar,Dominguez,54,F,Santa Fe,Santa Fe,2023-01-20
1701,Joaquina,Coronel,34,F,Formosa,Clorinda,2023-05-08
1702,Thiago Benjamin,Rivero,61,F,La Rioja,Chamical,2023-02-03
1703,Agustina,Ledesma,35,F,La Rioja,La Rioja,2023-10-17
1704,Juan,Lopez,18,F,Tierra del Fuego,Río Grande,2025-10-15
1705,Valentino,Aguirre,59,M,Santa Cruz,El Calafate,2026-06-26
1706,Isabella,Gomez,37,F,La Pampa,Realicó,2025-09-16
1707,Dylan,Gonzalez,70,M,Mendoza,Maipú,2023-04-20
1708,Ignacio,Alvarez,52,M,Santa Cruz,El Calafate,2023-04-13
1709,Mateo Benjamin,Pereyra,58,M,Mendoza,San Rafael,2021-12-15
1710,Joaquin,Duarte,49,F,Santiago del Estero,Termas de Río Hondo,2025-07-07
1711,Angel Gabriel,Rodriguez,42,F,Chaco,Presidencia Roque Sáenz Peña,2023-04-03
1712,Ian Benjamin,Peralta,64,M,Tierra del Fuego,Tolhuin,2025-09-24
1713,Emma,Ledesma,46,F,Buenos Aires,Morón,2024-12-25
1714,Matias,Fernandez,73,F,Salta,Tartagal,2023-04-22
1715,Santiago,Romero,28,F,Formosa,Formosa,2026-04-05
1716,Mateo,Garcia,72,M,CABA,CABA,2022-07-11
1717,Valentina,Fernandez,42,M,La Pampa,Toay,2023-02-23
1718,Jazmin,Martinez,58,M,Chaco,Villa Ángela,2023-11-06
1719,Juliana,Lopez,56,M,La Rioja,Aimogasta,2024-09-06
1720,Simon,Fernandez,26,F,Mendoza,Mendoza,2023-05-17
1721,Renata,Rodriguez,44,M,Misiones,Oberá,2024-06-09
1722,Felipe,Peralta,59,M,La Rioja,La Rioja,2024-04-15
1723,Emma,Garcia,28,F,Tucumán,Monteros,2022-09-25
1724,Juan Ignacio,Romero,29,F,Misiones,Oberá,2026-03-16
1725,Malena,Barrios,42,M,San Luis,Juana Koslay,2021-12-22
1726,Santino Benjamin,Romero,18,F,Catamarca,Andalgalá,2026-03-29
1727,Nahiara,Carrizo,70,F,Jujuy,Libertador General San Martín,2025-01-28
1728,Pedro,Ponce,28,F,Tucumán,Yerba Buena,2023-08-08
1729,Angelina,Gomez,60,F,Córdoba,Villa María,2021-09-10
1730,Violeta,Martinez,31,F,Tierra del Fuego,Ushuaia,2026-03-13
1731,Mia Valentina,Ledesma,54,M,Santa Fe,Rosario,2022-01-25
1732,Santino Benjamin,Rodriguez,41,F,Salta,Metán,2025-12-29
1733,Joaquin,Perez,74,M,Santiago del Estero,Añatuya,2024-12-27
1734,Isabella,Farias,75,M,Misiones,Posadas,2026-01-30
1735,Bruno,Moreno,64,M,Corrientes,Mercedes,2023-10-12
1736,Isabel,Castro,70,F,Córdoba,Villa Carlos Paz,2024-02-19
1737,Lucas Benjamin,Castro,52,F,Tierra del Fuego,Ushuaia,2022-05-24
1738,Santino Agustin,Gimenez,50,M,Río Negro,Viedma,2022-02-02
1739,Franco,Moyano,44,F,Tucumán,Concepción,2026-06-26
1740,Joaquin,Carrizo,37,M,Neuquén,San Martín de los Andes,2024-05-22
1741,Joaquin,Soto,45,F,Corrientes,Paso de los Libres,2024-02-10
1742,Santiago,Vega,23,F,Córdoba,Córdoba,2025-04-25
1743,Thiago Nicolas,Rodriguez,56,M,Tierra del Fuego,Río Grande,2022-11-22
1744,Valentin,Mansilla,55,M,Santa Cruz,Puerto Deseado,2026-01-31
1745,Máximo,Diaz,55,M,La Rioja,Chilecito,2024-05-26
1746,Isabella,Ramos,50,F,Mendoza,Maipú,2023-06-10
1747,Benjamin,Rodriguez,64,F,Tierra del Fuego,Tolhuin,2025-11-23
1748,Mateo,Lopez,43,F,Santiago del Estero,Añatuya,2022-08-17
1749,Thiago Leonel,Rojas,44,M,Tierra del Fuego,Tolhuin,2023-05-17
1750,Maximo,Rivero,31,F,Santa Cruz,Pico Truncado,2024-10-24
1751,Santiago,Maidana,63,M,San Luis,Merlo,2022-09-19
1752,Martina,Flores,59,M,Salta,Salta,2022-04-18
1753,Agustín,Vazquez,58,M,Catamarca,Andalgalá,2023-05-19
1754,Clara,Gonzalez,64,F,Neuquén,Cutral Co,2024-12-17
1755,Tomàs,Sanchez,55,M,Jujuy,Palpalá,2024-10-23
1756,Lola,Paez,74,F,Santa Fe,Rafaela,2022-09-12
1757,Renata,Godoy,70,M,Santa Fe,Rosario,2025-01-26
1758,Thiago Gabriel,Ramirez,34,M,Santa Cruz,El Calafate,2024-02-24
1759,Isabella,Barrios,23,M,Corrientes,Paso de los Libres,2021-12-27
1760,Jazmin,Medina,62,M,Río Negro,Villa Regina,2025-03-27
1761,Lautaro,Ramirez,37,M,Tucumán,Concepción,2022-08-13
1762,Juana,Benitez,54,F,Buenos Aires,San Nicolás,2025-09-18
1763,Mia Morena,Gutierrez,62,F,San Luis,Juana Koslay,2023-11-10
1764,Guillermina,Toledo,33,M,La Rioja,Chepes,2023-02-13
1765,Santino Gabriel,Navarro,48,M,Formosa,Formosa,2023-05-02
1766,Guadalupe,Gonzalez,36,M,Misiones,Apóstoles,2021-10-28
1767,Mia Jazmin,Diaz,29,M,La Pampa,Eduardo Castex,2021-10-16
1768,Juan Bautista,Benitez,61,F,Chubut,Trelew,2025-11-04
1769,Santino Ezequiel,Cardozo,45,F,Chubut,Puerto Madryn,2023-01-30
1770,Felipe,Ramirez,45,M,Catamarca,Andalgalá,2025-04-08
1771,Thiago Ezequiel,Ledesma,39,M,La Rioja,Aimogasta,2025-11-05
1772,Isabella,Barrios,25,F,Chaco,Presidencia Roque Sáenz Peña,2025-07-30
1773,Ciro,Martinez,32,F,Corrientes,Corrientes,2025-05-10
1774,Sofia,Godoy,52,F,Entre Ríos,Paraná,2024-07-07
1775,Isabella,Coronel,60,M,Catamarca,Andalgalá,2026-07-21
1776,Fausto,Acosta,56,M,Santa Fe,Esperanza,2022-11-03
1777,Thiago Nicolas,Diaz,28,M,Entre Ríos,Gualeguaychú,2022-03-31
1778,Mateo Valentin,Gonzalez,31,M,Misiones,Puerto Iguazú,2021-10-19
1779,Emanuel,Fernandez,44,M,San Luis,Juana Koslay,2021-09-16
1780,Valentina,Alvarez,30,F,Neuquén,Plottier,2026-05-28
1781,Renata,Gomez,28,M,San Luis,La Punta,2023-12-16
1782,Valentina ,Carrizo,23,M,Salta,Orán,2022-01-29
1783,Josefina,Vera,75,M,Córdoba,Córdoba,2022-12-03
1784,Emilia,Sanchez,73,M,San Luis,San Luis,2022-11-27
1785,Ivan,Sosa,28,F,Jujuy,San Salvador de Jujuy,2026-03-18
1786,Octavio,Luna,33,F,Chaco,Presidencia Roque Sáenz Peña,2022-07-13
1787,Thiago Gabriel,Fernandez,72,F,San Juan,Caucete,2022-09-03
1788,Olivia,Gomez,35,F,La Rioja,Chilecito,2021-10-23
1789,Victoria,Romero,19,F,Salta,Metán,2025-07-11
1790,Josefina,Peralta,56,F,Tucumán,Concepción,2023-11-14
1791,Ramiro,Vega,63,F,Salta,Metán,2024-01-01
1792,Ian,Pereyra,63,M,Santa Cruz,Río Gallegos,2025-07-19
1793,Nina,Gomez,62,F,Entre Ríos,Victoria,2026-01-23
1794,Valentino,Velazquez,58,M,Buenos Aires,Tandil,2023-04-05
1795,Manuel,Flores,29,M,Chubut,Comodoro Rivadavia,2023-01-09
1796,Angel Gabriel,Paez,42,M,Neuquén,Plottier,2025-10-18
1797,Josefina,Vega,40,M,San Luis,La Punta,2025-01-08
1798,Bautista,Morales,28,F,Santiago del Estero,Frías,2021-11-10
1799,Emma,Miranda,19,F,San Juan,Caucete,2021-12-13
1800,Antonia,Fernandez,71,M,Río Negro,Viedma,2025-02-23
1801,Ian,Arias,54,F,Entre Ríos,Gualeguaychú,2023-10-28
1802,Juan Pablo,Godoy,64,F,Mendoza,Luján de Cuyo,2022-12-24
1803,Lautaro Ezequiel,Blanco,37,F,Santa Cruz,Pico Truncado,2025-11-16
1804,Thiago Benjamin,Perez,55,M,Misiones,Eldorado,2025-07-27
1805,Martina,Fernandez,55,M,San Luis,Juana Koslay,2023-01-01
1806,Mateo,Godoy,55,M,Formosa,Formosa,2021-10-14
1807,Agostina,Castro,67,M,Río Negro,Viedma,2024-10-09
1808,Juan Pablo,Gonzalez,25,M,La Rioja,Aimogasta,2026-04-26
1809,Malena,Romero,62,M,Misiones,Posadas,2023-06-02
1810,Delfina,Bustos,32,M,CABA,CABA,2024-02-02
1811,Simon,Ramirez,69,M,Entre Ríos,Concordia,2025-08-06
1812,Bautista,Vega,53,F,Jujuy,Palpalá,2025-05-04
1813,Lautaro Benjamin,Herrera,44,F,San Juan,Caucete,2022-11-14
1814,Valentina,Rios,70,M,Santa Fe,Rafaela,2021-08-29
1815,Pilar,Bravo,57,F,Santiago del Estero,La Banda,2023-11-12
1816,Gonzalo,Gomez,60,M,Chaco,Presidencia Roque Sáenz Peña,2025-08-22
1817,Maria Belen,Ruiz,72,F,Buenos Aires,Quilmes,2022-09-19
1818,Malena,Silva,47,M,Santa Fe,Santa Fe,2026-02-01
1819,Tomas,Perez,56,F,Misiones,Apóstoles,2023-04-22
1820,Julieta,Medina,61,F,Córdoba,Córdoba,2026-05-20
1821,Gino,Suarez,49,M,Santiago del Estero,Termas de Río Hondo,2025-06-30
1822,Mia,Vega,42,M,Neuquén,Cutral Co,2023-01-22
1823,Lautaro Benjamin,Maldonado,27,M,San Juan,Rawson,2026-06-26
1824,Lourdes,Torres,34,F,La Rioja,Aimogasta,2024-05-24
1825,Facundo,Acuña,57,F,Santa Cruz,Pico Truncado,2023-12-13
1826,Tiziana,Vera,55,F,San Luis,Merlo,2024-06-25
1827,Delfina,Rodriguez,69,F,Corrientes,Goya,2022-06-03
1828,Genaro,Gomez,63,F,La Rioja,La Rioja,2025-12-15
1829,Alejo,Alvarez,36,M,CABA,CABA,2026-05-20
1830,Victoria,Farias,67,M,La Pampa,Realicó,2022-07-09
1831,Bruno,Cabrera,49,F,Corrientes,Paso de los Libres,2026-02-10
1832,Francisco,Castro,69,F,Formosa,Las Lomitas,2023-07-18
1833,Emilia,Leiva,40,M,Salta,General Güemes,2024-04-08
1834,Isabella,Romero,66,F,Río Negro,San Carlos de Bariloche,2024-10-05
1835,Martina,Torres,31,M,Salta,Orán,2024-11-19
1836,Catalina,Vazquez,72,M,Buenos Aires,Zárate,2025-08-08
1837,Simon,Maldonado,65,M,Corrientes,Goya,2023-08-27
1838,Lorenzo,Martin,75,M,Formosa,Clorinda,2026-06-05
1839,Uma,Rodriguez,73,F,CABA,CABA,2026-01-10
1840,Tomas Benjamin,Diaz,65,F,Entre Ríos,Gualeguaychú,2022-12-21
1841,Ignacio,Flores,35,F,Neuquén,Zapala,2024-04-20
1842,Amparo,Rodriguez,39,F,Santa Cruz,Río Gallegos,2025-03-28
1843,Milo,Valdez,71,F,CABA,CABA,2022-05-28
1844,Alma,Perez,46,F,Santa Cruz,Pico Truncado,2023-02-10
1845,Franco,Cabrera,63,F,Misiones,Eldorado,2022-08-29
1846,Benjamin,Olivera,58,F,Catamarca,Tinogasta,2022-09-20
1847,Juan Bautista,Gonzalez,25,M,La Pampa,Realicó,2022-10-10
1848,Dante,Romero,22,F,Tierra del Fuego,Tolhuin,2022-01-14
1849,Augusto,Perez,75,F,Santa Fe,Rosario,2025-10-21
1850,Isabella,Torres,26,M,Entre Ríos,Victoria,2024-10-23
1851,Isabel,Castro,26,M,Chaco,Presidencia Roque Sáenz Peña,2025-06-11
1852,Ludmila,Torres,55,F,Río Negro,Villa Regina,2024-03-28
1853,Santino Agustin,Ledesma,30,F,Tierra del Fuego,Ushuaia,2023-01-25
1854,Juana,Valdez,39,M,Santiago del Estero,Frías,2025-03-26
1855,Lucía ,Farias,58,F,Neuquén,Cutral Co,2025-12-11
1856,Faustino,Cardozo,65,M,San Juan,Caucete,2024-07-25
1857,Camila,Leiva,55,M,Misiones,Apóstoles,2023-03-21
1858,Ciro,Cardozo,36,F,Río Negro,San Carlos de Bariloche,2024-07-26
1859,Emilia,Sanchez,62,M,Entre Ríos,Gualeguaychú,2023-01-07
1860,Paula,Juarez,30,M,La Pampa,Santa Rosa,2022-08-28
1861,Joaquín,Blanco,54,F,Entre Ríos,Gualeguaychú,2023-07-25
1862,Lorenzo,Romero,60,M,Río Negro,San Carlos de Bariloche,2023-10-19
1863,Mateo,Vega,63,M,La Rioja,Chilecito,2023-03-22
1864,Zoe,Gonzalez,23,F,Catamarca,Santa María,2025-08-29
1865,Guillermina,Vargas,56,F,Río Negro,General Roca,2026-07-05
1866,Augusto,Vargas,32,M,Chaco,Resistencia,2021-09-04
1867,Gael,Ortiz,47,M,Misiones,Apóstoles,2024-02-11
1868,Simon,Soto,20,F,Córdoba,Alta Gracia,2024-01-21
1869,Maximo,Martinez,67,M,Salta,Orán,2023-05-27
1870,Lautaro Gabriel,Garcia,57,M,Neuquén,Cutral Co,2023-09-24
1871,Camilo,Muñoz,56,M,Jujuy,San Salvador de Jujuy,2023-07-09
1872,Julieta,Morales,70,F,Santiago del Estero,Añatuya,2023-08-06
1873,Tomàs,Silva,43,M,Santa Fe,Reconquista,2024-05-15
1874,Ludmila,Aguirre,74,F,Chaco,Barranqueras,2025-02-14
1875,Guillermina,Correa,23,F,Santiago del Estero,Frías,2026-01-11
1876,Enzo,Pereyra,56,F,Jujuy,Perico,2026-03-18
1877,Bruno,Villalba,60,F,San Juan,Jáchal,2023-12-11
1878,Octavio,Aguirre,52,F,Mendoza,Mendoza,2026-06-02
1879,Santiago,Flores,41,F,CABA,CABA,2022-03-09
1880,Guadalupe,Lopez,46,M,Neuquén,Zapala,2024-05-26
1881,Luciana,Perez,71,M,Misiones,Oberá,2025-06-26
1882,Juan Ignacio,Gomez,62,M,La Pampa,General Pico,2025-10-15
1883,Pedro,Juarez,56,M,Corrientes,Mercedes,2022-11-20
1884,Agustin,Acosta,38,M,Santa Fe,Reconquista,2024-11-14
1885,Morena,Peralta,61,M,Catamarca,Santa María,2023-06-21
1886,Emma,Gomez,74,M,Formosa,Las Lomitas,2025-09-23
1887,Ema,Lopez,23,F,Entre Ríos,Paraná,2024-03-08
1888,Tomas,Suarez,75,F,Santa Cruz,Caleta Olivia,2025-10-05
1889,Emma,Sosa,44,M,Córdoba,Córdoba,2024-12-31
1890,Mia Morena,Torres,33,F,Catamarca,Andalgalá,2022-04-22
1891,Sol,Luna,57,F,Tierra del Fuego,Tolhuin,2025-02-04
1892,Benjamin Ezequiel,Lopez,49,F,Santa Fe,Santa Fe,2022-01-21
1893,Mateo Agustin,Gutierrez,24,F,Río Negro,Viedma,2025-02-15
1894,Isabella,Luna,59,M,Tierra del Fuego,Ushuaia,2023-02-24
1895,Julian,Sosa,61,F,La Pampa,Toay,2024-09-18
1896,Pilar,Dominguez,35,F,Salta,General Güemes,2025-02-17
1897,Zoe,Rodriguez,21,M,La Rioja,Chepes,2023-01-22
1898,Jazmín,Juarez,42,M,Catamarca,Belén,2021-09-10
1899,Mia Morena,Cardozo,41,M,Neuquén,San Martín de los Andes,2022-03-31
1900,León,Perez,54,M,Río Negro,Cipolletti,2025-05-08
1901,Martina,Gomez,51,F,Río Negro,San Carlos de Bariloche,2022-01-02
1902,Bautista Benjamin,Moreno,45,F,Córdoba,Villa María,2023-12-31
1903,Malena,Romero,52,M,La Rioja,La Rioja,2024-01-03
1904,Angelina,Moreno,65,M,Catamarca,Belén,2022-02-02
1905,Victoria,Ferreyra,55,F,Río Negro,Cipolletti,2023-07-02
1906,Lisandro,Quiroga,35,M,Chaco,Charata,2025-06-17
1907,Benicio,Gonzalez,51,F,Jujuy,Palpalá,2022-04-09
1908,Bautista,Martinez,74,M,Chaco,Presidencia Roque Sáenz Peña,2026-07-07
1909,Pilar,Lopez,55,F,Chubut,Rawson,2022-11-07
1910,Victoria,Sanchez,60,M,Santiago del Estero,Santiago del Estero,2024-07-28
1911,Santiago,Rodriguez,71,M,San Luis,Villa Mercedes,2026-05-21
1912,Agostina,Perez,70,F,Jujuy,Palpalá,2024-10-21
1913,Benjamin Ezequiel,Garcia,40,M,Neuquén,San Martín de los Andes,2022-03-18
1914,Antonio,Perez,64,F,CABA,CABA,2024-11-20
1915,Maximo,Garcia,43,M,Río Negro,Villa Regina,2022-12-14
1916,Mateo,Mendoza,34,F,San Juan,Jáchal,2021-09-19
1917,Ramiro,Rios,68,M,Corrientes,Corrientes,2025-04-23
1918,Lautaro,Olivera,31,M,Misiones,Eldorado,2024-09-12
1919,Juan Gabriel,Castillo,61,F,Chubut,Comodoro Rivadavia,2025-07-16
1920,Felipe,Dominguez,74,F,Buenos Aires,Quilmes,2026-04-16
1921,Valentin,Pereyra,67,F,Chaco,Presidencia Roque Sáenz Peña,2023-01-30
1922,Joaquin,Franco,21,M,Córdoba,Alta Gracia,2024-11-12
1923,Santino,Lucero,53,M,Misiones,Oberá,2024-07-15
1924,Benjamin,Chavez,35,F,Santa Fe,Rafaela,2025-10-27
1925,Jeremias,Paez,59,F,Salta,General Güemes,2023-03-05
1926,Gonzalo,Miranda,23,F,Córdoba,Alta Gracia,2022-07-14
1927,Jazmin,Rojas,40,F,Entre Ríos,Victoria,2022-11-28
1928,Ciro,Bustos,22,M,Tucumán,Tafí Viejo,2023-08-21
1929,Julieta,Morales,40,M,Santa Cruz,Río Gallegos,2024-10-20
1930,Antonia,Dominguez,45,F,Chaco,Charata,2023-12-08
1931,Priscila,Leiva,37,M,Córdoba,Villa María,2024-01-29
1932,Maite,Ortiz,43,M,San Juan,Caucete,2022-02-17
1933,Santiago Benjamin,Perez,61,M,Entre Ríos,Paraná,2025-08-12
1934,Juan Bautista,Ortiz,59,F,Catamarca,Tinogasta,2021-09-20
1935,Benjamin,Bravo,32,M,Santa Fe,Reconquista,2023-08-10
1936,Emilia,Roldan,48,M,Entre Ríos,Concepción del Uruguay,2025-05-14
1937,Olivia,Gonzalez,48,M,Chaco,Barranqueras,2024-05-22
1938,Francesca,Maldonado,29,M,CABA,CABA,2026-04-24
1939,Santiago,Alvarez,52,F,Formosa,Formosa,2023-11-30
1940,Angel Gabriel,Gimenez,32,M,Catamarca,Belén,2025-07-07
1941,Guillermina,Gonzalez,42,F,Catamarca,Andalgalá,2025-05-14
1942,Isabella,Medina,19,M,La Pampa,Realicó,2024-10-21
1943,Juana,Gonzalez,58,F,CABA,CABA,2022-11-18
1944,Paulina,Perez,60,M,Salta,General Güemes,2022-10-23
1945,Mora,Hernandez,19,F,La Rioja,Chamical,2023-03-11
1946,Santino,Silva,30,F,San Juan,Caucete,2026-06-14
1947,Tomàs,Lopez,71,F,La Rioja,La Rioja,2023-03-19
1948,Alma,Romero,67,M,Santa Cruz,Caleta Olivia,2025-06-26
1949,Francisco,Perez,48,F,Córdoba,Villa Carlos Paz,2021-09-27
1950,Victoria,Torres,26,F,Chubut,Rawson,2025-09-06
1951,Carmela,Carrizo,45,F,Chubut,Puerto Madryn,2024-12-08
1952,Isabella,Lopez,74,F,CABA,CABA,2026-05-20
1953,Milagros,Lopez,21,F,Neuquén,Neuquén,2023-08-02
1954,Francesco,Moyano,67,M,Entre Ríos,Paraná,2023-05-25
1955,Lautaro Ezequiel,Lopez,24,F,Santiago del Estero,Añatuya,2026-04-05
1956,Alma,Diaz,55,M,Santiago del Estero,Termas de Río Hondo,2025-01-20
1957,Emanuel,Gomez,37,M,Catamarca,Belén,2022-09-29
1958,Juan Cruz,Villalba,44,M,Entre Ríos,Concordia,2022-01-11
1959,Nina,Cruz,51,F,Neuquén,San Martín de los Andes,2024-11-14
1960,Mateo,Lucero,53,F,Salta,Tartagal,2023-06-19
1961,Olivia,Ramos,40,M,Tucumán,Concepción,2025-01-16
1962,Thiago Nicolas,Gonzalez,35,F,Santa Fe,Esperanza,2023-07-25
1963,Juan Pablo,Rodriguez,32,F,CABA,CABA,2022-10-01
1964,Isabella,Martinez,40,F,Buenos Aires,La Plata,2024-08-16
1965,Catalina,Gomez,68,F,La Pampa,General Pico,2023-04-09
1966,Ignacio,Gonzalez,49,F,Santa Cruz,Pico Truncado,2023-11-03
1967,Emma,Ferreyra,28,M,Córdoba,Villa Carlos Paz,2022-10-02
1968,Agustin,Valdez,53,M,Córdoba,Río Cuarto,2022-03-06
1969,Catalina,Rodriguez,74,F,Córdoba,Río Cuarto,2024-01-09
1970,Paloma,Gutierrez,54,M,Jujuy,Libertador General San Martín,2023-01-18
1971,Bautista,Alvarez,18,F,Misiones,Oberá,2025-07-04
1972,Santiago Nicolas,Figueroa,23,M,La Rioja,Chamical,2025-05-20
1973,Simon,Leiva,65,F,Córdoba,Villa María,2024-03-14
1974,Pedro,Chavez,28,F,Córdoba,Villa Carlos Paz,2023-04-15
1975,Lola,Ojeda,59,M,Mendoza,Luján de Cuyo,2025-08-03
1976,Josefina,Rodriguez,44,F,Santiago del Estero,La Banda,2021-11-04
1977,Nina,Ramos,41,M,La Pampa,Realicó,2021-09-30
1978,Pilar,Fernandez,46,M,Misiones,Puerto Iguazú,2021-08-10
1979,Felicitas,Gomez,26,M,Salta,Salta,2023-11-20
1980,Felicitas,Luna,29,M,Jujuy,Palpalá,2025-10-21
1981,Lautaro Benjamin,Silva,34,F,Salta,General Güemes,2021-10-22
1982,Pilar,Alvarez,33,M,La Rioja,Chilecito,2021-09-08
1983,Santino Ezequiel,Suarez,59,M,Tierra del Fuego,Ushuaia,2023-02-16
1984,Morena Jazmin,Peralta,65,M,La Rioja,Aimogasta,2024-11-28
1985,Thiago,Cruz,43,F,CABA,CABA,2021-11-15
1986,Sofia,Arias,29,F,Entre Ríos,Gualeguaychú,2022-04-07
1987,Catalina,Navarro,71,F,San Juan,Caucete,2023-01-14
1988,Maria Emilia,Medina,70,F,Jujuy,Palpalá,2024-02-09
1989,Pedro,Ruiz,49,F,Santa Fe,Rafaela,2023-03-21
1990,Tomas,Gutierrez,22,M,Corrientes,Paso de los Libres,2025-03-28
1991,Lucio,Ortiz,33,F,Chubut,Puerto Madryn,2023-05-09
1992,Tobias,Garcia,34,F,La Pampa,Toay,2023-08-19
1993,Antonia,Silva,33,F,Tucumán,Monteros,2023-08-02
1994,Milagros,Garcia,66,F,CABA,CABA,2025-05-18
1995,Valentina,Rodriguez,70,F,Corrientes,Corrientes,2023-06-19
1996,Ignacio,Ramirez,21,M,CABA,CABA,2021-08-01
1997,Martin,Gonzalez,56,M,Santa Fe,Santa Fe,2023-09-11
1998,Olivia,Torres,70,F,Jujuy,Libertador General San Martín,2022-01-25
1999,Delfina,Torres,31,F,Chaco,Villa Ángela,2024-03-03
2000,Bautista,Sanchez,43,M,Misiones,Posadas,2024-08-07
