id_venta,fecha,id_cliente,id_producto,id_empleado,cantidad,precio_unitario,descuento,medio_pago,canal
1,2025-04-29,1760,9,4,1,944582,0,Tarjeta de Crédito,Online
2,2022-09-12,1530,13,9,1,1102174,0,Tarjeta de Débito,Sucursal
3,2023-07-17,550,8,19,1,1661179,5,Tarjeta de Crédito,Online
4,2022-07-23,270,18,18,1,1042885,0,Tarjeta de Crédito,Sucursal
5,2025-01-04,1866,9,3,1,944582,0,Mercado Pago,Online
6,2023-10-23,1370,7,1,2,1778736,0,Tarjeta de Crédito,Sucursal
7,2021-09-28,1847,7,8,1,1778736,15,Tarjeta de Crédito,Sucursal
8,2021-07-14,1333,8,5,1,1661179,0,Tarjeta de Crédito,Sucursal
9,2026-06-07,898,2,2,2,1484902,0,Tarjeta de Crédito,Online
10,2026-02-08,654,15,18,1,2254306,0,Tarjeta de Débito,Online
11,2021-12-01,163,5,6,4,658866,10,Tarjeta de Crédito,Sucursal
12,2024-02-02,108,3,17,1,1748036,15,Tarjeta de Crédito,Online
13,2024-11-14,1919,23,9,2,1928958,0,Transferencia,Sucursal
14,2025-07-23,1791,12,17,2,1844344,0,Tarjeta de Crédito,Sucursal
15,2023-12-15,363,15,1,2,2254306,5,Efectivo,Sucursal
16,2025-04-18,1812,13,10,1,1102174,10,Mercado Pago,Sucursal
17,2025-06-04,92,6,4,1,1764687,0,Transferencia,Sucursal
18,2023-06-09,1983,21,20,1,1989781,0,Mercado Pago,Sucursal
19,2021-07-05,922,7,14,1,1778736,15,Transferencia,Sucursal
20,2024-06-12,15,25,5,2,1853677,20,Transferencia,Sucursal
21,2025-02-23,1618,6,19,1,1764687,10,Tarjeta de Crédito,Sucursal
22,2025-04-26,238,14,9,1,2132068,5,Mercado Pago,Sucursal
23,2024-09-05,461,1,12,2,934942,10,Tarjeta de Crédito,Sucursal
24,2022-09-03,1116,5,7,1,658866,20,Tarjeta de Débito,Sucursal
25,2023-12-15,1532,4,20,2,2160479,15,Tarjeta de Crédito,Online
26,2025-12-26,153,21,19,2,1989781,0,Mercado Pago,Sucursal
27,2024-06-04,1274,10,9,1,2261684,0,Tarjeta de Crédito,Online
28,2023-03-28,1567,14,4,1,2132068,0,Tarjeta de Débito,Sucursal
29,2026-02-24,438,22,13,1,1797606,15,Tarjeta de Crédito,Sucursal
30,2022-08-28,539,13,5,2,1102174,5,Transferencia,Online
31,2022-10-20,494,10,11,1,2261684,10,Tarjeta de Débito,Sucursal
32,2022-12-23,1684,23,1,1,1928958,0,Mercado Pago,Sucursal
33,2021-10-06,784,8,12,1,1661179,0,Mercado Pago,Sucursal
34,2024-09-26,217,15,2,1,2254306,10,Tarjeta de Débito,Sucursal
35,2024-04-07,1548,17,3,2,1455169,20,Tarjeta de Débito,Online
36,2023-07-15,316,19,5,1,1030169,0,Transferencia,Sucursal
37,2024-04-21,715,11,9,1,1298880,5,Transferencia,Sucursal
38,2024-06-08,954,16,16,1,954116,0,Mercado Pago,Online
39,2022-04-10,604,17,6,1,1455169,5,Tarjeta de Crédito,Online
40,2025-04-29,1847,2,6,1,1484902,15,Tarjeta de Crédito,Sucursal
41,2023-08-22,1449,3,7,3,1748036,15,Mercado Pago,Sucursal
42,2025-12-08,719,16,1,1,954116,10,Tarjeta de Crédito,Sucursal
43,2022-03-10,1654,14,20,1,2132068,0,Tarjeta de Crédito,Sucursal
44,2022-06-23,1550,19,1,1,1030169,0,Tarjeta de Crédito,Sucursal
45,2024-05-02,1071,9,7,2,944582,0,Tarjeta de Crédito,Online
46,2022-11-06,1495,13,16,1,1102174,0,Tarjeta de Crédito,Sucursal
47,2025-09-29,977,7,10,1,1778736,0,Tarjeta de Crédito,Sucursal
48,2026-01-14,290,15,1,1,2254306,5,Transferencia,Online
49,2025-11-26,1268,16,4,2,954116,5,Tarjeta de Crédito,Online
50,2023-12-04,909,14,9,3,2132068,10,Mercado Pago,Sucursal
51,2024-12-10,1322,2,17,2,1484902,0,Efectivo,Sucursal
52,2021-09-09,605,6,5,2,1764687,0,Tarjeta de Crédito,Sucursal
53,2024-02-02,459,23,2,1,1928958,0,Mercado Pago,Online
54,2026-03-16,823,23,5,1,1928958,0,Tarjeta de Crédito,Sucursal
55,2024-01-06,931,9,10,1,944582,5,Transferencia,Online
56,2022-11-04,358,2,11,2,1484902,10,Tarjeta de Crédito,Sucursal
57,2023-08-09,1491,25,16,1,1853677,15,Transferencia,Sucursal
58,2021-07-17,1130,23,14,1,1928958,5,Tarjeta de Crédito,Sucursal
59,2023-06-20,152,8,8,1,1661179,15,Tarjeta de Crédito,Online
60,2022-02-16,1695,12,2,2,1844344,15,Tarjeta de Débito,Sucursal
61,2023-11-21,494,17,20,1,1455169,5,Tarjeta de Crédito,Sucursal
62,2022-01-26,808,6,10,2,1764687,30,Efectivo,Online
63,2024-08-22,1239,12,1,2,1844344,0,Tarjeta de Crédito,Online
64,2024-11-26,1737,9,17,1,944582,0,Mercado Pago,Sucursal
65,2025-05-30,1412,9,6,1,944582,0,Tarjeta de Crédito,Sucursal
66,2025-08-22,599,25,20,1,1853677,0,Transferencia,Online
67,2022-10-25,1950,1,14,1,934942,0,Tarjeta de Crédito,Online
68,2023-03-14,1259,4,12,1,2160479,10,Tarjeta de Crédito,Sucursal
69,2023-03-07,38,16,17,1,954116,5,Tarjeta de Crédito,Sucursal
70,2025-12-24,2000,2,2,2,1484902,30,Mercado Pago,Sucursal
71,2024-04-29,1455,6,13,1,1764687,0,Tarjeta de Crédito,Sucursal
72,2023-06-29,423,4,1,2,2160479,15,Tarjeta de Crédito,Online
73,2026-03-15,916,10,4,4,2261684,10,Tarjeta de Débito,Sucursal
74,2024-04-26,1028,3,12,1,1748036,0,Tarjeta de Crédito,Sucursal
75,2024-01-27,942,1,7,1,934942,10,Tarjeta de Crédito,Sucursal
76,2024-01-07,1309,17,7,1,1455169,0,Tarjeta de Débito,Sucursal
77,2024-12-24,1041,23,3,2,1928958,0,Tarjeta de Crédito,Sucursal
78,2023-09-03,30,5,5,1,658866,0,Transferencia,Sucursal
79,2024-04-27,428,2,13,1,1484902,0,Transferencia,Sucursal
80,2024-01-20,1324,24,16,2,1763627,0,Tarjeta de Crédito,Online
81,2023-06-12,425,23,7,1,1928958,10,Transferencia,Online
82,2023-04-20,1846,9,11,1,944582,10,Tarjeta de Débito,Sucursal
83,2022-08-01,430,18,4,1,1042885,10,Tarjeta de Crédito,Online
84,2022-04-12,1588,8,17,2,1661179,0,Tarjeta de Crédito,Sucursal
85,2022-10-27,1026,25,5,1,1853677,0,Mercado Pago,Sucursal
86,2023-12-20,9,5,3,1,658866,10,Transferencia,Online
87,2023-08-24,1785,15,11,1,2254306,20,Tarjeta de Crédito,Online
88,2023-08-20,1555,19,18,1,1030169,0,Tarjeta de Crédito,Online
89,2021-10-05,1272,19,15,1,1030169,15,Tarjeta de Crédito,Online
90,2023-02-25,106,13,14,1,1102174,10,Efectivo,Sucursal
91,2025-01-31,508,9,12,2,944582,0,Mercado Pago,Online
92,2021-10-30,860,5,3,2,658866,0,Tarjeta de Crédito,Online
93,2022-05-24,912,12,13,1,1844344,0,Tarjeta de Débito,Online
94,2022-04-17,1810,12,11,1,1844344,0,Mercado Pago,Sucursal
95,2026-01-13,1850,11,12,2,1298880,0,Transferencia,Sucursal
96,2024-03-01,277,8,11,1,1661179,5,Mercado Pago,Sucursal
97,2022-09-26,1679,15,17,1,2254306,5,Transferencia,Sucursal
98,2026-04-22,724,2,20,1,1484902,10,Mercado Pago,Online
99,2025-11-24,1324,1,5,1,934942,5,Tarjeta de Crédito,Sucursal
100,2023-03-05,394,23,6,1,1928958,0,Tarjeta de Crédito,Sucursal
101,2022-12-16,841,12,5,1,1844344,0,Tarjeta de Crédito,Sucursal
102,2025-01-27,1406,14,1,1,2132068,5,Tarjeta de Crédito,Sucursal
103,2024-01-22,1361,24,6,2,1763627,10,Transferencia,Online
104,2024-05-03,501,13,3,1,1102174,0,Transferencia,Online
105,2026-06-18,358,9,3,1,944582,0,Tarjeta de Crédito,Sucursal
106,2022-02-21,160,11,11,1,1298880,5,Mercado Pago,Sucursal
107,2023-06-02,92,15,18,1,2254306,0,Tarjeta de Débito,Sucursal
108,2023-07-07,352,25,4,1,1853677,20,Transferencia,Sucursal
109,2025-06-13,1013,1,8,1,934942,10,Mercado Pago,Sucursal
110,2023-07-30,671,5,1,1,658866,0,Tarjeta de Crédito,Online
111,2024-06-26,1618,10,12,1,2261684,15,Tarjeta de Crédito,Online
112,2025-07-30,1776,6,9,1,1764687,5,Tarjeta de Débito,Sucursal
113,2024-12-15,1588,20,5,3,2236130,10,Mercado Pago,Sucursal
114,2025-06-22,1135,22,19,1,1797606,10,Tarjeta de Débito,Sucursal
115,2026-04-15,928,18,19,1,1042885,5,Tarjeta de Crédito,Sucursal
116,2025-03-13,1000,17,11,1,1455169,20,Tarjeta de Crédito,Sucursal
117,2023-11-13,1380,16,11,1,954116,0,Mercado Pago,Sucursal
118,2023-11-21,363,15,2,1,2254306,0,Tarjeta de Crédito,Sucursal
119,2025-03-07,228,15,11,1,2254306,0,Tarjeta de Crédito,Sucursal
120,2024-07-19,105,1,17,1,934942,0,Tarjeta de Débito,Sucursal
121,2022-11-17,1347,9,20,1,944582,10,Tarjeta de Crédito,Online
122,2024-01-13,1636,21,7,1,1989781,0,Transferencia,Sucursal
123,2024-06-03,551,12,5,2,1844344,15,Tarjeta de Crédito,Sucursal
124,2024-11-24,884,1,3,1,934942,20,Tarjeta de Crédito,Online
125,2024-06-02,1293,9,18,1,944582,20,Tarjeta de Crédito,Online
126,2023-10-30,1605,23,11,5,1928958,0,Tarjeta de Débito,Online
127,2022-07-28,1570,9,9,2,944582,0,Tarjeta de Crédito,Online
128,2021-12-10,89,1,13,1,934942,0,Tarjeta de Débito,Sucursal
129,2024-09-26,1574,22,18,1,1797606,5,Tarjeta de Crédito,Online
130,2024-08-05,1975,23,12,1,1928958,5,Tarjeta de Crédito,Sucursal
131,2025-02-14,235,7,13,3,1778736,15,Tarjeta de Crédito,Sucursal
132,2026-05-30,1704,15,6,1,2254306,0,Tarjeta de Crédito,Online
133,2022-01-02,1171,22,17,1,1797606,0,Tarjeta de Crédito,Sucursal
134,2024-05-12,1287,9,16,2,944582,10,Tarjeta de Crédito,Online
135,2022-02-10,694,8,7,3,1661179,5,Tarjeta de Crédito,Online
136,2021-11-16,437,9,2,3,944582,5,Tarjeta de Crédito,Sucursal
137,2022-11-13,1591,7,14,1,1778736,15,Tarjeta de Crédito,Online
138,2021-11-20,1274,4,10,1,2160479,0,Efectivo,Sucursal
139,2022-02-02,500,4,5,1,2160479,0,Tarjeta de Crédito,Online
140,2024-01-14,1177,13,6,2,1102174,0,Tarjeta de Débito,Sucursal
141,2025-10-13,1481,1,10,1,934942,0,Transferencia,Online
142,2023-04-07,1314,15,2,1,2254306,0,Tarjeta de Débito,Sucursal
143,2023-11-29,32,16,8,1,954116,0,Tarjeta de Débito,Sucursal
144,2022-03-13,689,8,1,2,1661179,0,Efectivo,Sucursal
145,2025-11-22,921,19,3,1,1030169,0,Tarjeta de Crédito,Sucursal
146,2022-08-11,339,23,11,3,1928958,0,Mercado Pago,Sucursal
147,2025-12-30,1496,7,6,1,1778736,5,Tarjeta de Débito,Sucursal
148,2023-03-23,1370,7,14,1,1778736,15,Tarjeta de Crédito,Sucursal
149,2021-09-20,1831,22,3,1,1797606,5,Mercado Pago,Online
150,2023-10-21,10,10,18,2,2261684,0,Tarjeta de Crédito,Online
151,2024-08-12,218,21,12,3,1989781,0,Tarjeta de Débito,Sucursal
152,2022-04-13,1085,9,4,1,944582,10,Transferencia,Online
153,2022-07-11,1865,1,13,1,934942,0,Tarjeta de Crédito,Online
154,2026-04-15,1728,15,1,1,2254306,0,Tarjeta de Crédito,Online
155,2022-09-05,1446,10,4,1,2261684,10,Tarjeta de Crédito,Sucursal
156,2021-07-17,368,17,7,1,1455169,20,Mercado Pago,Sucursal
157,2022-06-22,635,24,7,2,1763627,10,Tarjeta de Crédito,Online
158,2022-08-07,232,22,5,1,1797606,20,Tarjeta de Crédito,Online
159,2025-04-02,1891,24,5,2,1763627,0,Mercado Pago,Online
160,2022-07-14,81,25,15,1,1853677,15,Tarjeta de Crédito,Online
161,2024-09-11,308,10,5,1,2261684,5,Tarjeta de Crédito,Online
162,2025-04-06,1652,25,9,1,1853677,0,Mercado Pago,Online
163,2023-02-24,493,7,3,1,1778736,0,Tarjeta de Crédito,Sucursal
164,2023-08-01,1357,6,7,1,1764687,20,Tarjeta de Crédito,Sucursal
165,2024-04-04,1368,14,13,1,2132068,0,Tarjeta de Crédito,Sucursal
166,2025-02-02,782,10,9,1,2261684,0,Mercado Pago,Online
167,2023-09-04,1939,25,6,1,1853677,5,Tarjeta de Débito,Sucursal
168,2022-01-20,1592,12,16,1,1844344,15,Transferencia,Sucursal
169,2026-03-15,1859,17,3,3,1455169,20,Tarjeta de Crédito,Sucursal
170,2023-10-20,1322,9,19,1,944582,5,Tarjeta de Débito,Sucursal
171,2023-01-22,1470,1,18,1,934942,15,Tarjeta de Crédito,Sucursal
172,2023-07-31,1550,8,10,2,1661179,0,Tarjeta de Débito,Online
173,2025-04-20,80,9,16,2,944582,0,Tarjeta de Débito,Online
174,2026-02-20,1810,1,14,3,934942,10,Tarjeta de Crédito,Online
175,2023-12-05,1373,13,8,1,1102174,0,Tarjeta de Crédito,Sucursal
176,2025-08-24,641,22,5,1,1797606,0,Mercado Pago,Online
177,2023-05-09,83,10,10,1,2261684,0,Mercado Pago,Online
178,2022-01-04,1864,21,11,1,1989781,10,Tarjeta de Crédito,Sucursal
179,2026-02-20,405,12,9,1,1844344,0,Mercado Pago,Online
180,2022-07-05,1808,25,7,5,1853677,10,Tarjeta de Débito,Sucursal
181,2022-06-16,539,20,6,1,2236130,0,Transferencia,Sucursal
182,2022-12-03,1001,20,8,2,2236130,0,Tarjeta de Débito,Sucursal
183,2022-05-23,921,13,18,1,1102174,0,Tarjeta de Crédito,Sucursal
184,2024-09-12,1275,6,1,1,1764687,0,Tarjeta de Débito,Sucursal
185,2023-07-08,565,25,13,1,1853677,0,Tarjeta de Crédito,Online
186,2022-08-13,548,14,10,1,2132068,0,Tarjeta de Crédito,Sucursal
187,2024-12-10,71,4,5,1,2160479,0,Tarjeta de Crédito,Online
188,2025-10-08,132,7,4,1,1778736,5,Mercado Pago,Sucursal
189,2025-10-10,1870,25,13,1,1853677,0,Tarjeta de Crédito,Sucursal
190,2023-09-07,574,24,18,3,1763627,0,Tarjeta de Crédito,Sucursal
191,2024-04-24,695,3,9,1,1748036,5,Mercado Pago,Online
192,2025-02-09,112,23,9,1,1928958,0,Mercado Pago,Online
193,2023-11-03,939,8,17,1,1661179,0,Tarjeta de Crédito,Online
194,2025-07-26,105,19,20,1,1030169,0,Efectivo,Sucursal
195,2023-01-19,1237,23,12,2,1928958,0,Mercado Pago,Sucursal
196,2023-04-01,268,8,12,2,1661179,15,Tarjeta de Crédito,Sucursal
197,2024-06-07,1211,4,9,1,2160479,5,Tarjeta de Crédito,Sucursal
198,2025-11-25,1614,17,11,1,1455169,5,Tarjeta de Crédito,Sucursal
199,2024-10-30,925,23,10,2,1928958,0,Transferencia,Sucursal
200,2023-04-19,751,16,15,1,954116,0,Tarjeta de Débito,Sucursal
201,2023-09-05,1996,23,20,1,1928958,10,Efectivo,Online
202,2025-01-13,397,4,16,1,2160479,0,Efectivo,Online
203,2025-07-08,1698,15,4,1,2254306,0,Transferencia,Sucursal
204,2021-12-20,966,23,2,1,1928958,10,Mercado Pago,Sucursal
205,2022-08-29,1542,23,1,1,1928958,0,Tarjeta de Crédito,Sucursal
206,2023-10-10,1105,14,11,1,2132068,5,Tarjeta de Débito,Sucursal
207,2022-05-04,1950,1,3,1,934942,0,Tarjeta de Débito,Sucursal
208,2022-03-06,144,14,14,1,2132068,10,Tarjeta de Crédito,Online
209,2024-04-29,1686,21,13,2,1989781,0,Tarjeta de Crédito,Online
210,2022-03-13,1009,4,14,1,2160479,0,Mercado Pago,Sucursal
211,2022-05-01,1923,23,7,1,1928958,5,Tarjeta de Crédito,Sucursal
212,2022-10-22,1813,15,20,1,2254306,0,Tarjeta de Crédito,Sucursal
213,2026-05-10,359,4,20,1,2160479,0,Transferencia,Sucursal
214,2021-11-06,602,25,1,1,1853677,0,Tarjeta de Débito,Online
215,2022-10-20,1632,19,18,1,1030169,15,Tarjeta de Crédito,Sucursal
216,2022-04-04,1621,10,7,1,2261684,5,Tarjeta de Crédito,Sucursal
217,2022-11-09,1442,13,3,1,1102174,20,Tarjeta de Crédito,Sucursal
218,2023-07-26,943,16,1,1,954116,5,Tarjeta de Crédito,Sucursal
219,2022-06-02,93,6,5,2,1764687,10,Mercado Pago,Online
220,2021-10-16,732,13,11,3,1102174,0,Tarjeta de Crédito,Online
221,2021-12-23,74,20,10,1,2236130,0,Tarjeta de Crédito,Sucursal
222,2024-03-21,166,10,9,1,2261684,10,Tarjeta de Crédito,Online
223,2026-04-20,562,13,13,2,1102174,20,Tarjeta de Débito,Online
224,2022-06-10,1799,4,4,1,2160479,0,Mercado Pago,Online
225,2021-08-15,882,14,2,1,2132068,0,Tarjeta de Crédito,Sucursal
226,2026-03-12,1761,12,18,1,1844344,5,Tarjeta de Crédito,Sucursal
227,2024-07-03,17,16,2,1,954116,10,Transferencia,Sucursal
228,2022-01-13,475,4,6,1,2160479,0,Tarjeta de Crédito,Online
229,2023-01-03,1874,3,8,2,1748036,15,Tarjeta de Crédito,Sucursal
230,2024-09-13,879,14,9,1,2132068,0,Tarjeta de Crédito,Sucursal
231,2025-06-27,1994,21,11,2,1989781,0,Tarjeta de Crédito,Online
232,2022-07-12,1298,12,7,1,1844344,5,Mercado Pago,Online
233,2023-04-10,1018,2,1,3,1484902,0,Tarjeta de Débito,Sucursal
234,2023-08-10,720,2,7,1,1484902,15,Tarjeta de Débito,Online
235,2024-06-04,260,11,20,1,1298880,5,Tarjeta de Débito,Sucursal
236,2025-11-14,516,1,8,2,934942,0,Tarjeta de Crédito,Sucursal
237,2022-04-26,449,24,10,1,1763627,0,Mercado Pago,Online
238,2022-04-19,1318,6,13,1,1764687,0,Transferencia,Online
239,2024-01-25,996,12,12,2,1844344,15,Tarjeta de Crédito,Sucursal
240,2021-09-04,1280,21,4,1,1989781,0,Efectivo,Sucursal
241,2026-03-09,388,8,12,1,1661179,0,Efectivo,Online
242,2021-07-23,1325,17,8,1,1455169,0,Tarjeta de Crédito,Online
243,2025-06-11,1426,10,4,1,2261684,5,Tarjeta de Crédito,Online
244,2022-09-30,481,13,16,1,1102174,0,Tarjeta de Débito,Sucursal
245,2023-06-26,614,24,10,1,1763627,0,Efectivo,Sucursal
246,2025-12-27,200,8,5,1,1661179,0,Tarjeta de Crédito,Sucursal
247,2023-05-20,1748,24,17,1,1763627,5,Mercado Pago,Online
248,2021-11-26,1552,19,9,1,1030169,10,Tarjeta de Débito,Online
249,2021-12-03,1497,7,19,1,1778736,10,Mercado Pago,Online
250,2026-05-06,1568,2,16,1,1484902,0,Tarjeta de Crédito,Sucursal
251,2021-10-22,669,24,17,2,1763627,0,Tarjeta de Crédito,Sucursal
252,2025-07-12,100,18,14,2,1042885,0,Mercado Pago,Sucursal
253,2024-07-06,1065,14,17,1,2132068,0,Tarjeta de Débito,Sucursal
254,2021-11-30,52,24,6,1,1763627,20,Tarjeta de Crédito,Online
255,2023-04-19,1476,6,7,1,1764687,0,Tarjeta de Crédito,Sucursal
256,2022-11-25,460,18,12,1,1042885,0,Tarjeta de Crédito,Online
257,2021-08-08,1773,18,20,1,1042885,30,Mercado Pago,Sucursal
258,2025-03-08,1570,2,8,1,1484902,20,Mercado Pago,Online
259,2025-03-15,286,3,8,2,1748036,0,Tarjeta de Crédito,Online
260,2024-02-19,1108,3,4,1,1748036,0,Efectivo,Online
261,2026-05-30,812,8,3,1,1661179,15,Tarjeta de Crédito,Sucursal
262,2022-09-08,294,25,4,2,1853677,0,Mercado Pago,Sucursal
263,2021-08-05,712,9,17,1,944582,20,Tarjeta de Crédito,Online
264,2022-01-31,617,8,10,1,1661179,0,Tarjeta de Crédito,Sucursal
265,2025-02-06,1467,24,19,1,1763627,0,Tarjeta de Débito,Sucursal
266,2022-03-23,330,20,16,1,2236130,5,Tarjeta de Crédito,Online
267,2024-02-28,1636,9,3,1,944582,10,Tarjeta de Débito,Sucursal
268,2025-11-27,87,5,9,1,658866,5,Tarjeta de Débito,Sucursal
269,2021-07-20,1522,10,18,1,2261684,0,Tarjeta de Crédito,Sucursal
270,2025-03-12,885,21,7,2,1989781,10,Transferencia,Sucursal
271,2021-09-12,301,14,18,1,2132068,5,Mercado Pago,Online
272,2026-01-16,613,24,15,1,1763627,0,Transferencia,Sucursal
273,2025-06-29,1847,13,9,1,1102174,0,Tarjeta de Crédito,Sucursal
274,2023-07-07,1149,17,9,1,1455169,0,Transferencia,Online
275,2023-02-07,1637,18,16,1,1042885,20,Tarjeta de Débito,Sucursal
276,2025-06-16,1704,11,2,1,1298880,0,Tarjeta de Débito,Sucursal
277,2022-05-26,1477,1,7,1,934942,0,Tarjeta de Débito,Sucursal
278,2026-03-31,91,6,17,1,1764687,10,Efectivo,Online
279,2026-06-21,1245,8,5,2,1661179,0,Transferencia,Sucursal
280,2025-08-25,1460,9,18,1,944582,0,Transferencia,Online
281,2026-03-19,1027,2,1,1,1484902,0,Tarjeta de Débito,Online
282,2025-01-03,1269,6,14,1,1764687,0,Tarjeta de Crédito,Sucursal
283,2021-10-15,1145,10,19,1,2261684,20,Tarjeta de Crédito,Sucursal
284,2022-02-13,258,2,1,2,1484902,20,Tarjeta de Débito,Online
285,2025-11-22,1090,20,10,1,2236130,15,Mercado Pago,Online
286,2022-11-08,249,25,4,1,1853677,5,Mercado Pago,Online
287,2024-08-24,882,17,11,1,1455169,0,Tarjeta de Débito,Sucursal
288,2021-07-20,1271,23,17,2,1928958,5,Mercado Pago,Online
289,2022-10-07,1166,19,5,1,1030169,0,Transferencia,Sucursal
290,2024-06-21,742,22,9,1,1797606,10,Mercado Pago,Sucursal
291,2023-08-02,44,23,11,1,1928958,0,Tarjeta de Crédito,Sucursal
292,2023-06-22,413,13,9,1,1102174,0,Tarjeta de Débito,Online
293,2025-11-04,472,20,13,1,2236130,10,Transferencia,Online
294,2023-10-24,691,13,5,1,1102174,10,Tarjeta de Crédito,Sucursal
295,2025-02-08,617,4,1,2,2160479,10,Tarjeta de Débito,Sucursal
296,2021-12-15,1784,23,6,1,1928958,0,Tarjeta de Crédito,Sucursal
297,2024-01-29,417,9,1,2,944582,0,Tarjeta de Crédito,Online
298,2024-08-25,106,16,12,2,954116,15,Tarjeta de Crédito,Sucursal
299,2024-10-28,1851,16,15,1,954116,0,Tarjeta de Crédito,Sucursal
300,2022-03-21,1639,23,14,2,1928958,5,Tarjeta de Crédito,Online
301,2024-05-08,280,15,8,1,2254306,15,Tarjeta de Crédito,Sucursal
302,2024-11-28,834,15,18,1,2254306,0,Tarjeta de Crédito,Sucursal
303,2026-06-29,596,24,10,2,1763627,5,Tarjeta de Débito,Sucursal
304,2025-10-03,748,9,20,1,944582,15,Tarjeta de Crédito,Online
305,2025-02-26,1534,16,14,1,954116,20,Tarjeta de Débito,Sucursal
306,2024-07-16,134,16,6,1,954116,0,Mercado Pago,Sucursal
307,2024-06-03,537,1,18,2,934942,0,Tarjeta de Crédito,Sucursal
308,2021-10-27,88,4,6,1,2160479,10,Tarjeta de Crédito,Sucursal
309,2026-01-23,716,24,10,2,1763627,0,Mercado Pago,Sucursal
310,2023-12-29,368,18,7,3,1042885,5,Transferencia,Sucursal
311,2022-05-30,1146,22,13,4,1797606,15,Mercado Pago,Sucursal
312,2024-07-12,1967,7,15,1,1778736,5,Tarjeta de Débito,Online
313,2025-10-20,1695,5,15,1,658866,0,Tarjeta de Crédito,Sucursal
314,2021-07-11,1537,19,15,1,1030169,0,Tarjeta de Crédito,Sucursal
315,2021-07-24,1170,3,3,1,1748036,0,Transferencia,Sucursal
316,2021-09-23,1890,23,7,1,1928958,10,Tarjeta de Débito,Online
317,2025-05-12,1630,7,9,1,1778736,15,Tarjeta de Débito,Online
318,2025-01-25,512,23,1,3,1928958,0,Tarjeta de Crédito,Online
319,2022-09-20,1573,8,12,1,1661179,10,Tarjeta de Débito,Online
320,2024-11-21,1567,10,8,1,2261684,30,Tarjeta de Crédito,Online
321,2023-06-08,1332,21,20,1,1989781,0,Mercado Pago,Online
322,2022-08-29,443,19,2,1,1030169,0,Tarjeta de Débito,Online
323,2023-11-23,1546,23,10,2,1928958,5,Tarjeta de Débito,Online
324,2024-08-27,311,19,20,1,1030169,0,Mercado Pago,Sucursal
325,2025-10-06,889,5,17,1,658866,0,Tarjeta de Débito,Online
326,2026-03-16,1333,6,16,1,1764687,0,Tarjeta de Crédito,Sucursal
327,2021-08-03,1576,23,13,1,1928958,0,Tarjeta de Crédito,Sucursal
328,2023-09-25,749,16,2,2,954116,0,Tarjeta de Crédito,Sucursal
329,2021-08-02,1100,3,11,1,1748036,0,Tarjeta de Débito,Online
330,2025-08-03,1792,24,19,2,1763627,0,Tarjeta de Débito,Online
331,2021-12-10,1491,10,3,1,2261684,0,Mercado Pago,Sucursal
332,2022-01-18,1248,8,8,1,1661179,5,Mercado Pago,Sucursal
333,2024-08-07,400,12,8,1,1844344,10,Tarjeta de Crédito,Sucursal
334,2022-05-11,1655,14,17,1,2132068,0,Mercado Pago,Sucursal
335,2023-03-19,268,13,18,1,1102174,10,Mercado Pago,Sucursal
336,2022-11-24,1737,4,3,1,2160479,0,Transferencia,Sucursal
337,2021-12-02,550,8,14,2,1661179,5,Tarjeta de Crédito,Online
338,2023-10-27,1280,6,6,1,1764687,0,Mercado Pago,Online
339,2023-12-17,1802,4,4,1,2160479,0,Efectivo,Sucursal
340,2023-04-20,104,12,7,1,1844344,15,Mercado Pago,Sucursal
341,2025-10-06,1583,14,14,4,2132068,0,Tarjeta de Crédito,Sucursal
342,2025-08-12,770,15,11,1,2254306,10,Transferencia,Sucursal
343,2023-08-26,1139,2,3,1,1484902,0,Transferencia,Sucursal
344,2022-02-03,254,25,5,1,1853677,10,Tarjeta de Crédito,Sucursal
345,2026-03-05,171,1,19,1,934942,10,Tarjeta de Débito,Sucursal
346,2021-11-17,245,21,7,1,1989781,0,Tarjeta de Crédito,Online
347,2024-05-10,91,25,12,1,1853677,0,Mercado Pago,Sucursal
348,2024-11-10,1865,16,2,1,954116,30,Tarjeta de Débito,Sucursal
349,2024-01-20,486,13,15,1,1102174,20,Mercado Pago,Sucursal
350,2023-02-22,1478,18,8,1,1042885,0,Transferencia,Sucursal
351,2023-11-07,1667,4,9,2,2160479,0,Transferencia,Sucursal
352,2025-08-11,622,16,7,1,954116,0,Tarjeta de Débito,Sucursal
353,2024-02-07,851,12,4,1,1844344,15,Transferencia,Online
354,2025-07-25,267,9,1,1,944582,0,Tarjeta de Crédito,Sucursal
355,2024-01-14,1606,2,1,1,1484902,0,Tarjeta de Crédito,Online
356,2021-07-29,824,1,18,3,934942,15,Tarjeta de Crédito,Online
357,2024-04-13,330,21,9,2,1989781,5,Tarjeta de Crédito,Online
358,2023-12-01,796,22,6,1,1797606,15,Mercado Pago,Online
359,2021-10-04,944,7,11,2,1778736,10,Mercado Pago,Sucursal
360,2022-09-10,1436,16,18,1,954116,0,Mercado Pago,Sucursal
361,2024-03-28,1015,22,17,1,1797606,0,Tarjeta de Crédito,Sucursal
362,2023-04-25,474,23,13,1,1928958,5,Tarjeta de Débito,Sucursal
363,2025-03-07,1838,2,19,2,1484902,20,Tarjeta de Crédito,Sucursal
364,2024-04-07,167,20,1,2,2236130,0,Tarjeta de Crédito,Online
365,2021-08-07,1208,2,5,1,1484902,0,Transferencia,Online
366,2023-05-22,1919,22,19,1,1797606,10,Efectivo,Sucursal
367,2022-12-16,1136,23,5,2,1928958,0,Tarjeta de Crédito,Sucursal
368,2023-06-22,335,5,3,1,658866,10,Tarjeta de Débito,Sucursal
369,2023-05-30,1053,5,8,1,658866,5,Mercado Pago,Sucursal
370,2023-05-10,1279,5,5,2,658866,5,Tarjeta de Débito,Sucursal
371,2023-03-21,36,24,13,1,1763627,0,Transferencia,Sucursal
372,2021-09-11,1124,18,9,1,1042885,15,Tarjeta de Débito,Online
373,2026-02-02,1803,8,14,1,1661179,0,Mercado Pago,Sucursal
374,2022-10-19,1408,3,16,2,1748036,5,Mercado Pago,Sucursal
375,2021-12-13,1749,15,20,1,2254306,0,Tarjeta de Crédito,Sucursal
376,2025-10-15,1699,21,18,1,1989781,0,Tarjeta de Crédito,Sucursal
377,2023-04-15,1364,16,7,1,954116,5,Efectivo,Online
378,2022-12-04,57,18,17,2,1042885,15,Tarjeta de Crédito,Sucursal
379,2024-08-16,595,4,9,2,2160479,0,Tarjeta de Crédito,Sucursal
380,2021-08-18,258,2,17,2,1484902,5,Tarjeta de Débito,Sucursal
381,2023-02-12,1486,9,6,1,944582,0,Tarjeta de Débito,Sucursal
382,2024-02-10,913,13,10,1,1102174,0,Tarjeta de Débito,Online
383,2023-04-01,1913,2,16,1,1484902,0,Tarjeta de Débito,Online
384,2025-02-17,305,6,19,1,1764687,0,Mercado Pago,Sucursal
385,2021-08-25,1094,2,7,1,1484902,0,Tarjeta de Crédito,Online
386,2026-03-04,1511,18,10,1,1042885,15,Tarjeta de Débito,Sucursal
387,2024-03-16,1520,16,13,1,954116,0,Mercado Pago,Sucursal
388,2025-05-23,1750,17,8,1,1455169,5,Mercado Pago,Online
389,2025-01-14,603,21,14,1,1989781,0,Tarjeta de Crédito,Sucursal
390,2025-01-05,1690,24,11,1,1763627,5,Efectivo,Online
391,2026-05-06,1560,4,1,2,2160479,0,Tarjeta de Débito,Sucursal
392,2026-04-29,99,13,3,2,1102174,10,Mercado Pago,Sucursal
393,2023-11-01,1625,12,4,3,1844344,10,Transferencia,Sucursal
394,2024-12-14,373,11,6,1,1298880,15,Tarjeta de Crédito,Online
395,2025-01-02,1157,25,9,1,1853677,30,Transferencia,Sucursal
396,2022-10-24,1811,21,5,1,1989781,0,Tarjeta de Crédito,Sucursal
397,2022-05-26,1323,11,15,1,1298880,0,Tarjeta de Débito,Online
398,2023-09-29,658,20,13,1,2236130,15,Tarjeta de Crédito,Online
399,2024-08-20,832,11,7,2,1298880,0,Tarjeta de Crédito,Online
400,2022-05-09,1557,20,5,1,2236130,10,Tarjeta de Débito,Sucursal
401,2022-01-02,1284,22,10,1,1797606,0,Tarjeta de Crédito,Sucursal
402,2023-04-30,1341,7,11,1,1778736,5,Tarjeta de Crédito,Sucursal
403,2026-01-23,1895,3,7,1,1748036,0,Mercado Pago,Sucursal
404,2022-05-26,1006,4,16,1,2160479,0,Tarjeta de Crédito,Online
405,2025-06-24,158,1,10,1,934942,0,Tarjeta de Crédito,Sucursal
406,2026-04-05,799,16,2,2,954116,0,Tarjeta de Débito,Sucursal
407,2024-08-25,1787,14,12,2,2132068,0,Tarjeta de Crédito,Sucursal
408,2025-12-25,1489,15,14,1,2254306,15,Tarjeta de Crédito,Sucursal
409,2025-01-08,731,9,3,1,944582,0,Tarjeta de Débito,Online
410,2021-07-13,1352,22,12,1,1797606,0,Tarjeta de Débito,Sucursal
411,2022-10-10,1981,19,20,1,1030169,0,Tarjeta de Crédito,Sucursal
412,2023-10-02,571,24,8,1,1763627,0,Tarjeta de Débito,Sucursal
413,2022-12-17,657,9,4,2,944582,0,Mercado Pago,Online
414,2026-01-12,1530,1,18,5,934942,5,Mercado Pago,Online
415,2024-05-16,1424,6,13,2,1764687,10,Tarjeta de Crédito,Sucursal
416,2025-01-19,538,12,6,2,1844344,15,Tarjeta de Crédito,Sucursal
417,2023-04-13,496,8,16,1,1661179,0,Tarjeta de Débito,Online
418,2025-12-18,519,21,8,1,1989781,5,Mercado Pago,Sucursal
419,2023-10-25,565,25,1,1,1853677,5,Tarjeta de Crédito,Sucursal
420,2023-02-27,669,22,1,2,1797606,0,Efectivo,Online
421,2021-07-04,670,24,16,1,1763627,5,Tarjeta de Crédito,Sucursal
422,2022-06-24,843,1,12,1,934942,10,Tarjeta de Débito,Online
423,2024-11-03,1927,21,2,1,1989781,20,Tarjeta de Débito,Sucursal
424,2023-01-13,77,16,2,1,954116,0,Tarjeta de Crédito,Online
425,2022-12-06,695,21,3,1,1989781,0,Mercado Pago,Sucursal
426,2022-09-02,1825,11,17,1,1298880,0,Tarjeta de Débito,Sucursal
427,2024-05-30,12,9,17,2,944582,5,Tarjeta de Crédito,Sucursal
428,2026-05-03,440,3,14,2,1748036,10,Mercado Pago,Sucursal
429,2021-10-09,529,12,8,1,1844344,0,Transferencia,Sucursal
430,2022-06-19,148,2,19,1,1484902,10,Tarjeta de Débito,Sucursal
431,2026-01-29,254,15,18,1,2254306,0,Tarjeta de Crédito,Sucursal
432,2022-03-01,96,1,4,1,934942,0,Tarjeta de Crédito,Online
433,2026-04-24,1447,18,10,1,1042885,0,Mercado Pago,Online
434,2023-09-09,1620,24,2,2,1763627,20,Tarjeta de Débito,Online
435,2025-08-04,919,23,1,1,1928958,5,Transferencia,Online
436,2024-06-04,336,9,7,1,944582,10,Tarjeta de Crédito,Sucursal
437,2023-11-27,1958,11,6,1,1298880,15,Tarjeta de Crédito,Sucursal
438,2023-12-09,170,3,17,1,1748036,0,Mercado Pago,Sucursal
439,2024-11-28,265,16,9,1,954116,10,Mercado Pago,Sucursal
440,2023-10-17,1206,11,15,1,1298880,5,Tarjeta de Crédito,Sucursal
441,2025-09-16,1716,4,20,1,2160479,0,Mercado Pago,Online
442,2025-04-24,218,1,4,1,934942,0,Efectivo,Online
443,2021-09-26,87,11,14,1,1298880,0,Efectivo,Sucursal
444,2023-12-08,1841,25,5,4,1853677,15,Tarjeta de Débito,Online
445,2022-08-06,1945,5,14,1,658866,20,Mercado Pago,Online
446,2023-11-03,556,16,20,1,954116,10,Mercado Pago,Sucursal
447,2026-03-26,1799,11,14,1,1298880,10,Tarjeta de Débito,Sucursal
448,2025-09-19,196,17,5,1,1455169,10,Mercado Pago,Sucursal
449,2021-08-23,1012,14,16,2,2132068,0,Tarjeta de Débito,Online
450,2022-05-20,1669,16,15,3,954116,0,Transferencia,Sucursal
451,2022-05-29,297,16,8,1,954116,10,Tarjeta de Débito,Online
452,2026-05-05,752,17,2,1,1455169,15,Efectivo,Sucursal
453,2021-10-27,537,13,11,2,1102174,20,Transferencia,Online
454,2022-08-18,449,12,5,1,1844344,0,Tarjeta de Crédito,Sucursal
455,2024-08-28,1724,5,3,1,658866,0,Tarjeta de Crédito,Sucursal
456,2022-01-05,1690,10,7,1,2261684,0,Tarjeta de Crédito,Sucursal
457,2023-04-08,1863,2,10,3,1484902,0,Tarjeta de Débito,Sucursal
458,2024-11-05,911,7,16,2,1778736,0,Tarjeta de Crédito,Sucursal
459,2025-07-14,14,16,19,1,954116,10,Tarjeta de Crédito,Sucursal
460,2021-09-13,377,22,5,3,1797606,0,Tarjeta de Crédito,Sucursal
461,2022-12-31,343,24,3,1,1763627,0,Tarjeta de Crédito,Online
462,2024-06-24,798,15,2,1,2254306,0,Tarjeta de Crédito,Sucursal
463,2022-12-30,1408,20,16,1,2236130,5,Tarjeta de Crédito,Sucursal
464,2026-06-01,1318,4,3,1,2160479,0,Tarjeta de Crédito,Online
465,2022-02-07,1670,20,5,3,2236130,0,Transferencia,Sucursal
466,2024-11-13,1763,18,4,1,1042885,0,Tarjeta de Crédito,Sucursal
467,2025-11-09,520,8,10,2,1661179,5,Tarjeta de Crédito,Sucursal
468,2022-01-22,1545,22,16,2,1797606,5,Tarjeta de Crédito,Online
469,2023-02-09,655,13,12,1,1102174,20,Tarjeta de Débito,Sucursal
470,2025-04-04,1723,15,9,1,2254306,0,Tarjeta de Débito,Online
471,2025-07-16,1917,14,20,1,2132068,5,Tarjeta de Crédito,Sucursal
472,2022-12-19,33,2,11,1,1484902,0,Tarjeta de Débito,Sucursal
473,2025-11-02,704,11,8,1,1298880,20,Tarjeta de Débito,Sucursal
474,2023-02-21,1594,7,7,2,1778736,10,Tarjeta de Crédito,Sucursal
475,2024-05-26,1672,19,10,1,1030169,0,Tarjeta de Crédito,Online
476,2024-05-23,369,21,12,1,1989781,0,Mercado Pago,Sucursal
477,2023-12-01,706,21,17,2,1989781,10,Tarjeta de Débito,Online
478,2023-11-16,975,17,4,1,1455169,0,Transferencia,Online
479,2024-10-04,1517,13,16,2,1102174,15,Tarjeta de Crédito,Sucursal
480,2024-10-15,1360,9,9,1,944582,0,Transferencia,Sucursal
481,2022-11-15,1682,12,7,1,1844344,0,Tarjeta de Crédito,Online
482,2022-03-27,1860,14,11,1,2132068,0,Tarjeta de Crédito,Online
483,2024-12-17,298,5,8,1,658866,10,Tarjeta de Débito,Online
484,2025-02-03,1812,2,12,1,1484902,0,Tarjeta de Crédito,Sucursal
485,2024-12-23,202,22,8,1,1797606,0,Mercado Pago,Sucursal
486,2025-02-07,1406,11,8,3,1298880,0,Tarjeta de Débito,Online
487,2024-05-09,616,25,18,1,1853677,5,Tarjeta de Crédito,Sucursal
488,2026-05-21,1964,13,12,1,1102174,5,Tarjeta de Crédito,Sucursal
489,2026-06-13,634,24,15,1,1763627,5,Transferencia,Sucursal
490,2025-09-26,399,2,19,1,1484902,0,Tarjeta de Crédito,Online
491,2025-01-24,957,12,7,1,1844344,5,Tarjeta de Crédito,Online
492,2025-10-10,266,4,20,2,2160479,0,Tarjeta de Crédito,Sucursal
493,2023-10-28,1554,10,7,1,2261684,10,Mercado Pago,Sucursal
494,2022-02-18,1126,14,7,2,2132068,0,Efectivo,Online
495,2024-08-25,12,18,6,1,1042885,10,Tarjeta de Crédito,Online
496,2024-08-31,895,3,13,2,1748036,0,Tarjeta de Crédito,Sucursal
497,2022-01-07,749,17,11,1,1455169,0,Mercado Pago,Sucursal
498,2023-08-18,1757,8,20,1,1661179,0,Tarjeta de Crédito,Sucursal
499,2024-05-27,1316,4,14,1,2160479,10,Tarjeta de Crédito,Sucursal
500,2023-05-14,1475,10,8,1,2261684,5,Tarjeta de Crédito,Online
501,2021-07-05,728,5,14,2,658866,5,Mercado Pago,Sucursal
502,2025-05-29,1985,10,1,1,2261684,10,Tarjeta de Crédito,Sucursal
503,2024-10-13,1102,12,18,2,1844344,5,Efectivo,Online
504,2023-11-11,691,4,16,1,2160479,15,Mercado Pago,Sucursal
505,2023-10-12,182,4,19,1,2160479,0,Mercado Pago,Sucursal
506,2022-07-25,1865,20,14,1,2236130,15,Tarjeta de Crédito,Online
507,2024-02-01,927,12,1,2,1844344,10,Tarjeta de Débito,Sucursal
508,2022-03-01,1967,15,15,2,2254306,0,Mercado Pago,Sucursal
509,2025-05-06,421,10,9,3,2261684,30,Tarjeta de Crédito,Online
510,2026-04-08,97,20,3,1,2236130,0,Tarjeta de Crédito,Sucursal
511,2024-08-01,1125,9,5,1,944582,15,Tarjeta de Crédito,Sucursal
512,2023-11-22,666,13,5,2,1102174,0,Tarjeta de Crédito,Online
513,2024-02-29,813,25,13,3,1853677,15,Tarjeta de Crédito,Sucursal
514,2021-11-14,1979,8,13,2,1661179,10,Tarjeta de Crédito,Online
515,2021-07-25,46,21,8,1,1989781,5,Tarjeta de Crédito,Online
516,2025-05-17,1998,20,10,3,2236130,5,Tarjeta de Crédito,Sucursal
517,2024-03-06,1561,14,12,1,2132068,0,Tarjeta de Débito,Sucursal
518,2024-10-18,181,3,7,1,1748036,0,Mercado Pago,Sucursal
519,2022-01-31,1644,9,5,2,944582,10,Tarjeta de Crédito,Sucursal
520,2022-05-27,974,14,5,1,2132068,0,Tarjeta de Crédito,Sucursal
521,2022-09-04,341,5,19,3,658866,5,Transferencia,Sucursal
522,2022-11-23,64,7,6,1,1778736,0,Tarjeta de Crédito,Sucursal
523,2023-01-18,321,4,7,1,2160479,5,Tarjeta de Crédito,Online
524,2023-01-31,1870,12,19,1,1844344,10,Tarjeta de Crédito,Sucursal
525,2023-07-25,329,14,10,2,2132068,5,Tarjeta de Débito,Sucursal
526,2025-04-23,1575,4,5,2,2160479,5,Tarjeta de Débito,Online
527,2023-04-12,1612,5,17,1,658866,0,Tarjeta de Débito,Sucursal
528,2022-09-15,823,19,13,1,1030169,10,Transferencia,Sucursal
529,2024-07-26,620,5,16,1,658866,0,Tarjeta de Débito,Sucursal
530,2025-01-31,794,9,16,1,944582,0,Tarjeta de Crédito,Sucursal
531,2025-07-04,577,13,13,1,1102174,0,Tarjeta de Crédito,Sucursal
532,2023-03-12,713,1,19,1,934942,0,Tarjeta de Débito,Online
533,2025-10-01,404,7,11,2,1778736,0,Tarjeta de Débito,Online
534,2023-07-11,936,14,18,1,2132068,5,Efectivo,Online
535,2022-12-21,1057,12,20,2,1844344,0,Tarjeta de Crédito,Sucursal
536,2024-04-22,1949,10,10,2,2261684,10,Transferencia,Sucursal
537,2026-06-09,511,15,17,1,2254306,0,Tarjeta de Débito,Sucursal
538,2026-01-01,1368,22,14,2,1797606,15,Efectivo,Sucursal
539,2023-02-06,262,23,9,1,1928958,5,Transferencia,Sucursal
540,2025-10-12,278,23,3,1,1928958,0,Tarjeta de Crédito,Sucursal
541,2025-09-30,1924,7,11,1,1778736,0,Tarjeta de Débito,Sucursal
542,2021-07-10,459,17,2,1,1455169,0,Mercado Pago,Online
543,2025-02-09,178,14,17,1,2132068,0,Tarjeta de Crédito,Sucursal
544,2021-08-25,1384,22,2,1,1797606,0,Tarjeta de Débito,Sucursal
545,2023-10-17,1530,24,5,1,1763627,0,Tarjeta de Crédito,Sucursal
546,2022-09-28,336,10,9,1,2261684,0,Efectivo,Online
547,2022-05-27,333,8,19,1,1661179,5,Tarjeta de Débito,Sucursal
548,2021-07-07,417,13,15,1,1102174,0,Tarjeta de Crédito,Sucursal
549,2024-07-26,1926,2,15,4,1484902,0,Efectivo,Sucursal
550,2023-03-17,705,16,7,1,954116,0,Tarjeta de Crédito,Sucursal
551,2024-09-16,551,13,11,1,1102174,0,Tarjeta de Crédito,Sucursal
552,2025-02-15,657,10,6,1,2261684,30,Tarjeta de Crédito,Sucursal
553,2022-01-02,868,3,4,1,1748036,0,Mercado Pago,Online
554,2021-09-30,682,10,9,1,2261684,0,Tarjeta de Crédito,Sucursal
555,2022-08-22,8,10,20,1,2261684,15,Tarjeta de Crédito,Sucursal
556,2024-09-21,1203,1,4,1,934942,0,Tarjeta de Crédito,Sucursal
557,2023-10-15,1410,18,14,1,1042885,20,Tarjeta de Crédito,Sucursal
558,2022-08-21,575,10,12,1,2261684,0,Mercado Pago,Online
559,2023-07-14,1604,21,17,1,1989781,0,Tarjeta de Crédito,Sucursal
560,2024-12-16,245,16,8,1,954116,15,Tarjeta de Crédito,Sucursal
561,2023-09-29,1524,15,12,1,2254306,0,Tarjeta de Débito,Sucursal
562,2024-02-27,1811,6,10,1,1764687,0,Tarjeta de Débito,Sucursal
563,2026-05-02,1125,18,14,1,1042885,20,Transferencia,Sucursal
564,2022-04-26,1617,2,15,1,1484902,0,Tarjeta de Débito,Online
565,2022-11-13,536,15,15,2,2254306,0,Mercado Pago,Sucursal
566,2023-08-27,85,24,14,1,1763627,0,Efectivo,Sucursal
567,2025-07-19,1332,23,4,2,1928958,0,Tarjeta de Crédito,Online
568,2022-02-01,1673,13,5,2,1102174,0,Tarjeta de Crédito,Sucursal
569,2023-11-12,842,9,1,1,944582,0,Mercado Pago,Sucursal
570,2025-07-04,1054,5,9,5,658866,5,Tarjeta de Crédito,Sucursal
571,2023-04-02,1318,9,10,1,944582,0,Efectivo,Sucursal
572,2023-03-28,1752,1,16,3,934942,0,Mercado Pago,Sucursal
573,2022-01-16,833,12,18,1,1844344,5,Tarjeta de Débito,Sucursal
574,2023-10-04,1839,16,9,1,954116,0,Tarjeta de Débito,Sucursal
575,2022-04-14,1482,9,4,1,944582,0,Mercado Pago,Online
576,2022-03-13,750,22,18,3,1797606,5,Efectivo,Sucursal
577,2026-05-26,399,21,15,1,1989781,20,Transferencia,Sucursal
578,2025-03-17,1312,14,6,1,2132068,15,Tarjeta de Débito,Online
579,2022-06-10,1445,18,3,1,1042885,0,Tarjeta de Débito,Sucursal
580,2025-03-18,803,23,20,1,1928958,10,Tarjeta de Débito,Sucursal
581,2023-02-20,45,11,17,1,1298880,15,Tarjeta de Crédito,Sucursal
582,2024-05-08,182,20,1,3,2236130,15,Transferencia,Sucursal
583,2022-01-18,768,4,20,1,2160479,0,Tarjeta de Crédito,Online
584,2026-03-30,609,8,9,1,1661179,10,Transferencia,Sucursal
585,2026-01-31,1605,18,12,1,1042885,0,Mercado Pago,Online
586,2022-09-14,861,22,19,1,1797606,15,Tarjeta de Débito,Sucursal
587,2021-07-04,870,2,5,1,1484902,10,Mercado Pago,Sucursal
588,2024-07-18,1956,4,11,1,2160479,10,Tarjeta de Crédito,Sucursal
589,2022-07-12,1972,24,13,3,1763627,10,Tarjeta de Crédito,Sucursal
590,2022-06-03,1179,1,15,1,934942,0,Mercado Pago,Online
591,2021-10-07,325,4,20,1,2160479,20,Tarjeta de Crédito,Online
592,2023-03-20,1598,23,6,1,1928958,0,Tarjeta de Crédito,Sucursal
593,2026-05-14,1391,1,20,1,934942,0,Tarjeta de Crédito,Sucursal
594,2024-03-17,1766,11,2,2,1298880,0,Tarjeta de Crédito,Online
595,2023-04-09,841,3,18,1,1748036,10,Mercado Pago,Sucursal
596,2022-12-18,598,14,1,1,2132068,0,Transferencia,Online
597,2024-06-02,1786,18,2,3,1042885,0,Tarjeta de Crédito,Sucursal
598,2023-06-07,68,22,8,1,1797606,0,Tarjeta de Débito,Sucursal
599,2024-01-28,1826,11,18,3,1298880,15,Tarjeta de Débito,Sucursal
600,2024-06-30,847,23,3,1,1928958,10,Efectivo,Online
601,2021-10-30,621,18,17,1,1042885,0,Tarjeta de Débito,Sucursal
602,2023-05-21,127,4,7,1,2160479,10,Tarjeta de Débito,Online
603,2025-09-25,842,20,18,2,2236130,0,Tarjeta de Crédito,Sucursal
604,2024-10-07,858,8,5,2,1661179,0,Tarjeta de Crédito,Online
605,2025-01-23,741,25,11,1,1853677,15,Tarjeta de Débito,Sucursal
606,2025-06-18,1271,19,3,1,1030169,5,Tarjeta de Crédito,Online
607,2022-12-07,355,23,13,1,1928958,0,Efectivo,Sucursal
608,2024-11-25,877,11,1,1,1298880,5,Tarjeta de Débito,Online
609,2024-05-07,1543,12,4,2,1844344,0,Efectivo,Sucursal
610,2023-07-13,1654,7,4,1,1778736,0,Mercado Pago,Sucursal
611,2024-08-07,219,18,8,2,1042885,0,Mercado Pago,Sucursal
612,2025-11-12,566,19,3,1,1030169,5,Tarjeta de Crédito,Online
613,2023-04-08,241,14,17,1,2132068,0,Tarjeta de Crédito,Online
614,2022-11-17,998,20,14,2,2236130,0,Tarjeta de Crédito,Sucursal
615,2023-07-21,361,7,6,1,1778736,15,Mercado Pago,Sucursal
616,2024-05-13,1211,19,11,1,1030169,5,Tarjeta de Crédito,Sucursal
617,2023-03-07,1940,10,4,1,2261684,0,Efectivo,Sucursal
618,2024-12-15,1356,18,1,1,1042885,15,Tarjeta de Crédito,Online
619,2025-04-10,1421,19,1,2,1030169,0,Tarjeta de Débito,Online
620,2023-08-04,1234,1,9,1,934942,0,Tarjeta de Crédito,Sucursal
621,2024-01-07,1960,15,2,1,2254306,0,Efectivo,Sucursal
622,2022-12-07,829,11,4,2,1298880,20,Tarjeta de Débito,Online
623,2022-11-15,333,4,16,3,2160479,20,Tarjeta de Débito,Sucursal
624,2023-02-20,477,22,14,3,1797606,0,Mercado Pago,Sucursal
625,2025-09-18,1483,3,2,1,1748036,0,Tarjeta de Crédito,Sucursal
626,2026-02-13,1680,8,5,1,1661179,10,Tarjeta de Crédito,Sucursal
627,2024-01-11,629,12,20,1,1844344,5,Efectivo,Online
628,2022-10-15,36,24,6,1,1763627,30,Tarjeta de Crédito,Online
629,2026-03-10,778,25,11,1,1853677,0,Tarjeta de Crédito,Online
630,2023-12-02,1657,4,4,1,2160479,0,Tarjeta de Crédito,Online
631,2022-05-13,452,7,16,3,1778736,0,Tarjeta de Crédito,Online
632,2023-07-27,1643,23,13,2,1928958,0,Tarjeta de Débito,Sucursal
633,2024-04-29,814,18,10,1,1042885,10,Tarjeta de Crédito,Sucursal
634,2026-05-19,49,18,7,1,1042885,10,Tarjeta de Crédito,Sucursal
635,2025-11-16,23,1,3,3,934942,0,Tarjeta de Crédito,Online
636,2023-01-01,1528,9,13,2,944582,5,Mercado Pago,Sucursal
637,2023-05-07,1151,6,14,2,1764687,5,Tarjeta de Débito,Sucursal
638,2025-03-06,1383,6,1,2,1764687,10,Transferencia,Online
639,2024-07-24,318,21,10,1,1989781,0,Tarjeta de Crédito,Online
640,2024-02-03,996,20,14,1,2236130,0,Transferencia,Online
641,2021-10-19,1170,5,4,1,658866,15,Tarjeta de Débito,Online
642,2021-09-13,300,16,4,1,954116,0,Efectivo,Online
643,2023-03-30,1774,7,13,1,1778736,0,Tarjeta de Débito,Sucursal
644,2023-08-21,1117,20,4,1,2236130,10,Tarjeta de Crédito,Sucursal
645,2023-02-02,33,10,5,2,2261684,0,Tarjeta de Débito,Sucursal
646,2024-10-03,35,23,8,1,1928958,0,Mercado Pago,Sucursal
647,2025-04-29,1311,5,11,1,658866,0,Tarjeta de Crédito,Sucursal
648,2024-02-02,1127,4,15,3,2160479,0,Tarjeta de Crédito,Sucursal
649,2023-12-24,1224,21,15,2,1989781,10,Mercado Pago,Sucursal
650,2024-04-03,35,22,20,1,1797606,0,Mercado Pago,Sucursal
651,2021-11-17,1619,1,4,1,934942,20,Tarjeta de Crédito,Sucursal
652,2022-06-16,1405,22,20,1,1797606,10,Mercado Pago,Online
653,2022-12-17,378,25,15,1,1853677,0,Tarjeta de Crédito,Sucursal
654,2022-01-07,1596,21,19,2,1989781,0,Tarjeta de Débito,Sucursal
655,2023-08-06,1223,1,20,1,934942,0,Tarjeta de Débito,Sucursal
656,2022-02-03,957,3,12,1,1748036,0,Mercado Pago,Sucursal
657,2021-08-11,513,10,14,2,2261684,10,Tarjeta de Crédito,Online
658,2023-11-01,1654,4,18,1,2160479,0,Transferencia,Sucursal
659,2021-07-31,1833,1,6,1,934942,0,Tarjeta de Crédito,Sucursal
660,2025-03-31,339,7,13,2,1778736,20,Efectivo,Online
661,2025-04-09,558,16,15,1,954116,10,Mercado Pago,Sucursal
662,2023-04-01,4,6,15,1,1764687,10,Tarjeta de Crédito,Online
663,2024-11-01,1365,7,12,2,1778736,0,Tarjeta de Crédito,Online
664,2023-10-05,270,6,3,3,1764687,20,Tarjeta de Crédito,Sucursal
665,2025-01-28,247,8,3,2,1661179,5,Mercado Pago,Online
666,2022-12-20,1891,16,9,1,954116,10,Mercado Pago,Sucursal
667,2025-09-02,288,14,2,1,2132068,30,Mercado Pago,Sucursal
668,2023-09-11,1322,13,19,1,1102174,0,Mercado Pago,Online
669,2025-03-04,427,5,8,1,658866,0,Mercado Pago,Online
670,2025-09-30,813,2,18,1,1484902,0,Tarjeta de Crédito,Sucursal
671,2023-05-07,1781,1,16,1,934942,15,Mercado Pago,Online
672,2022-05-16,1198,25,2,1,1853677,5,Tarjeta de Crédito,Online
673,2024-01-10,1118,1,19,1,934942,0,Mercado Pago,Sucursal
674,2025-04-02,1735,22,11,3,1797606,0,Tarjeta de Crédito,Sucursal
675,2025-09-10,1501,11,9,1,1298880,15,Tarjeta de Crédito,Sucursal
676,2024-05-18,1108,15,18,1,2254306,10,Tarjeta de Débito,Online
677,2023-02-24,1414,9,6,1,944582,0,Tarjeta de Crédito,Sucursal
678,2023-08-14,866,11,5,2,1298880,0,Tarjeta de Débito,Sucursal
679,2025-06-09,204,8,5,1,1661179,0,Tarjeta de Crédito,Sucursal
680,2023-12-14,1841,15,10,1,2254306,0,Tarjeta de Débito,Sucursal
681,2022-04-26,215,11,7,2,1298880,0,Tarjeta de Débito,Online
682,2023-07-28,1089,17,18,1,1455169,5,Tarjeta de Crédito,Online
683,2022-01-24,1668,5,4,1,658866,0,Tarjeta de Crédito,Sucursal
684,2026-01-14,1296,2,10,1,1484902,0,Tarjeta de Crédito,Online
685,2021-08-31,462,13,4,1,1102174,0,Mercado Pago,Online
686,2022-08-30,1360,23,9,2,1928958,15,Tarjeta de Crédito,Online
687,2021-07-18,1638,10,19,1,2261684,0,Mercado Pago,Online
688,2025-11-29,1076,1,9,2,934942,0,Mercado Pago,Online
689,2025-08-04,1490,3,15,1,1748036,0,Transferencia,Sucursal
690,2025-10-18,1959,6,11,2,1764687,0,Tarjeta de Crédito,Sucursal
691,2026-04-25,1805,15,10,1,2254306,20,Tarjeta de Crédito,Sucursal
692,2024-06-22,1732,3,19,1,1748036,15,Tarjeta de Crédito,Sucursal
693,2026-04-15,753,8,2,1,1661179,0,Tarjeta de Débito,Sucursal
694,2021-10-09,873,9,18,2,944582,15,Tarjeta de Crédito,Online
695,2026-01-31,1726,23,1,4,1928958,0,Transferencia,Sucursal
696,2022-09-09,1649,1,4,2,934942,5,Tarjeta de Débito,Sucursal
697,2025-07-31,1401,19,17,1,1030169,0,Mercado Pago,Sucursal
698,2025-01-26,605,24,19,1,1763627,10,Tarjeta de Crédito,Sucursal
699,2022-03-12,675,24,4,3,1763627,0,Tarjeta de Crédito,Online
700,2021-12-17,326,16,18,2,954116,0,Tarjeta de Crédito,Sucursal
701,2022-08-22,877,16,13,1,954116,20,Tarjeta de Débito,Sucursal
702,2022-01-04,419,23,9,1,1928958,0,Tarjeta de Débito,Sucursal
703,2026-04-14,1065,24,17,4,1763627,5,Mercado Pago,Online
704,2025-12-27,1714,22,3,1,1797606,0,Tarjeta de Crédito,Online
705,2021-10-24,437,16,19,2,954116,5,Tarjeta de Crédito,Online
706,2022-02-06,1938,10,4,1,2261684,10,Tarjeta de Crédito,Sucursal
707,2022-03-04,1810,7,17,1,1778736,5,Tarjeta de Crédito,Sucursal
708,2022-09-23,83,24,2,1,1763627,0,Tarjeta de Débito,Sucursal
709,2024-08-23,110,9,2,1,944582,0,Mercado Pago,Online
710,2024-02-19,1918,3,10,1,1748036,10,Mercado Pago,Sucursal
711,2021-09-06,1597,15,19,2,2254306,15,Tarjeta de Débito,Sucursal
712,2023-07-13,463,14,3,3,2132068,0,Tarjeta de Crédito,Sucursal
713,2023-08-04,1127,25,9,1,1853677,5,Tarjeta de Crédito,Sucursal
714,2026-04-21,1655,9,4,1,944582,0,Tarjeta de Débito,Sucursal
715,2022-04-21,1856,23,19,1,1928958,5,Mercado Pago,Online
716,2023-09-30,1872,13,7,1,1102174,15,Mercado Pago,Online
717,2024-05-23,537,22,7,1,1797606,0,Efectivo,Online
718,2025-03-16,527,15,18,1,2254306,5,Tarjeta de Crédito,Sucursal
719,2025-10-10,1736,24,6,1,1763627,0,Tarjeta de Débito,Sucursal
720,2021-11-26,752,19,11,2,1030169,5,Mercado Pago,Sucursal
721,2025-10-26,828,23,6,2,1928958,5,Tarjeta de Crédito,Sucursal
722,2022-08-01,285,19,11,1,1030169,0,Mercado Pago,Sucursal
723,2024-02-27,1240,9,14,2,944582,0,Mercado Pago,Online
724,2025-05-16,1492,18,12,1,1042885,0,Tarjeta de Crédito,Sucursal
725,2022-12-09,1466,18,18,1,1042885,15,Tarjeta de Crédito,Sucursal
726,2024-07-17,687,23,2,2,1928958,0,Tarjeta de Débito,Sucursal
727,2022-12-02,164,24,9,1,1763627,15,Tarjeta de Crédito,Sucursal
728,2024-08-15,1101,5,14,1,658866,0,Tarjeta de Débito,Sucursal
729,2024-03-09,624,24,6,1,1763627,30,Tarjeta de Crédito,Online
730,2026-04-12,1563,10,20,1,2261684,5,Tarjeta de Crédito,Sucursal
731,2025-02-28,1424,12,16,2,1844344,0,Tarjeta de Débito,Online
732,2023-03-24,1248,23,1,1,1928958,0,Efectivo,Online
733,2024-04-16,1506,5,9,1,658866,0,Mercado Pago,Online
734,2024-02-17,1700,3,9,1,1748036,0,Mercado Pago,Sucursal
735,2023-12-19,406,18,5,5,1042885,20,Tarjeta de Crédito,Sucursal
736,2021-08-28,1432,21,6,1,1989781,5,Tarjeta de Crédito,Online
737,2022-07-12,150,8,16,1,1661179,5,Tarjeta de Débito,Sucursal
738,2021-10-04,1764,10,11,1,2261684,0,Transferencia,Sucursal
739,2023-07-30,1202,3,9,3,1748036,30,Mercado Pago,Sucursal
740,2021-09-06,898,23,16,2,1928958,20,Tarjeta de Débito,Sucursal
741,2025-10-20,1280,19,6,1,1030169,0,Tarjeta de Crédito,Online
742,2025-11-12,746,20,1,3,2236130,15,Tarjeta de Débito,Sucursal
743,2024-05-28,953,15,15,1,2254306,0,Efectivo,Sucursal
744,2024-09-11,1460,5,19,1,658866,0,Tarjeta de Débito,Sucursal
745,2025-01-20,127,21,7,1,1989781,0,Mercado Pago,Sucursal
746,2023-01-10,1757,6,20,1,1764687,10,Mercado Pago,Online
747,2023-05-03,1096,14,16,1,2132068,0,Efectivo,Sucursal
748,2026-06-17,610,23,11,5,1928958,0,Mercado Pago,Sucursal
749,2023-04-23,606,7,1,1,1778736,0,Mercado Pago,Sucursal
750,2022-04-24,1744,18,14,2,1042885,0,Tarjeta de Crédito,Online
751,2021-07-22,1763,14,20,1,2132068,15,Mercado Pago,Sucursal
752,2024-11-14,451,22,19,2,1797606,0,Mercado Pago,Online
753,2022-09-05,99,12,16,1,1844344,0,Tarjeta de Crédito,Online
754,2024-06-06,1760,6,16,1,1764687,0,Efectivo,Online
755,2026-06-09,1120,3,8,1,1748036,5,Tarjeta de Crédito,Online
756,2024-10-09,759,24,14,1,1763627,5,Tarjeta de Crédito,Online
757,2024-10-17,350,1,8,2,934942,10,Mercado Pago,Sucursal
758,2026-05-05,951,8,11,1,1661179,0,Efectivo,Online
759,2024-12-15,839,19,18,1,1030169,0,Tarjeta de Débito,Sucursal
760,2023-04-21,759,20,9,3,2236130,0,Tarjeta de Crédito,Online
761,2025-06-25,207,3,14,1,1748036,0,Mercado Pago,Sucursal
762,2026-04-22,1282,3,18,1,1748036,0,Tarjeta de Crédito,Sucursal
763,2026-02-12,1821,5,9,1,658866,0,Tarjeta de Crédito,Sucursal
764,2025-02-26,589,1,18,1,934942,0,Tarjeta de Crédito,Sucursal
765,2025-04-19,511,17,12,1,1455169,30,Transferencia,Sucursal
766,2023-08-01,1591,17,1,1,1455169,0,Tarjeta de Crédito,Sucursal
767,2024-03-24,62,2,14,2,1484902,5,Transferencia,Sucursal
768,2022-02-02,758,24,4,3,1763627,5,Tarjeta de Débito,Online
769,2026-03-17,1518,6,3,1,1764687,5,Mercado Pago,Online
770,2024-12-26,324,24,8,1,1763627,0,Tarjeta de Débito,Online
771,2024-04-07,409,24,5,1,1763627,10,Mercado Pago,Sucursal
772,2022-01-14,42,21,4,3,1989781,20,Transferencia,Online
773,2024-01-24,1088,11,6,1,1298880,5,Tarjeta de Crédito,Online
774,2023-02-25,1511,16,9,1,954116,0,Tarjeta de Débito,Sucursal
775,2024-05-12,1634,7,10,2,1778736,10,Tarjeta de Débito,Online
776,2022-05-27,1078,19,4,5,1030169,5,Tarjeta de Crédito,Sucursal
777,2021-12-19,1827,21,14,1,1989781,5,Tarjeta de Débito,Sucursal
778,2025-01-04,403,18,16,1,1042885,0,Tarjeta de Crédito,Sucursal
779,2021-08-17,1919,5,19,1,658866,0,Tarjeta de Crédito,Online
780,2026-02-01,1220,25,13,1,1853677,0,Transferencia,Sucursal
781,2023-03-08,497,8,14,1,1661179,10,Tarjeta de Crédito,Sucursal
782,2024-04-19,960,21,14,1,1989781,0,Tarjeta de Crédito,Sucursal
783,2023-03-27,1875,14,12,2,2132068,5,Tarjeta de Crédito,Sucursal
784,2023-07-25,1839,3,3,1,1748036,0,Tarjeta de Crédito,Online
785,2025-05-10,1318,6,13,1,1764687,10,Mercado Pago,Online
786,2025-04-07,733,24,17,2,1763627,0,Efectivo,Sucursal
787,2023-11-03,1128,10,10,1,2261684,0,Tarjeta de Crédito,Sucursal
788,2022-02-11,1362,9,5,2,944582,20,Efectivo,Sucursal
789,2022-12-25,314,19,3,1,1030169,10,Tarjeta de Crédito,Online
790,2021-11-21,1141,12,9,1,1844344,30,Tarjeta de Crédito,Sucursal
791,2025-03-12,18,18,5,1,1042885,0,Tarjeta de Crédito,Sucursal
792,2025-05-31,803,1,15,1,934942,10,Transferencia,Online
793,2024-07-19,1751,4,3,1,2160479,5,Tarjeta de Crédito,Sucursal
794,2023-12-28,1344,23,8,1,1928958,10,Mercado Pago,Sucursal
795,2022-02-02,954,12,3,2,1844344,20,Tarjeta de Débito,Sucursal
796,2024-11-28,1541,5,10,2,658866,10,Tarjeta de Débito,Sucursal
797,2025-04-03,901,10,17,1,2261684,15,Mercado Pago,Online
798,2023-09-21,1973,4,15,1,2160479,0,Tarjeta de Crédito,Sucursal
799,2026-04-17,1516,18,5,1,1042885,10,Tarjeta de Débito,Sucursal
800,2024-09-18,1441,22,2,4,1797606,15,Transferencia,Online
801,2024-08-24,1405,20,18,2,2236130,20,Tarjeta de Crédito,Sucursal
802,2022-12-06,668,25,20,1,1853677,0,Tarjeta de Débito,Online
803,2023-12-14,847,18,1,1,1042885,20,Mercado Pago,Sucursal
804,2024-09-08,399,7,20,1,1778736,0,Mercado Pago,Sucursal
805,2021-10-20,270,13,9,2,1102174,5,Efectivo,Sucursal
806,2022-05-24,189,21,1,1,1989781,10,Tarjeta de Crédito,Online
807,2021-11-30,276,23,6,1,1928958,0,Mercado Pago,Sucursal
808,2024-06-20,1112,11,4,1,1298880,0,Mercado Pago,Sucursal
809,2024-10-14,1318,21,6,1,1989781,0,Efectivo,Online
810,2023-04-24,504,24,5,1,1763627,20,Mercado Pago,Sucursal
811,2026-01-15,1178,10,8,1,2261684,10,Tarjeta de Débito,Sucursal
812,2024-05-16,1320,11,20,1,1298880,10,Mercado Pago,Online
813,2021-11-11,1132,15,8,1,2254306,20,Tarjeta de Débito,Online
814,2025-01-15,1786,5,13,1,658866,0,Tarjeta de Crédito,Sucursal
815,2025-07-19,589,4,20,1,2160479,0,Mercado Pago,Sucursal
816,2021-08-23,271,5,17,2,658866,0,Tarjeta de Débito,Online
817,2026-06-25,770,25,18,1,1853677,0,Tarjeta de Crédito,Sucursal
818,2023-03-27,1274,15,3,1,2254306,0,Tarjeta de Crédito,Online
819,2022-07-02,1288,18,1,1,1042885,5,Tarjeta de Crédito,Sucursal
820,2024-02-01,816,21,1,1,1989781,0,Tarjeta de Crédito,Sucursal
821,2022-05-14,1085,8,18,3,1661179,5,Tarjeta de Débito,Online
822,2024-04-19,286,25,3,1,1853677,15,Tarjeta de Débito,Online
823,2024-07-18,1759,16,14,5,954116,0,Tarjeta de Crédito,Sucursal
824,2021-12-14,1388,23,13,1,1928958,0,Tarjeta de Crédito,Online
825,2021-07-10,880,15,6,1,2254306,0,Tarjeta de Crédito,Sucursal
826,2026-04-30,763,16,6,1,954116,5,Transferencia,Online
827,2022-03-12,422,9,18,1,944582,0,Tarjeta de Crédito,Sucursal
828,2026-03-25,802,5,17,1,658866,0,Mercado Pago,Sucursal
829,2024-07-15,1560,22,8,1,1797606,0,Tarjeta de Crédito,Sucursal
830,2026-01-16,1613,16,15,1,954116,0,Tarjeta de Crédito,Online
831,2021-09-08,1186,15,19,2,2254306,0,Tarjeta de Crédito,Online
832,2025-07-09,1197,1,6,1,934942,0,Mercado Pago,Online
833,2024-04-04,960,13,11,3,1102174,10,Tarjeta de Crédito,Sucursal
834,2023-02-18,1739,20,6,1,2236130,5,Tarjeta de Crédito,Online
835,2023-07-11,1952,13,2,1,1102174,0,Tarjeta de Débito,Online
836,2023-02-01,140,9,16,1,944582,15,Tarjeta de Débito,Sucursal
837,2022-03-29,355,22,18,1,1797606,0,Mercado Pago,Sucursal
838,2025-10-30,107,12,19,1,1844344,0,Tarjeta de Crédito,Sucursal
839,2024-03-15,1909,5,17,1,658866,10,Tarjeta de Débito,Sucursal
840,2022-12-10,33,16,13,3,954116,10,Efectivo,Sucursal
841,2022-01-09,350,22,14,1,1797606,0,Tarjeta de Débito,Online
842,2025-04-24,772,20,14,1,2236130,15,Tarjeta de Crédito,Sucursal
843,2021-08-27,1989,25,12,1,1853677,0,Mercado Pago,Online
844,2023-10-18,230,21,6,1,1989781,0,Tarjeta de Crédito,Sucursal
845,2025-08-09,397,25,19,2,1853677,5,Transferencia,Sucursal
846,2022-11-01,925,25,6,2,1853677,0,Efectivo,Sucursal
847,2021-08-31,1143,21,14,3,1989781,0,Tarjeta de Crédito,Online
848,2023-03-17,1511,2,6,1,1484902,0,Tarjeta de Crédito,Sucursal
849,2024-11-27,1701,16,11,1,954116,15,Tarjeta de Débito,Online
850,2025-03-31,1995,18,17,1,1042885,5,Transferencia,Sucursal
851,2022-11-30,729,6,18,1,1764687,5,Transferencia,Online
852,2023-03-22,353,16,18,1,954116,0,Tarjeta de Débito,Sucursal
853,2022-03-16,441,3,10,1,1748036,0,Tarjeta de Crédito,Sucursal
854,2025-10-24,13,19,8,3,1030169,20,Tarjeta de Crédito,Sucursal
855,2024-05-03,1076,19,13,1,1030169,0,Tarjeta de Débito,Sucursal
856,2023-01-10,914,23,10,1,1928958,10,Tarjeta de Crédito,Sucursal
857,2024-06-24,731,17,5,1,1455169,0,Mercado Pago,Sucursal
858,2023-11-08,799,15,19,1,2254306,10,Tarjeta de Crédito,Sucursal
859,2023-08-26,1260,4,11,1,2160479,15,Transferencia,Online
860,2022-05-11,281,1,18,1,934942,5,Transferencia,Online
861,2023-03-28,242,25,1,1,1853677,0,Mercado Pago,Online
862,2021-08-11,1852,25,5,1,1853677,10,Tarjeta de Crédito,Sucursal
863,2021-12-30,1913,14,12,2,2132068,0,Transferencia,Sucursal
864,2022-08-02,819,1,3,1,934942,10,Tarjeta de Débito,Sucursal
865,2023-03-26,1864,13,4,2,1102174,10,Tarjeta de Crédito,Sucursal
866,2023-01-09,1939,22,17,1,1797606,0,Tarjeta de Crédito,Online
867,2021-12-19,855,15,2,1,2254306,0,Mercado Pago,Sucursal
868,2025-12-05,1932,17,10,1,1455169,0,Transferencia,Sucursal
869,2022-01-13,447,3,10,2,1748036,20,Tarjeta de Crédito,Sucursal
870,2023-09-05,1730,4,9,2,2160479,0,Efectivo,Sucursal
871,2023-02-06,1312,21,10,1,1989781,5,Tarjeta de Crédito,Online
872,2025-05-04,1352,14,15,3,2132068,15,Mercado Pago,Online
873,2022-12-10,200,6,18,1,1764687,0,Efectivo,Sucursal
874,2024-02-17,461,8,20,1,1661179,0,Tarjeta de Crédito,Sucursal
875,2024-10-13,1922,15,14,2,2254306,0,Tarjeta de Débito,Sucursal
876,2024-02-09,1792,25,9,2,1853677,5,Mercado Pago,Sucursal
877,2026-05-09,879,8,6,1,1661179,10,Tarjeta de Crédito,Sucursal
878,2023-09-27,1394,25,6,1,1853677,0,Tarjeta de Débito,Online
879,2025-09-03,800,1,7,1,934942,0,Tarjeta de Crédito,Online
880,2025-09-20,1025,22,6,2,1797606,0,Tarjeta de Débito,Sucursal
881,2022-03-13,1151,21,14,1,1989781,0,Tarjeta de Crédito,Online
882,2022-05-19,1594,14,10,1,2132068,20,Tarjeta de Crédito,Sucursal
883,2021-12-10,1706,15,15,2,2254306,5,Tarjeta de Crédito,Sucursal
884,2021-08-07,1921,16,4,1,954116,5,Mercado Pago,Sucursal
885,2024-07-03,191,6,8,1,1764687,5,Mercado Pago,Sucursal
886,2025-11-14,641,14,18,1,2132068,5,Tarjeta de Débito,Sucursal
887,2024-05-30,1198,21,6,1,1989781,0,Mercado Pago,Sucursal
888,2024-07-03,1369,13,11,1,1102174,30,Tarjeta de Débito,Sucursal
889,2024-02-18,657,12,6,1,1844344,5,Mercado Pago,Online
890,2025-02-24,1024,19,18,1,1030169,10,Tarjeta de Crédito,Online
891,2022-12-29,601,10,1,1,2261684,0,Mercado Pago,Online
892,2026-01-04,377,3,20,2,1748036,5,Mercado Pago,Sucursal
893,2021-11-01,433,11,12,2,1298880,5,Tarjeta de Débito,Sucursal
894,2026-03-28,619,2,2,1,1484902,0,Transferencia,Online
895,2023-08-08,1908,9,5,2,944582,5,Tarjeta de Crédito,Online
896,2023-03-29,1154,12,20,2,1844344,15,Mercado Pago,Sucursal
897,2026-03-26,1763,21,13,2,1989781,5,Tarjeta de Crédito,Online
898,2023-08-06,1929,22,17,1,1797606,5,Tarjeta de Crédito,Sucursal
899,2021-08-25,758,24,7,1,1763627,0,Transferencia,Sucursal
900,2025-12-27,401,8,15,2,1661179,5,Tarjeta de Crédito,Online
901,2023-03-02,1314,7,16,1,1778736,10,Mercado Pago,Online
902,2025-12-03,1807,8,10,2,1661179,0,Tarjeta de Crédito,Sucursal
903,2025-11-07,607,11,11,1,1298880,10,Tarjeta de Crédito,Sucursal
904,2021-08-17,1108,16,20,2,954116,0,Tarjeta de Crédito,Sucursal
905,2021-10-12,690,1,19,1,934942,0,Mercado Pago,Online
906,2023-01-21,1378,1,15,1,934942,0,Tarjeta de Crédito,Sucursal
907,2024-07-18,1774,19,19,1,1030169,0,Tarjeta de Crédito,Sucursal
908,2022-09-01,314,20,10,1,2236130,5,Tarjeta de Crédito,Sucursal
909,2024-09-27,457,7,14,1,1778736,0,Tarjeta de Crédito,Online
910,2022-03-05,251,14,1,1,2132068,0,Tarjeta de Crédito,Online
911,2022-08-14,658,25,1,1,1853677,30,Tarjeta de Crédito,Sucursal
912,2023-02-05,257,6,20,1,1764687,20,Mercado Pago,Online
913,2023-09-09,1587,4,6,1,2160479,15,Tarjeta de Débito,Sucursal
914,2021-10-22,1769,8,17,4,1661179,0,Tarjeta de Crédito,Online
915,2024-12-05,1538,6,15,1,1764687,5,Tarjeta de Crédito,Online
916,2024-05-17,976,18,1,2,1042885,5,Tarjeta de Débito,Online
917,2024-02-17,1230,21,13,2,1989781,0,Transferencia,Sucursal
918,2023-05-06,1333,3,18,1,1748036,0,Tarjeta de Crédito,Online
919,2024-09-13,1281,22,8,1,1797606,0,Mercado Pago,Sucursal
920,2025-08-31,1029,17,15,1,1455169,0,Transferencia,Sucursal
921,2024-01-15,495,21,2,2,1989781,0,Mercado Pago,Sucursal
922,2025-09-01,354,9,14,1,944582,0,Transferencia,Sucursal
923,2022-06-04,864,20,20,2,2236130,10,Tarjeta de Débito,Sucursal
924,2022-02-06,1555,24,4,1,1763627,0,Tarjeta de Débito,Online
925,2025-05-01,1202,5,14,3,658866,0,Tarjeta de Crédito,Sucursal
926,2022-10-07,1782,10,17,1,2261684,0,Transferencia,Sucursal
927,2023-06-08,963,25,2,1,1853677,0,Tarjeta de Crédito,Sucursal
928,2026-02-07,2,24,6,3,1763627,0,Tarjeta de Crédito,Online
929,2025-07-09,1855,6,12,2,1764687,0,Tarjeta de Crédito,Sucursal
930,2023-02-25,1852,17,15,1,1455169,10,Tarjeta de Crédito,Sucursal
931,2023-06-18,1173,4,4,2,2160479,0,Tarjeta de Débito,Sucursal
932,2023-06-23,1159,15,2,1,2254306,0,Tarjeta de Débito,Online
933,2026-02-15,235,23,15,1,1928958,0,Tarjeta de Débito,Online
934,2021-08-18,817,13,19,1,1102174,5,Mercado Pago,Sucursal
935,2025-10-15,1792,25,11,1,1853677,0,Tarjeta de Crédito,Sucursal
936,2021-09-01,1868,14,12,1,2132068,0,Tarjeta de Crédito,Online
937,2026-01-26,1217,20,15,1,2236130,30,Tarjeta de Crédito,Online
938,2022-07-25,1440,19,14,1,1030169,0,Transferencia,Online
939,2022-02-24,716,6,1,1,1764687,5,Tarjeta de Débito,Sucursal
940,2024-04-13,604,1,2,1,934942,10,Tarjeta de Crédito,Sucursal
941,2025-02-26,1598,14,7,2,2132068,0,Tarjeta de Débito,Online
942,2023-12-17,332,3,20,2,1748036,0,Mercado Pago,Online
943,2025-04-01,1483,12,9,1,1844344,5,Tarjeta de Débito,Online
944,2023-08-05,2000,18,7,1,1042885,10,Tarjeta de Crédito,Sucursal
945,2025-03-18,1783,16,7,1,954116,10,Mercado Pago,Online
946,2025-02-23,648,4,14,2,2160479,0,Tarjeta de Crédito,Sucursal
947,2022-12-23,1789,6,20,2,1764687,15,Tarjeta de Crédito,Online
948,2026-04-17,1228,8,4,1,1661179,5,Tarjeta de Crédito,Sucursal
949,2026-04-01,363,16,18,1,954116,0,Mercado Pago,Sucursal
950,2022-01-26,891,12,9,2,1844344,0,Tarjeta de Débito,Sucursal
951,2023-08-31,1295,7,13,1,1778736,30,Mercado Pago,Sucursal
952,2021-12-15,1229,8,9,1,1661179,0,Efectivo,Sucursal
953,2021-12-20,819,24,5,2,1763627,0,Tarjeta de Crédito,Sucursal
954,2021-10-31,1025,1,15,1,934942,20,Tarjeta de Débito,Sucursal
955,2023-07-04,796,20,3,2,2236130,15,Tarjeta de Crédito,Sucursal
956,2024-08-26,245,13,14,1,1102174,15,Mercado Pago,Online
957,2024-01-20,579,12,5,1,1844344,0,Tarjeta de Débito,Online
958,2022-01-01,1429,23,12,1,1928958,0,Mercado Pago,Online
959,2023-07-09,603,17,19,3,1455169,0,Tarjeta de Crédito,Sucursal
960,2023-08-24,363,19,2,1,1030169,0,Tarjeta de Débito,Sucursal
961,2023-11-23,152,16,15,1,954116,5,Transferencia,Sucursal
962,2021-10-29,682,24,14,2,1763627,0,Tarjeta de Crédito,Online
963,2021-12-04,970,20,17,1,2236130,0,Tarjeta de Crédito,Online
964,2024-10-25,1374,15,15,3,2254306,0,Tarjeta de Débito,Online
965,2025-10-15,1953,22,10,2,1797606,0,Tarjeta de Crédito,Sucursal
966,2025-03-09,1478,18,10,1,1042885,10,Tarjeta de Crédito,Sucursal
967,2021-12-13,1710,19,16,1,1030169,10,Tarjeta de Débito,Online
968,2024-04-06,942,21,11,1,1989781,5,Tarjeta de Crédito,Sucursal
969,2026-03-13,714,6,18,2,1764687,0,Tarjeta de Débito,Sucursal
970,2024-04-26,1411,8,8,2,1661179,0,Mercado Pago,Sucursal
971,2025-10-24,835,21,8,1,1989781,0,Mercado Pago,Online
972,2021-09-17,1408,16,20,2,954116,10,Transferencia,Sucursal
973,2022-03-23,679,15,16,1,2254306,10,Mercado Pago,Sucursal
974,2024-07-29,1208,15,20,1,2254306,0,Tarjeta de Crédito,Sucursal
975,2026-04-06,725,2,15,1,1484902,10,Mercado Pago,Sucursal
976,2022-01-04,1338,13,14,3,1102174,0,Tarjeta de Crédito,Sucursal
977,2025-11-29,1095,8,19,2,1661179,0,Mercado Pago,Online
978,2023-08-17,1742,19,3,3,1030169,0,Efectivo,Online
979,2024-05-21,706,7,15,2,1778736,10,Tarjeta de Crédito,Online
980,2026-03-21,1037,3,11,1,1748036,0,Transferencia,Sucursal
981,2023-04-21,606,11,7,2,1298880,0,Mercado Pago,Sucursal
982,2022-11-01,281,5,19,1,658866,5,Tarjeta de Débito,Online
983,2024-10-18,528,16,6,2,954116,0,Tarjeta de Débito,Online
984,2022-08-20,1476,8,11,2,1661179,0,Mercado Pago,Sucursal
985,2025-06-29,615,20,4,1,2236130,5,Mercado Pago,Online
986,2023-06-09,1189,9,9,1,944582,0,Mercado Pago,Online
987,2023-11-24,1384,17,17,1,1455169,0,Tarjeta de Débito,Online
988,2022-11-09,96,10,4,1,2261684,10,Tarjeta de Débito,Online
989,2022-02-22,1761,9,15,2,944582,15,Tarjeta de Crédito,Online
990,2023-05-10,855,20,10,1,2236130,10,Tarjeta de Crédito,Sucursal
991,2025-05-06,184,16,6,2,954116,20,Tarjeta de Débito,Sucursal
992,2022-10-02,578,16,7,1,954116,20,Mercado Pago,Online
993,2022-04-09,70,2,2,2,1484902,0,Tarjeta de Crédito,Sucursal
994,2021-12-03,1374,23,10,1,1928958,0,Tarjeta de Débito,Online
995,2025-05-01,392,20,13,1,2236130,5,Transferencia,Sucursal
996,2022-08-19,514,12,13,1,1844344,0,Tarjeta de Crédito,Online
997,2024-10-20,1608,24,10,1,1763627,0,Efectivo,Online
998,2022-04-09,48,22,13,1,1797606,30,Tarjeta de Crédito,Online
999,2026-05-25,897,10,9,1,2261684,10,Mercado Pago,Sucursal
1000,2024-11-10,1839,5,11,2,658866,0,Tarjeta de Débito,Online
1001,2024-10-23,1604,20,16,1,2236130,0,Tarjeta de Crédito,Sucursal
1002,2025-09-12,1494,13,17,3,1102174,0,Tarjeta de Débito,Sucursal
1003,2026-02-05,1240,4,13,1,2160479,10,Tarjeta de Crédito,Online
1004,2023-06-12,546,8,12,1,1661179,20,Tarjeta de Crédito,Online
1005,2021-07-23,563,2,13,2,1484902,5,Efectivo,Online
1006,2026-02-26,1297,18,5,1,1042885,5,Tarjeta de Crédito,Sucursal
1007,2025-08-31,335,25,3,1,1853677,5,Tarjeta de Crédito,Sucursal
1008,2023-09-26,1029,1,16,3,934942,0,Mercado Pago,Sucursal
1009,2024-08-28,1462,20,17,3,2236130,15,Tarjeta de Crédito,Online
1010,2023-06-18,539,21,9,1,1989781,10,Mercado Pago,Sucursal
1011,2026-03-28,1085,20,19,1,2236130,0,Transferencia,Sucursal
1012,2021-07-13,711,7,20,2,1778736,10,Tarjeta de Débito,Sucursal
1013,2023-07-15,1245,17,10,4,1455169,5,Mercado Pago,Online
1014,2026-01-02,827,25,13,1,1853677,10,Tarjeta de Débito,Online
1015,2023-03-06,1526,23,17,2,1928958,5,Tarjeta de Crédito,Sucursal
1016,2025-11-28,553,21,18,1,1989781,0,Tarjeta de Crédito,Online
1017,2021-08-30,1591,9,13,3,944582,5,Tarjeta de Crédito,Sucursal
1018,2023-03-16,536,6,20,1,1764687,10,Transferencia,Online
1019,2024-05-22,1459,3,10,1,1748036,5,Tarjeta de Crédito,Online
1020,2021-12-18,1544,14,2,3,2132068,0,Mercado Pago,Sucursal
1021,2022-08-06,1723,22,7,1,1797606,15,Tarjeta de Crédito,Online
1022,2022-05-10,1381,14,6,1,2132068,0,Tarjeta de Débito,Sucursal
1023,2026-06-06,691,14,13,1,2132068,10,Tarjeta de Crédito,Online
1024,2025-01-28,1662,4,20,1,2160479,0,Tarjeta de Débito,Sucursal
1025,2024-07-28,977,10,6,1,2261684,0,Mercado Pago,Sucursal
1026,2022-08-11,1260,2,5,1,1484902,0,Mercado Pago,Sucursal
1027,2023-09-17,1462,17,17,1,1455169,10,Tarjeta de Crédito,Sucursal
1028,2024-03-31,34,13,17,1,1102174,0,Tarjeta de Débito,Sucursal
1029,2022-09-30,781,13,15,2,1102174,10,Mercado Pago,Sucursal
1030,2026-06-27,497,13,5,3,1102174,0,Tarjeta de Débito,Sucursal
1031,2021-12-07,629,21,1,1,1989781,5,Tarjeta de Crédito,Online
1032,2023-03-14,1736,16,17,1,954116,0,Tarjeta de Crédito,Online
1033,2021-11-28,1732,21,13,1,1989781,0,Mercado Pago,Online
1034,2021-12-06,1465,25,20,4,1853677,15,Tarjeta de Crédito,Sucursal
1035,2022-03-02,641,21,18,1,1989781,15,Tarjeta de Crédito,Online
1036,2021-09-14,1917,5,3,5,658866,0,Tarjeta de Crédito,Sucursal
1037,2025-03-30,1488,16,17,2,954116,0,Tarjeta de Crédito,Sucursal
1038,2023-09-22,1139,24,4,2,1763627,0,Transferencia,Online
1039,2023-08-25,1877,12,13,1,1844344,0,Tarjeta de Crédito,Sucursal
1040,2026-01-11,1427,16,9,1,954116,0,Tarjeta de Débito,Sucursal
1041,2021-07-07,1575,9,11,1,944582,0,Tarjeta de Crédito,Online
1042,2025-11-03,1070,2,11,2,1484902,10,Mercado Pago,Online
1043,2023-12-15,1522,13,17,1,1102174,10,Tarjeta de Débito,Sucursal
1044,2021-08-22,1369,23,4,1,1928958,0,Mercado Pago,Online
1045,2022-03-19,957,15,9,3,2254306,5,Efectivo,Online
1046,2023-10-20,1201,4,11,1,2160479,30,Transferencia,Sucursal
1047,2026-02-15,1816,2,7,1,1484902,0,Mercado Pago,Sucursal
1048,2021-09-03,1410,17,14,2,1455169,15,Tarjeta de Crédito,Online
1049,2025-01-16,729,4,2,1,2160479,10,Tarjeta de Crédito,Sucursal
1050,2025-10-31,256,15,10,1,2254306,20,Tarjeta de Crédito,Sucursal
1051,2023-07-29,63,13,15,1,1102174,0,Tarjeta de Crédito,Online
1052,2022-09-07,21,10,5,1,2261684,0,Tarjeta de Crédito,Online
1053,2026-04-12,1456,22,5,1,1797606,0,Tarjeta de Débito,Sucursal
1054,2022-10-14,694,4,20,4,2160479,15,Mercado Pago,Sucursal
1055,2026-01-08,1647,9,19,2,944582,15,Tarjeta de Crédito,Sucursal
1056,2023-04-28,1406,23,12,2,1928958,0,Mercado Pago,Sucursal
1057,2023-02-11,294,12,1,2,1844344,20,Efectivo,Online
1058,2021-11-23,1779,23,20,1,1928958,0,Tarjeta de Crédito,Sucursal
1059,2025-04-11,1716,25,20,1,1853677,5,Transferencia,Sucursal
1060,2024-01-17,419,7,4,1,1778736,5,Tarjeta de Débito,Online
1061,2026-05-20,642,21,9,1,1989781,0,Tarjeta de Crédito,Sucursal
1062,2021-10-13,1291,23,13,1,1928958,5,Tarjeta de Crédito,Online
1063,2021-09-10,1814,16,7,2,954116,10,Tarjeta de Débito,Online
1064,2024-12-08,1734,4,11,1,2160479,0,Tarjeta de Crédito,Sucursal
1065,2025-04-20,863,21,3,3,1989781,5,Mercado Pago,Sucursal
1066,2023-02-26,83,23,2,1,1928958,0,Tarjeta de Crédito,Sucursal
1067,2025-02-20,599,14,8,1,2132068,5,Tarjeta de Débito,Online
1068,2023-11-26,1905,17,2,1,1455169,0,Tarjeta de Crédito,Sucursal
1069,2024-07-19,733,23,17,1,1928958,0,Tarjeta de Débito,Sucursal
1070,2024-02-21,259,8,3,1,1661179,5,Tarjeta de Débito,Online
1071,2025-02-04,32,22,3,1,1797606,0,Mercado Pago,Online
1072,2025-05-06,41,5,6,1,658866,15,Tarjeta de Crédito,Sucursal
1073,2022-12-28,101,8,11,1,1661179,0,Tarjeta de Débito,Online
1074,2022-03-16,510,25,11,2,1853677,0,Efectivo,Online
1075,2025-02-13,466,20,8,1,2236130,0,Mercado Pago,Online
1076,2022-09-27,1745,15,16,2,2254306,10,Transferencia,Sucursal
1077,2023-07-31,1074,2,2,1,1484902,15,Tarjeta de Débito,Online
1078,2025-04-13,1858,19,17,1,1030169,0,Tarjeta de Débito,Online
1079,2024-01-31,1156,3,6,2,1748036,0,Tarjeta de Crédito,Sucursal
1080,2022-05-12,664,16,5,2,954116,5,Transferencia,Online
1081,2024-09-20,1314,18,17,1,1042885,0,Mercado Pago,Online
1082,2026-06-01,1217,6,11,1,1764687,0,Mercado Pago,Sucursal
1083,2026-02-05,422,24,19,1,1763627,0,Tarjeta de Crédito,Sucursal
1084,2024-02-10,1686,12,2,1,1844344,0,Tarjeta de Crédito,Online
1085,2025-05-19,1489,2,19,1,1484902,0,Tarjeta de Débito,Online
1086,2025-08-19,1518,22,11,1,1797606,0,Tarjeta de Crédito,Online
1087,2025-05-13,202,13,7,1,1102174,0,Tarjeta de Crédito,Online
1088,2024-12-22,186,4,5,2,2160479,10,Tarjeta de Débito,Sucursal
1089,2024-10-08,1037,21,4,1,1989781,10,Mercado Pago,Online
1090,2025-07-31,927,22,3,1,1797606,0,Tarjeta de Débito,Online
1091,2026-04-16,1947,14,20,2,2132068,10,Tarjeta de Crédito,Sucursal
1092,2021-12-24,1544,7,12,1,1778736,10,Mercado Pago,Sucursal
1093,2025-04-27,1401,3,10,1,1748036,10,Tarjeta de Crédito,Online
1094,2023-02-27,730,22,1,3,1797606,0,Tarjeta de Crédito,Sucursal
1095,2022-09-04,769,22,18,4,1797606,0,Tarjeta de Débito,Sucursal
1096,2023-05-13,1849,23,15,1,1928958,10,Tarjeta de Crédito,Sucursal
1097,2024-10-28,1456,9,6,1,944582,0,Mercado Pago,Online
1098,2025-03-26,246,9,1,1,944582,10,Tarjeta de Débito,Sucursal
1099,2024-01-01,1005,13,8,1,1102174,10,Tarjeta de Crédito,Online
1100,2025-04-30,1375,12,6,1,1844344,0,Efectivo,Online
1101,2022-12-06,252,11,14,1,1298880,0,Tarjeta de Crédito,Sucursal
1102,2022-02-23,456,22,14,1,1797606,0,Tarjeta de Crédito,Online
1103,2025-12-31,148,2,3,1,1484902,10,Tarjeta de Crédito,Sucursal
1104,2025-10-25,1539,21,1,1,1989781,15,Mercado Pago,Online
1105,2021-12-12,1843,25,16,1,1853677,0,Tarjeta de Crédito,Sucursal
1106,2024-04-24,1805,4,19,2,2160479,10,Mercado Pago,Sucursal
1107,2022-10-09,1443,17,10,4,1455169,10,Tarjeta de Crédito,Sucursal
1108,2023-12-19,648,17,1,1,1455169,5,Tarjeta de Crédito,Sucursal
1109,2026-06-07,366,15,12,1,2254306,5,Tarjeta de Crédito,Online
1110,2025-12-29,1422,16,14,1,954116,0,Tarjeta de Crédito,Sucursal
1111,2025-05-31,994,6,5,1,1764687,10,Tarjeta de Crédito,Sucursal
1112,2023-09-19,816,7,1,1,1778736,0,Tarjeta de Crédito,Online
1113,2024-12-08,914,20,9,2,2236130,10,Tarjeta de Crédito,Sucursal
1114,2021-09-23,123,14,15,1,2132068,0,Tarjeta de Crédito,Online
1115,2023-09-13,245,3,20,1,1748036,5,Tarjeta de Crédito,Online
1116,2022-07-02,1833,25,10,2,1853677,15,Tarjeta de Crédito,Sucursal
1117,2025-10-27,207,14,6,1,2132068,10,Tarjeta de Débito,Sucursal
1118,2024-06-02,1939,11,5,1,1298880,0,Tarjeta de Crédito,Online
1119,2024-03-24,1372,19,17,1,1030169,0,Mercado Pago,Sucursal
1120,2023-04-29,650,12,20,2,1844344,5,Tarjeta de Crédito,Sucursal
1121,2023-03-08,1461,17,19,1,1455169,0,Tarjeta de Crédito,Sucursal
1122,2023-08-27,430,10,8,3,2261684,0,Transferencia,Sucursal
1123,2024-09-29,696,12,4,1,1844344,0,Transferencia,Online
1124,2025-04-01,1088,6,17,1,1764687,20,Tarjeta de Débito,Online
1125,2023-04-15,1107,4,11,1,2160479,0,Tarjeta de Crédito,Sucursal
1126,2022-05-26,583,14,8,1,2132068,0,Tarjeta de Crédito,Sucursal
1127,2024-12-01,1631,19,11,2,1030169,20,Tarjeta de Débito,Online
1128,2023-08-14,1355,18,12,1,1042885,30,Tarjeta de Crédito,Sucursal
1129,2024-06-06,7,4,12,1,2160479,0,Tarjeta de Crédito,Sucursal
1130,2024-08-10,771,1,5,1,934942,15,Tarjeta de Débito,Sucursal
1131,2023-03-16,1881,21,10,1,1989781,15,Mercado Pago,Online
1132,2025-11-11,929,14,17,1,2132068,5,Mercado Pago,Online
1133,2025-10-25,671,9,17,2,944582,0,Efectivo,Sucursal
1134,2023-12-08,1999,3,18,1,1748036,15,Tarjeta de Crédito,Sucursal
1135,2023-06-30,1074,2,7,1,1484902,5,Mercado Pago,Online
1136,2025-06-24,293,20,3,2,2236130,0,Tarjeta de Crédito,Sucursal
1137,2025-07-22,341,25,15,1,1853677,0,Tarjeta de Débito,Sucursal
1138,2025-06-06,625,1,19,1,934942,15,Tarjeta de Crédito,Sucursal
1139,2023-03-31,488,5,8,2,658866,0,Mercado Pago,Sucursal
1140,2022-02-10,743,5,4,2,658866,10,Tarjeta de Débito,Sucursal
1141,2024-09-04,152,5,16,1,658866,0,Tarjeta de Débito,Online
1142,2021-07-11,1921,23,14,1,1928958,0,Tarjeta de Débito,Sucursal
1143,2022-02-08,229,23,16,2,1928958,20,Mercado Pago,Sucursal
1144,2025-06-28,1627,15,9,2,2254306,10,Mercado Pago,Sucursal
1145,2025-09-06,1885,1,3,1,934942,0,Efectivo,Online
1146,2024-05-26,858,7,12,1,1778736,10,Tarjeta de Débito,Online
1147,2022-08-10,436,17,14,3,1455169,10,Tarjeta de Débito,Sucursal
1148,2022-07-27,309,13,14,1,1102174,0,Tarjeta de Crédito,Online
1149,2022-04-10,1202,10,14,1,2261684,10,Tarjeta de Crédito,Sucursal
1150,2025-09-27,1081,11,4,2,1298880,0,Tarjeta de Crédito,Sucursal
1151,2023-09-02,993,24,14,1,1763627,0,Tarjeta de Crédito,Online
1152,2023-08-17,1057,7,13,1,1778736,10,Tarjeta de Crédito,Sucursal
1153,2023-09-02,547,16,19,1,954116,0,Tarjeta de Crédito,Online
1154,2022-09-08,1571,20,15,1,2236130,0,Mercado Pago,Online
1155,2023-03-07,1639,16,17,1,954116,10,Tarjeta de Débito,Sucursal
1156,2023-08-26,1175,8,15,1,1661179,10,Tarjeta de Débito,Sucursal
1157,2026-06-26,1925,12,1,2,1844344,0,Tarjeta de Crédito,Online
1158,2021-12-26,403,24,4,1,1763627,0,Tarjeta de Crédito,Online
1159,2026-05-17,1793,23,11,1,1928958,15,Tarjeta de Crédito,Sucursal
1160,2023-04-27,1739,16,5,1,954116,5,Mercado Pago,Sucursal
1161,2024-07-28,1462,18,1,2,1042885,15,Tarjeta de Débito,Sucursal
1162,2022-02-03,436,7,6,1,1778736,0,Tarjeta de Crédito,Sucursal
1163,2025-09-28,1862,11,2,1,1298880,5,Tarjeta de Crédito,Online
1164,2025-07-09,1959,5,9,1,658866,0,Mercado Pago,Sucursal
1165,2024-03-04,1637,13,2,2,1102174,0,Tarjeta de Débito,Sucursal
1166,2022-11-18,358,2,4,1,1484902,0,Mercado Pago,Sucursal
1167,2022-05-07,751,24,18,2,1763627,0,Mercado Pago,Sucursal
1168,2025-10-09,102,11,14,1,1298880,0,Tarjeta de Débito,Sucursal
1169,2022-01-25,1325,2,11,1,1484902,0,Transferencia,Sucursal
1170,2022-09-15,1885,3,8,1,1748036,0,Tarjeta de Crédito,Online
1171,2023-03-22,1652,5,8,1,658866,30,Tarjeta de Crédito,Sucursal
1172,2023-07-27,1063,3,4,2,1748036,10,Mercado Pago,Online
1173,2023-06-08,403,5,17,1,658866,0,Tarjeta de Crédito,Online
1174,2025-06-13,1045,10,4,2,2261684,15,Mercado Pago,Online
1175,2022-04-07,1057,2,12,1,1484902,0,Tarjeta de Débito,Sucursal
1176,2022-04-30,66,15,1,1,2254306,20,Tarjeta de Débito,Sucursal
1177,2025-07-22,929,12,1,1,1844344,0,Tarjeta de Crédito,Online
1178,2021-07-18,329,20,20,1,2236130,0,Tarjeta de Débito,Sucursal
1179,2021-08-12,838,25,11,1,1853677,0,Tarjeta de Crédito,Sucursal
1180,2026-01-24,680,5,7,1,658866,0,Efectivo,Sucursal
1181,2025-05-08,327,17,2,3,1455169,0,Tarjeta de Crédito,Sucursal
1182,2025-02-26,1544,15,20,3,2254306,0,Efectivo,Sucursal
1183,2025-01-27,1802,18,14,2,1042885,30,Tarjeta de Crédito,Sucursal
1184,2024-08-18,997,7,19,1,1778736,5,Tarjeta de Crédito,Sucursal
1185,2021-07-23,151,14,10,2,2132068,0,Mercado Pago,Online
1186,2022-11-13,146,23,3,1,1928958,5,Tarjeta de Crédito,Online
1187,2022-02-02,1892,7,14,1,1778736,0,Mercado Pago,Online
1188,2023-12-31,1706,21,19,1,1989781,10,Tarjeta de Débito,Online
1189,2024-05-03,218,13,4,1,1102174,15,Tarjeta de Crédito,Online
1190,2023-03-19,313,25,5,1,1853677,5,Tarjeta de Crédito,Sucursal
1191,2022-01-01,503,14,1,2,2132068,10,Tarjeta de Débito,Sucursal
1192,2021-11-14,1973,1,3,1,934942,0,Mercado Pago,Sucursal
1193,2025-11-27,1716,11,16,1,1298880,0,Tarjeta de Débito,Sucursal
1194,2023-04-19,313,21,10,2,1989781,0,Transferencia,Sucursal
1195,2023-04-01,1429,13,17,2,1102174,0,Transferencia,Online
1196,2025-10-11,1375,16,14,5,954116,0,Tarjeta de Crédito,Online
1197,2024-10-04,1664,21,14,1,1989781,0,Tarjeta de Débito,Online
1198,2022-07-31,1231,10,12,3,2261684,10,Transferencia,Online
1199,2024-06-07,1612,23,16,1,1928958,30,Tarjeta de Crédito,Online
1200,2024-02-21,1239,22,20,1,1797606,5,Tarjeta de Crédito,Sucursal
1201,2025-08-18,360,21,6,1,1989781,5,Tarjeta de Débito,Sucursal
1202,2025-03-22,152,2,11,1,1484902,0,Tarjeta de Crédito,Online
1203,2025-03-06,1106,8,7,1,1661179,15,Tarjeta de Débito,Sucursal
1204,2024-07-09,1368,10,19,1,2261684,30,Tarjeta de Crédito,Online
1205,2026-04-14,1788,4,15,1,2160479,0,Tarjeta de Débito,Sucursal
1206,2026-03-14,1978,14,1,1,2132068,0,Transferencia,Online
1207,2025-10-23,1667,6,18,1,1764687,0,Mercado Pago,Sucursal
1208,2023-03-12,1294,21,14,3,1989781,15,Transferencia,Sucursal
1209,2022-01-25,655,15,11,2,2254306,0,Mercado Pago,Online
1210,2024-07-10,274,19,10,2,1030169,0,Tarjeta de Crédito,Sucursal
1211,2025-04-18,1846,2,18,1,1484902,0,Mercado Pago,Sucursal
1212,2022-08-24,1817,15,11,1,2254306,0,Tarjeta de Crédito,Sucursal
1213,2025-08-18,1895,10,15,2,2261684,15,Transferencia,Sucursal
1214,2021-07-17,555,25,8,1,1853677,0,Tarjeta de Débito,Sucursal
1215,2021-10-07,272,1,6,3,934942,5,Mercado Pago,Sucursal
1216,2023-07-02,244,22,20,2,1797606,10,Tarjeta de Crédito,Sucursal
1217,2021-11-29,420,9,11,1,944582,15,Tarjeta de Crédito,Sucursal
1218,2024-03-16,1702,25,9,1,1853677,20,Mercado Pago,Sucursal
1219,2022-01-22,1537,12,10,1,1844344,0,Transferencia,Sucursal
1220,2025-10-01,409,19,11,1,1030169,0,Transferencia,Sucursal
1221,2024-04-04,534,2,5,1,1484902,0,Efectivo,Online
1222,2023-03-10,30,1,6,4,934942,5,Tarjeta de Débito,Online
1223,2022-08-30,896,24,15,1,1763627,0,Tarjeta de Débito,Online
1224,2022-02-08,852,13,17,1,1102174,5,Mercado Pago,Online
1225,2025-07-25,965,15,11,4,2254306,5,Tarjeta de Débito,Sucursal
1226,2025-08-11,1187,7,2,1,1778736,5,Tarjeta de Débito,Sucursal
1227,2023-11-03,1231,22,11,2,1797606,5,Mercado Pago,Online
1228,2021-09-25,387,3,11,1,1748036,0,Mercado Pago,Online
1229,2023-10-22,1341,2,16,1,1484902,5,Tarjeta de Crédito,Sucursal
1230,2025-04-11,818,20,8,1,2236130,10,Mercado Pago,Online
1231,2023-02-12,1857,23,15,3,1928958,5,Tarjeta de Crédito,Online
1232,2022-04-13,852,24,5,1,1763627,10,Mercado Pago,Sucursal
1233,2023-07-06,1121,23,2,1,1928958,0,Tarjeta de Crédito,Sucursal
1234,2024-02-24,510,4,5,3,2160479,0,Tarjeta de Débito,Online
1235,2024-11-07,1618,12,2,2,1844344,10,Tarjeta de Crédito,Online
1236,2021-10-26,1310,15,11,1,2254306,5,Tarjeta de Crédito,Online
1237,2025-05-30,570,23,12,1,1928958,20,Tarjeta de Crédito,Sucursal
1238,2025-05-24,1654,6,1,1,1764687,0,Tarjeta de Crédito,Sucursal
1239,2021-12-31,337,4,8,2,2160479,0,Mercado Pago,Online
1240,2023-01-19,1889,10,16,1,2261684,0,Tarjeta de Crédito,Sucursal
1241,2026-03-27,1168,23,14,2,1928958,10,Tarjeta de Crédito,Online
1242,2024-02-22,1462,3,3,2,1748036,5,Tarjeta de Débito,Sucursal
1243,2025-07-28,212,6,18,5,1764687,15,Tarjeta de Crédito,Online
1244,2021-12-02,1768,20,6,1,2236130,0,Tarjeta de Débito,Sucursal
1245,2026-01-26,257,5,11,2,658866,0,Mercado Pago,Online
1246,2026-05-04,568,20,5,1,2236130,0,Tarjeta de Crédito,Sucursal
1247,2024-07-18,531,5,13,2,658866,5,Mercado Pago,Sucursal
1248,2022-07-05,1783,11,13,1,1298880,15,Tarjeta de Crédito,Sucursal
1249,2022-02-28,1018,15,1,1,2254306,10,Tarjeta de Débito,Sucursal
1250,2021-12-07,55,19,7,1,1030169,20,Tarjeta de Débito,Sucursal
1251,2022-07-08,1720,13,18,1,1102174,0,Mercado Pago,Online
1252,2023-03-12,596,6,15,2,1764687,0,Tarjeta de Crédito,Sucursal
1253,2026-03-09,97,17,4,1,1455169,0,Transferencia,Online
1254,2025-11-21,1793,4,11,2,2160479,0,Mercado Pago,Sucursal
1255,2025-03-15,335,12,11,1,1844344,0,Tarjeta de Crédito,Sucursal
1256,2025-08-14,1497,7,1,1,1778736,0,Transferencia,Online
1257,2024-05-11,776,24,14,3,1763627,10,Tarjeta de Débito,Sucursal
1258,2022-09-03,1302,21,3,1,1989781,5,Tarjeta de Crédito,Sucursal
1259,2025-06-03,164,8,18,3,1661179,10,Tarjeta de Débito,Sucursal
1260,2021-11-09,359,9,16,3,944582,20,Tarjeta de Débito,Sucursal
1261,2021-09-06,1439,5,10,1,658866,5,Transferencia,Sucursal
1262,2026-03-28,804,22,2,1,1797606,0,Tarjeta de Débito,Sucursal
1263,2026-03-02,1275,23,19,1,1928958,0,Tarjeta de Débito,Online
1264,2021-07-22,1969,2,2,1,1484902,0,Tarjeta de Débito,Sucursal
1265,2024-10-10,1263,8,12,1,1661179,0,Tarjeta de Crédito,Sucursal
1266,2021-07-22,1176,25,12,1,1853677,10,Tarjeta de Crédito,Sucursal
1267,2025-04-16,1585,25,12,1,1853677,0,Efectivo,Sucursal
1268,2026-04-09,858,21,3,1,1989781,15,Tarjeta de Débito,Sucursal
1269,2022-10-24,485,3,12,1,1748036,10,Efectivo,Sucursal
1270,2024-08-16,307,12,4,1,1844344,0,Tarjeta de Débito,Sucursal
1271,2021-11-03,1324,5,18,2,658866,0,Tarjeta de Crédito,Online
1272,2026-06-04,103,16,20,1,954116,10,Transferencia,Online
1273,2023-05-05,1709,4,18,1,2160479,0,Tarjeta de Crédito,Sucursal
1274,2026-01-24,1976,3,12,2,1748036,0,Tarjeta de Crédito,Online
1275,2025-07-14,1189,15,1,1,2254306,15,Tarjeta de Crédito,Sucursal
1276,2025-11-05,1838,1,11,1,934942,0,Tarjeta de Crédito,Online
1277,2023-06-04,259,19,3,1,1030169,5,Tarjeta de Crédito,Sucursal
1278,2025-10-04,224,7,11,1,1778736,0,Transferencia,Sucursal
1279,2023-07-17,1266,24,4,1,1763627,0,Mercado Pago,Sucursal
1280,2022-11-03,415,21,12,1,1989781,0,Tarjeta de Débito,Sucursal
1281,2023-02-17,1106,16,3,1,954116,0,Tarjeta de Crédito,Sucursal
1282,2023-11-06,1602,24,13,1,1763627,0,Tarjeta de Débito,Online
1283,2024-04-26,931,20,6,2,2236130,0,Mercado Pago,Sucursal
1284,2021-07-11,1511,24,20,1,1763627,0,Mercado Pago,Sucursal
1285,2023-04-27,377,6,2,1,1764687,0,Efectivo,Online
1286,2024-07-18,1319,9,2,1,944582,0,Transferencia,Sucursal
1287,2026-02-07,1112,12,18,1,1844344,5,Tarjeta de Crédito,Sucursal
1288,2026-02-20,391,18,2,2,1042885,0,Tarjeta de Débito,Sucursal
1289,2024-03-16,510,22,16,1,1797606,10,Tarjeta de Crédito,Sucursal
1290,2023-05-06,554,8,3,1,1661179,5,Tarjeta de Crédito,Sucursal
1291,2022-03-19,1866,12,5,3,1844344,0,Tarjeta de Crédito,Sucursal
1292,2023-09-14,371,11,1,1,1298880,5,Mercado Pago,Sucursal
1293,2023-12-29,847,4,18,1,2160479,0,Tarjeta de Crédito,Sucursal
1294,2026-05-04,139,22,6,1,1797606,0,Tarjeta de Débito,Sucursal
1295,2023-11-02,1532,19,19,1,1030169,5,Mercado Pago,Online
1296,2022-02-16,670,23,10,2,1928958,0,Mercado Pago,Sucursal
1297,2022-06-06,850,14,5,1,2132068,0,Tarjeta de Crédito,Online
1298,2025-01-21,440,16,5,1,954116,0,Mercado Pago,Sucursal
1299,2024-01-11,1701,10,8,4,2261684,5,Mercado Pago,Sucursal
1300,2022-02-21,712,12,9,1,1844344,0,Transferencia,Online
1301,2024-10-01,1220,8,10,1,1661179,0,Mercado Pago,Online
1302,2024-03-18,1007,23,12,1,1928958,5,Tarjeta de Débito,Sucursal
1303,2023-05-29,1247,24,8,1,1763627,0,Tarjeta de Crédito,Online
1304,2025-07-21,648,23,20,1,1928958,15,Transferencia,Online
1305,2022-09-05,65,24,11,1,1763627,10,Tarjeta de Débito,Online
1306,2022-09-29,1942,4,13,4,2160479,0,Efectivo,Sucursal
1307,2021-12-18,1789,13,8,2,1102174,10,Mercado Pago,Sucursal
1308,2023-05-11,213,22,15,1,1797606,0,Tarjeta de Débito,Sucursal
1309,2021-08-06,1584,5,6,3,658866,5,Efectivo,Online
1310,2025-08-18,984,14,20,1,2132068,10,Tarjeta de Débito,Online
1311,2026-02-02,739,3,17,5,1748036,20,Mercado Pago,Online
1312,2026-01-12,269,15,5,1,2254306,0,Mercado Pago,Sucursal
1313,2021-12-06,1465,18,7,5,1042885,0,Mercado Pago,Sucursal
1314,2026-01-16,844,9,9,1,944582,0,Tarjeta de Crédito,Sucursal
1315,2021-07-15,515,16,1,2,954116,5,Mercado Pago,Online
1316,2024-03-21,1028,10,4,2,2261684,15,Tarjeta de Débito,Sucursal
1317,2026-05-27,1393,24,10,1,1763627,15,Tarjeta de Débito,Sucursal
1318,2022-04-12,825,4,9,2,2160479,5,Tarjeta de Crédito,Sucursal
1319,2026-06-25,214,3,20,1,1748036,0,Tarjeta de Débito,Online
1320,2023-12-31,1833,6,13,1,1764687,10,Mercado Pago,Sucursal
1321,2022-12-29,1215,18,17,1,1042885,0,Tarjeta de Débito,Online
1322,2024-06-04,252,13,14,1,1102174,0,Tarjeta de Crédito,Sucursal
1323,2022-08-23,1196,5,2,1,658866,0,Tarjeta de Crédito,Sucursal
1324,2024-07-16,503,21,10,2,1989781,0,Mercado Pago,Sucursal
1325,2022-08-11,1533,1,6,1,934942,0,Mercado Pago,Sucursal
1326,2026-01-04,1435,21,9,1,1989781,5,Transferencia,Sucursal
1327,2022-01-13,363,9,8,2,944582,0,Mercado Pago,Sucursal
1328,2021-09-20,154,21,15,2,1989781,0,Mercado Pago,Online
1329,2025-05-20,671,17,3,3,1455169,15,Tarjeta de Crédito,Online
1330,2024-12-03,104,1,9,1,934942,0,Tarjeta de Crédito,Online
1331,2024-02-08,363,24,9,1,1763627,0,Transferencia,Online
1332,2024-09-02,1643,7,2,1,1778736,0,Tarjeta de Crédito,Sucursal
1333,2025-03-21,1992,6,7,3,1764687,5,Tarjeta de Crédito,Sucursal
1334,2023-01-27,12,5,7,1,658866,5,Mercado Pago,Sucursal
1335,2026-03-04,1495,13,7,1,1102174,15,Tarjeta de Crédito,Sucursal
1336,2022-11-05,1111,13,10,1,1102174,5,Tarjeta de Débito,Online
1337,2023-07-12,1962,7,12,1,1778736,0,Tarjeta de Crédito,Sucursal
1338,2026-05-25,887,18,4,1,1042885,5,Tarjeta de Crédito,Sucursal
1339,2025-03-24,1815,23,17,1,1928958,0,Tarjeta de Crédito,Sucursal
1340,2022-04-12,1769,22,16,1,1797606,0,Tarjeta de Crédito,Sucursal
1341,2024-04-05,1801,13,10,2,1102174,0,Tarjeta de Débito,Sucursal
1342,2024-01-06,874,14,7,2,2132068,0,Tarjeta de Débito,Online
1343,2023-07-10,1166,12,15,1,1844344,5,Tarjeta de Crédito,Sucursal
1344,2023-06-26,1492,25,2,3,1853677,15,Transferencia,Online
1345,2025-04-17,1384,15,14,1,2254306,10,Tarjeta de Crédito,Sucursal
1346,2025-11-13,1162,23,17,1,1928958,5,Tarjeta de Crédito,Sucursal
1347,2025-08-03,1105,9,10,1,944582,0,Mercado Pago,Sucursal
1348,2023-08-15,112,16,20,2,954116,0,Tarjeta de Crédito,Online
1349,2023-10-31,488,17,17,2,1455169,0,Tarjeta de Débito,Sucursal
1350,2022-07-23,1336,14,11,1,2132068,0,Transferencia,Online
1351,2023-02-26,1815,6,6,1,1764687,5,Tarjeta de Crédito,Sucursal
1352,2024-02-24,228,14,20,1,2132068,0,Transferencia,Sucursal
1353,2024-02-21,1898,1,8,1,934942,0,Tarjeta de Crédito,Sucursal
1354,2025-01-26,686,12,1,1,1844344,20,Mercado Pago,Sucursal
1355,2023-07-28,906,4,12,1,2160479,0,Tarjeta de Débito,Online
1356,2026-05-28,1016,1,6,3,934942,20,Tarjeta de Crédito,Sucursal
1357,2023-03-26,588,9,4,2,944582,0,Tarjeta de Crédito,Sucursal
1358,2023-09-15,1759,17,13,1,1455169,20,Tarjeta de Crédito,Sucursal
1359,2024-02-27,1956,12,19,1,1844344,15,Mercado Pago,Sucursal
1360,2022-10-23,1949,24,7,2,1763627,10,Tarjeta de Débito,Sucursal
1361,2023-05-01,628,7,7,1,1778736,0,Tarjeta de Crédito,Sucursal
1362,2026-02-15,916,12,9,1,1844344,0,Tarjeta de Crédito,Sucursal
1363,2025-05-17,38,1,7,1,934942,5,Transferencia,Sucursal
1364,2021-10-26,755,7,14,1,1778736,0,Tarjeta de Crédito,Sucursal
1365,2023-11-22,166,3,16,1,1748036,5,Mercado Pago,Sucursal
1366,2024-07-15,1399,17,13,4,1455169,0,Tarjeta de Crédito,Sucursal
1367,2022-01-23,575,11,2,2,1298880,0,Tarjeta de Crédito,Sucursal
1368,2022-09-04,1861,2,6,1,1484902,0,Tarjeta de Débito,Sucursal
1369,2024-11-30,907,4,17,1,2160479,0,Tarjeta de Crédito,Sucursal
1370,2024-10-03,1767,13,15,1,1102174,0,Transferencia,Online
1371,2025-03-13,37,20,2,1,2236130,0,Efectivo,Sucursal
1372,2024-03-08,1623,5,18,1,658866,0,Tarjeta de Crédito,Sucursal
1373,2023-01-16,316,5,14,2,658866,15,Mercado Pago,Sucursal
1374,2025-10-11,599,7,6,2,1778736,0,Mercado Pago,Sucursal
1375,2025-11-04,769,14,10,1,2132068,0,Mercado Pago,Sucursal
1376,2024-06-19,110,20,19,2,2236130,0,Tarjeta de Crédito,Online
1377,2025-08-05,244,13,1,1,1102174,0,Tarjeta de Débito,Sucursal
1378,2022-08-03,800,2,12,2,1484902,30,Tarjeta de Débito,Sucursal
1379,2021-11-26,111,1,19,3,934942,0,Tarjeta de Crédito,Sucursal
1380,2024-04-09,587,19,2,3,1030169,0,Tarjeta de Crédito,Online
1381,2025-01-04,39,21,2,1,1989781,0,Tarjeta de Crédito,Sucursal
1382,2024-02-20,45,6,4,1,1764687,10,Tarjeta de Crédito,Online
1383,2025-04-30,821,9,16,1,944582,0,Tarjeta de Crédito,Sucursal
1384,2023-02-10,92,7,8,1,1778736,0,Tarjeta de Débito,Sucursal
1385,2025-04-03,1709,19,15,1,1030169,0,Mercado Pago,Online
1386,2025-12-28,932,22,14,1,1797606,5,Mercado Pago,Sucursal
1387,2023-04-26,1592,12,18,1,1844344,0,Tarjeta de Crédito,Online
1388,2025-11-30,92,20,4,1,2236130,0,Transferencia,Online
1389,2025-11-25,689,4,6,1,2160479,0,Tarjeta de Crédito,Online
1390,2025-08-31,1126,7,20,1,1778736,10,Tarjeta de Crédito,Sucursal
1391,2025-10-04,1171,14,1,1,2132068,0,Tarjeta de Débito,Sucursal
1392,2022-03-16,1484,10,3,1,2261684,10,Transferencia,Online
1393,2022-10-26,560,13,2,3,1102174,0,Tarjeta de Crédito,Sucursal
1394,2023-10-08,122,20,11,1,2236130,10,Mercado Pago,Sucursal
1395,2022-11-26,1666,24,18,1,1763627,0,Tarjeta de Débito,Sucursal
1396,2022-12-28,1559,1,7,1,934942,10,Tarjeta de Débito,Sucursal
1397,2024-12-05,1782,18,20,1,1042885,5,Efectivo,Sucursal
1398,2023-12-20,781,17,6,1,1455169,0,Tarjeta de Crédito,Sucursal
1399,2021-07-25,172,10,13,1,2261684,5,Transferencia,Online
1400,2021-12-27,18,24,1,1,1763627,0,Tarjeta de Crédito,Sucursal
1401,2025-07-08,1637,5,13,1,658866,5,Tarjeta de Crédito,Sucursal
1402,2022-03-03,1506,11,17,1,1298880,0,Tarjeta de Crédito,Online
1403,2026-04-16,1842,7,18,1,1778736,0,Tarjeta de Crédito,Online
1404,2023-02-03,794,25,15,2,1853677,0,Mercado Pago,Sucursal
1405,2022-08-02,1846,20,6,1,2236130,0,Tarjeta de Crédito,Sucursal
1406,2022-01-23,324,4,15,2,2160479,0,Mercado Pago,Sucursal
1407,2022-01-25,1605,11,10,1,1298880,30,Tarjeta de Crédito,Sucursal
1408,2022-03-05,1585,4,18,1,2160479,0,Tarjeta de Débito,Sucursal
1409,2025-10-24,921,18,3,1,1042885,0,Tarjeta de Crédito,Sucursal
1410,2022-03-12,513,20,14,2,2236130,20,Tarjeta de Crédito,Sucursal
1411,2025-04-07,1235,11,1,1,1298880,0,Mercado Pago,Sucursal
1412,2021-09-14,1789,16,3,3,954116,0,Tarjeta de Crédito,Online
1413,2023-04-29,607,13,3,2,1102174,10,Mercado Pago,Sucursal
1414,2021-08-01,1743,24,2,3,1763627,0,Tarjeta de Crédito,Online
1415,2025-04-23,1300,8,5,2,1661179,10,Tarjeta de Crédito,Online
1416,2022-08-19,538,22,10,3,1797606,5,Tarjeta de Crédito,Sucursal
1417,2025-04-12,1808,11,20,1,1298880,5,Mercado Pago,Sucursal
1418,2021-08-30,578,8,12,1,1661179,5,Transferencia,Sucursal
1419,2024-12-29,1945,6,9,2,1764687,10,Tarjeta de Débito,Sucursal
1420,2026-03-06,744,6,16,1,1764687,15,Transferencia,Online
1421,2025-12-08,1565,17,13,2,1455169,10,Tarjeta de Débito,Online
1422,2022-04-18,336,9,14,1,944582,5,Tarjeta de Crédito,Online
1423,2023-03-21,1201,20,1,1,2236130,0,Tarjeta de Crédito,Sucursal
1424,2026-02-04,144,4,16,1,2160479,5,Tarjeta de Débito,Sucursal
1425,2022-11-03,613,1,16,1,934942,0,Mercado Pago,Online
1426,2025-06-04,1448,20,1,1,2236130,0,Transferencia,Sucursal
1427,2025-11-17,1507,23,8,2,1928958,5,Tarjeta de Crédito,Sucursal
1428,2024-06-18,1049,18,13,1,1042885,5,Mercado Pago,Sucursal
1429,2023-06-08,368,8,10,2,1661179,0,Mercado Pago,Online
1430,2026-05-14,1293,5,15,1,658866,20,Tarjeta de Crédito,Sucursal
1431,2024-06-09,293,25,15,5,1853677,5,Transferencia,Online
1432,2022-03-17,624,14,19,1,2132068,0,Efectivo,Sucursal
1433,2026-06-11,1775,9,17,1,944582,0,Tarjeta de Crédito,Sucursal
1434,2024-08-17,1559,24,3,2,1763627,5,Tarjeta de Crédito,Sucursal
1435,2024-03-24,854,21,10,1,1989781,0,Tarjeta de Crédito,Sucursal
1436,2025-11-17,1531,8,4,2,1661179,10,Tarjeta de Crédito,Sucursal
1437,2022-02-01,1723,13,10,2,1102174,15,Mercado Pago,Online
1438,2024-03-09,1647,4,7,1,2160479,0,Mercado Pago,Online
1439,2023-07-22,1236,18,20,1,1042885,5,Mercado Pago,Online
1440,2025-07-18,42,16,5,1,954116,5,Tarjeta de Crédito,Online
1441,2022-12-11,1098,14,4,1,2132068,0,Tarjeta de Crédito,Sucursal
1442,2022-10-26,707,14,1,2,2132068,5,Mercado Pago,Sucursal
1443,2026-03-23,1505,4,19,1,2160479,15,Efectivo,Online
1444,2023-03-02,908,12,17,1,1844344,5,Tarjeta de Crédito,Online
1445,2021-10-29,608,17,17,1,1455169,20,Tarjeta de Crédito,Sucursal
1446,2026-04-02,191,1,16,2,934942,0,Tarjeta de Crédito,Online
1447,2021-09-10,440,23,12,1,1928958,0,Tarjeta de Crédito,Sucursal
1448,2024-02-06,1220,18,15,1,1042885,10,Tarjeta de Crédito,Sucursal
1449,2025-03-24,1607,6,14,2,1764687,5,Tarjeta de Crédito,Sucursal
1450,2026-01-06,508,16,19,1,954116,30,Tarjeta de Crédito,Online
1451,2022-04-07,1724,20,15,1,2236130,0,Tarjeta de Crédito,Online
1452,2026-06-19,800,25,3,4,1853677,5,Tarjeta de Crédito,Online
1453,2021-09-19,244,5,10,1,658866,10,Tarjeta de Débito,Sucursal
1454,2022-02-02,1544,8,16,1,1661179,0,Mercado Pago,Sucursal
1455,2025-08-11,1530,22,10,5,1797606,20,Tarjeta de Crédito,Sucursal
1456,2024-03-31,1657,15,20,1,2254306,10,Tarjeta de Crédito,Sucursal
1457,2022-01-03,369,4,2,1,2160479,5,Tarjeta de Crédito,Sucursal
1458,2024-02-21,847,23,12,1,1928958,5,Tarjeta de Crédito,Online
1459,2022-11-11,78,17,20,3,1455169,0,Mercado Pago,Sucursal
1460,2022-01-26,595,13,9,1,1102174,0,Tarjeta de Crédito,Sucursal
1461,2023-01-10,321,2,7,1,1484902,10,Transferencia,Online
1462,2024-10-21,1702,19,12,1,1030169,20,Tarjeta de Crédito,Online
1463,2021-07-11,814,6,4,1,1764687,5,Tarjeta de Crédito,Sucursal
1464,2021-12-26,632,12,13,2,1844344,0,Tarjeta de Crédito,Sucursal
1465,2025-09-05,644,23,7,1,1928958,10,Tarjeta de Débito,Sucursal
1466,2026-05-12,1041,5,5,1,658866,0,Tarjeta de Crédito,Online
1467,2022-04-23,959,22,7,3,1797606,5,Transferencia,Sucursal
1468,2023-01-19,1007,6,14,2,1764687,0,Tarjeta de Débito,Online
1469,2026-04-04,606,6,15,2,1764687,0,Tarjeta de Crédito,Online
1470,2024-09-24,1695,25,5,1,1853677,10,Tarjeta de Débito,Sucursal
1471,2026-05-01,1181,3,12,1,1748036,5,Tarjeta de Débito,Sucursal
1472,2022-03-04,1317,21,9,2,1989781,5,Tarjeta de Crédito,Sucursal
1473,2024-08-30,43,1,18,1,934942,0,Tarjeta de Débito,Sucursal
1474,2023-05-17,282,14,6,3,2132068,0,Tarjeta de Crédito,Sucursal
1475,2024-09-23,308,10,17,1,2261684,5,Tarjeta de Débito,Online
1476,2022-08-10,478,12,11,1,1844344,0,Tarjeta de Crédito,Online
1477,2024-07-18,798,15,7,3,2254306,15,Tarjeta de Crédito,Online
1478,2021-10-12,230,21,6,3,1989781,0,Transferencia,Online
1479,2024-12-03,994,25,11,1,1853677,10,Tarjeta de Crédito,Sucursal
1480,2021-12-13,699,19,20,3,1030169,0,Mercado Pago,Sucursal
1481,2025-09-20,1240,20,9,5,2236130,10,Tarjeta de Crédito,Online
1482,2024-09-05,1205,9,12,1,944582,0,Transferencia,Online
1483,2025-03-03,1017,19,9,1,1030169,0,Mercado Pago,Sucursal
1484,2023-04-14,1152,21,20,2,1989781,0,Tarjeta de Débito,Online
1485,2023-09-13,897,25,5,2,1853677,0,Tarjeta de Crédito,Sucursal
1486,2025-10-20,327,4,5,3,2160479,0,Tarjeta de Crédito,Sucursal
1487,2022-03-15,1427,11,15,2,1298880,10,Tarjeta de Crédito,Sucursal
1488,2021-10-16,1304,12,9,1,1844344,0,Tarjeta de Crédito,Online
1489,2023-05-05,1747,24,15,2,1763627,0,Tarjeta de Crédito,Sucursal
1490,2022-12-17,902,8,13,1,1661179,0,Tarjeta de Crédito,Online
1491,2023-01-03,419,19,4,1,1030169,0,Mercado Pago,Online
1492,2022-04-22,467,18,15,1,1042885,0,Tarjeta de Crédito,Sucursal
1493,2021-10-04,735,24,18,1,1763627,10,Transferencia,Online
1494,2024-03-08,375,21,8,2,1989781,0,Tarjeta de Crédito,Online
1495,2022-05-31,1074,15,4,2,2254306,0,Mercado Pago,Sucursal
1496,2026-02-22,536,14,1,1,2132068,20,Tarjeta de Débito,Online
1497,2023-03-20,1020,13,20,2,1102174,0,Mercado Pago,Online
1498,2026-06-03,1675,5,10,1,658866,15,Tarjeta de Débito,Sucursal
1499,2021-12-23,414,4,9,1,2160479,0,Mercado Pago,Online
1500,2022-08-21,1310,9,10,1,944582,15,Transferencia,Sucursal
1501,2023-10-17,731,6,4,1,1764687,0,Tarjeta de Crédito,Sucursal
1502,2022-12-20,65,16,9,2,954116,0,Tarjeta de Débito,Sucursal
1503,2022-02-15,746,15,8,1,2254306,0,Mercado Pago,Sucursal
1504,2025-03-27,1474,14,4,2,2132068,0,Efectivo,Sucursal
1505,2021-09-04,148,14,8,1,2132068,10,Tarjeta de Crédito,Sucursal
1506,2022-09-01,1600,24,11,3,1763627,0,Tarjeta de Crédito,Sucursal
1507,2026-02-01,858,9,20,1,944582,0,Tarjeta de Crédito,Online
1508,2025-07-24,209,18,1,1,1042885,0,Tarjeta de Débito,Sucursal
1509,2025-07-09,1826,8,8,1,1661179,0,Tarjeta de Crédito,Online
1510,2023-06-19,1943,14,3,2,2132068,5,Tarjeta de Crédito,Sucursal
1511,2023-05-25,1527,20,6,1,2236130,0,Tarjeta de Débito,Sucursal
1512,2025-01-29,1476,4,13,1,2160479,15,Efectivo,Sucursal
1513,2023-03-29,401,22,16,1,1797606,0,Mercado Pago,Sucursal
1514,2022-02-02,803,15,17,1,2254306,10,Tarjeta de Crédito,Sucursal
1515,2022-11-15,1766,4,2,1,2160479,5,Tarjeta de Crédito,Sucursal
1516,2021-11-19,994,24,1,1,1763627,5,Tarjeta de Débito,Sucursal
1517,2022-09-15,1518,19,12,3,1030169,10,Tarjeta de Débito,Sucursal
1518,2022-12-04,1433,23,18,1,1928958,0,Tarjeta de Débito,Online
1519,2022-05-27,137,23,19,1,1928958,5,Transferencia,Sucursal
1520,2025-01-02,1665,20,4,1,2236130,0,Mercado Pago,Sucursal
1521,2021-09-18,465,22,4,2,1797606,0,Tarjeta de Crédito,Sucursal
1522,2025-08-26,780,17,10,1,1455169,5,Tarjeta de Crédito,Sucursal
1523,2023-07-19,634,1,17,1,934942,10,Tarjeta de Crédito,Sucursal
1524,2024-10-15,613,4,1,4,2160479,0,Tarjeta de Crédito,Sucursal
1525,2024-07-23,1080,23,8,1,1928958,0,Tarjeta de Débito,Online
1526,2023-04-29,1651,18,9,1,1042885,10,Tarjeta de Crédito,Sucursal
1527,2022-01-25,835,9,20,1,944582,0,Mercado Pago,Sucursal
1528,2025-01-07,1749,12,5,1,1844344,0,Tarjeta de Crédito,Sucursal
1529,2025-07-15,1704,7,20,1,1778736,0,Tarjeta de Crédito,Online
1530,2025-12-05,26,19,2,1,1030169,0,Tarjeta de Crédito,Sucursal
1531,2024-12-22,412,19,6,2,1030169,0,Transferencia,Sucursal
1532,2021-10-10,1657,4,5,1,2160479,5,Tarjeta de Débito,Sucursal
1533,2025-12-12,1714,2,9,1,1484902,0,Tarjeta de Crédito,Online
1534,2024-02-15,713,12,9,1,1844344,0,Tarjeta de Débito,Sucursal
1535,2024-05-16,557,1,5,1,934942,0,Tarjeta de Débito,Online
1536,2023-10-22,977,20,17,3,2236130,0,Tarjeta de Débito,Online
1537,2023-01-15,1431,14,2,1,2132068,0,Tarjeta de Débito,Sucursal
1538,2021-11-06,435,18,1,1,1042885,0,Tarjeta de Crédito,Sucursal
1539,2025-12-15,1036,7,11,2,1778736,0,Mercado Pago,Sucursal
1540,2022-11-30,1317,2,12,1,1484902,0,Mercado Pago,Sucursal
1541,2026-03-06,1574,6,11,4,1764687,0,Efectivo,Online
1542,2022-07-23,1177,3,4,1,1748036,30,Tarjeta de Débito,Online
1543,2021-08-20,603,19,5,2,1030169,0,Tarjeta de Crédito,Online
1544,2023-09-10,452,6,17,1,1764687,5,Efectivo,Sucursal
1545,2026-06-25,1986,6,9,1,1764687,5,Tarjeta de Crédito,Online
1546,2023-11-17,754,9,10,1,944582,10,Mercado Pago,Online
1547,2022-08-11,207,5,11,1,658866,20,Mercado Pago,Sucursal
1548,2024-01-24,1264,10,1,3,2261684,10,Tarjeta de Crédito,Online
1549,2023-05-13,1355,23,14,1,1928958,5,Tarjeta de Crédito,Sucursal
1550,2025-11-26,428,9,4,1,944582,0,Tarjeta de Débito,Sucursal
1551,2025-03-27,1043,5,4,1,658866,0,Tarjeta de Crédito,Sucursal
1552,2026-05-29,874,8,13,1,1661179,0,Efectivo,Online
1553,2021-08-15,467,7,16,1,1778736,0,Tarjeta de Débito,Online
1554,2024-11-28,1482,7,17,4,1778736,0,Tarjeta de Crédito,Sucursal
1555,2024-05-28,94,22,11,1,1797606,0,Mercado Pago,Online
1556,2021-08-02,922,13,6,1,1102174,0,Mercado Pago,Online
1557,2025-12-24,631,6,1,1,1764687,0,Tarjeta de Crédito,Online
1558,2021-10-16,1518,1,15,1,934942,5,Tarjeta de Crédito,Sucursal
1559,2025-05-05,1451,25,12,1,1853677,5,Tarjeta de Crédito,Sucursal
1560,2023-11-22,160,25,12,2,1853677,0,Tarjeta de Crédito,Sucursal
1561,2025-08-28,308,7,3,1,1778736,0,Tarjeta de Crédito,Sucursal
1562,2025-01-21,1647,2,20,1,1484902,0,Tarjeta de Crédito,Sucursal
1563,2026-04-19,1009,1,13,1,934942,5,Tarjeta de Débito,Sucursal
1564,2024-05-17,136,18,1,2,1042885,5,Tarjeta de Crédito,Online
1565,2023-05-01,1454,5,16,1,658866,5,Tarjeta de Crédito,Sucursal
1566,2026-05-20,515,6,16,1,1764687,0,Mercado Pago,Online
1567,2023-07-02,1685,2,5,2,1484902,5,Tarjeta de Débito,Sucursal
1568,2021-10-15,133,13,15,1,1102174,5,Mercado Pago,Sucursal
1569,2023-01-26,1737,12,9,1,1844344,0,Mercado Pago,Sucursal
1570,2025-09-17,280,12,15,1,1844344,10,Transferencia,Sucursal
1571,2025-03-04,612,19,7,1,1030169,10,Tarjeta de Débito,Online
1572,2026-01-19,1330,10,12,1,2261684,0,Efectivo,Sucursal
1573,2025-04-13,256,1,6,1,934942,0,Tarjeta de Débito,Online
1574,2025-02-06,805,6,4,1,1764687,15,Tarjeta de Débito,Sucursal
1575,2024-09-21,1767,2,2,1,1484902,10,Tarjeta de Crédito,Online
1576,2026-01-22,1417,11,2,2,1298880,0,Efectivo,Online
1577,2021-12-01,1254,16,10,1,954116,15,Mercado Pago,Online
1578,2025-04-17,1877,6,2,1,1764687,0,Tarjeta de Crédito,Sucursal
1579,2022-12-19,1291,21,5,1,1989781,0,Mercado Pago,Online
1580,2022-07-28,902,16,12,1,954116,0,Tarjeta de Crédito,Online
1581,2026-05-07,1574,8,8,2,1661179,15,Mercado Pago,Sucursal
1582,2021-07-08,486,3,2,2,1748036,0,Tarjeta de Crédito,Online
1583,2026-04-25,1206,8,19,1,1661179,15,Mercado Pago,Sucursal
1584,2024-09-03,1893,4,17,1,2160479,15,Tarjeta de Crédito,Online
1585,2026-03-11,799,20,18,1,2236130,0,Mercado Pago,Sucursal
1586,2021-11-20,1732,5,8,1,658866,0,Tarjeta de Débito,Sucursal
1587,2024-05-04,253,18,5,2,1042885,10,Mercado Pago,Sucursal
1588,2022-09-09,35,21,18,3,1989781,0,Tarjeta de Crédito,Online
1589,2021-12-01,670,13,17,1,1102174,5,Transferencia,Online
1590,2025-08-17,1203,10,15,2,2261684,0,Efectivo,Online
1591,2022-11-02,653,19,13,2,1030169,0,Efectivo,Sucursal
1592,2022-01-03,1399,17,17,1,1455169,0,Tarjeta de Débito,Sucursal
1593,2022-01-10,151,7,5,1,1778736,0,Mercado Pago,Online
1594,2024-03-27,1063,6,9,1,1764687,15,Tarjeta de Crédito,Sucursal
1595,2023-11-24,717,8,13,2,1661179,0,Tarjeta de Débito,Sucursal
1596,2022-03-13,471,3,9,1,1748036,5,Tarjeta de Crédito,Online
1597,2025-07-09,421,13,12,1,1102174,0,Tarjeta de Crédito,Sucursal
1598,2021-07-29,700,10,15,1,2261684,10,Tarjeta de Crédito,Sucursal
1599,2025-11-13,750,18,20,1,1042885,15,Tarjeta de Crédito,Sucursal
1600,2026-01-11,1344,19,18,1,1030169,0,Tarjeta de Débito,Online
1601,2022-03-03,105,22,13,1,1797606,5,Tarjeta de Débito,Sucursal
1602,2024-09-04,1073,9,17,1,944582,5,Tarjeta de Crédito,Online
1603,2023-02-22,826,23,15,3,1928958,0,Mercado Pago,Sucursal
1604,2026-05-18,1263,4,6,1,2160479,5,Tarjeta de Crédito,Online
1605,2025-09-25,4,14,13,1,2132068,0,Tarjeta de Crédito,Sucursal
1606,2022-05-05,1782,24,12,1,1763627,5,Transferencia,Sucursal
1607,2022-09-02,1431,6,6,1,1764687,10,Tarjeta de Crédito,Online
1608,2024-09-17,209,16,8,2,954116,10,Mercado Pago,Sucursal
1609,2026-02-10,1282,4,2,1,2160479,0,Tarjeta de Débito,Sucursal
1610,2025-01-31,801,24,20,1,1763627,0,Tarjeta de Crédito,Online
1611,2022-09-22,859,19,6,2,1030169,0,Transferencia,Online
1612,2022-12-13,1012,20,9,2,2236130,0,Transferencia,Online
1613,2023-11-28,1284,25,20,1,1853677,15,Mercado Pago,Online
1614,2025-10-16,966,11,11,1,1298880,0,Mercado Pago,Sucursal
1615,2024-12-06,870,10,17,1,2261684,0,Tarjeta de Crédito,Sucursal
1616,2022-02-07,242,13,16,1,1102174,0,Tarjeta de Crédito,Online
1617,2025-08-04,72,23,4,1,1928958,15,Tarjeta de Débito,Sucursal
1618,2022-06-26,1562,11,11,1,1298880,0,Transferencia,Online
1619,2024-01-09,1265,9,8,2,944582,15,Tarjeta de Crédito,Sucursal
1620,2025-02-09,1365,12,9,1,1844344,5,Mercado Pago,Online
1621,2022-09-01,862,23,6,1,1928958,15,Transferencia,Online
1622,2023-07-18,1203,2,7,1,1484902,0,Mercado Pago,Sucursal
1623,2021-12-28,1386,6,10,1,1764687,10,Tarjeta de Crédito,Sucursal
1624,2023-08-24,773,22,16,1,1797606,20,Mercado Pago,Sucursal
1625,2023-05-03,1139,4,12,1,2160479,0,Tarjeta de Débito,Online
1626,2025-11-20,1131,20,4,1,2236130,20,Tarjeta de Crédito,Online
1627,2026-04-25,1013,12,8,1,1844344,0,Mercado Pago,Sucursal
1628,2021-11-07,1111,8,16,1,1661179,0,Tarjeta de Crédito,Sucursal
1629,2025-08-17,989,3,7,3,1748036,0,Transferencia,Sucursal
1630,2024-07-28,1746,18,6,1,1042885,20,Tarjeta de Crédito,Sucursal
1631,2023-01-31,1084,24,20,1,1763627,5,Transferencia,Sucursal
1632,2022-02-05,1500,11,2,2,1298880,15,Tarjeta de Débito,Online
1633,2024-11-04,230,2,3,2,1484902,5,Tarjeta de Crédito,Sucursal
1634,2026-03-30,185,1,17,2,934942,0,Tarjeta de Débito,Sucursal
1635,2025-06-19,1839,4,4,2,2160479,0,Tarjeta de Crédito,Sucursal
1636,2023-07-06,416,5,11,1,658866,15,Mercado Pago,Sucursal
1637,2025-04-12,773,16,4,1,954116,0,Mercado Pago,Sucursal
1638,2024-12-08,1802,11,1,1,1298880,0,Mercado Pago,Online
1639,2021-07-15,1312,20,18,5,2236130,10,Tarjeta de Crédito,Online
1640,2023-05-20,1466,21,18,2,1989781,10,Mercado Pago,Sucursal
1641,2025-04-23,582,25,11,2,1853677,20,Tarjeta de Crédito,Online
1642,2021-07-31,104,14,1,2,2132068,10,Tarjeta de Crédito,Sucursal
1643,2022-12-14,364,9,10,2,944582,0,Tarjeta de Crédito,Online
1644,2024-10-01,376,12,14,2,1844344,0,Tarjeta de Crédito,Sucursal
1645,2023-01-06,1564,3,7,1,1748036,10,Mercado Pago,Sucursal
1646,2024-01-21,339,14,10,1,2132068,0,Tarjeta de Crédito,Sucursal
1647,2024-02-14,480,21,20,1,1989781,20,Tarjeta de Crédito,Sucursal
1648,2025-01-01,1118,21,18,1,1989781,10,Mercado Pago,Sucursal
1649,2023-02-26,772,2,5,1,1484902,0,Transferencia,Sucursal
1650,2025-07-19,1573,9,15,1,944582,15,Tarjeta de Crédito,Sucursal
1651,2024-10-21,1766,9,16,1,944582,0,Tarjeta de Crédito,Online
1652,2026-03-24,224,13,4,1,1102174,0,Mercado Pago,Sucursal
1653,2023-02-08,1006,11,7,1,1298880,20,Tarjeta de Crédito,Online
1654,2023-06-03,962,23,2,1,1928958,10,Tarjeta de Débito,Sucursal
1655,2026-03-13,527,11,12,1,1298880,15,Tarjeta de Crédito,Sucursal
1656,2024-03-29,1469,5,20,1,658866,0,Tarjeta de Crédito,Online
1657,2022-06-22,434,18,6,1,1042885,0,Tarjeta de Crédito,Sucursal
1658,2022-08-30,1585,13,20,1,1102174,10,Tarjeta de Crédito,Sucursal
1659,2022-10-26,1798,9,13,1,944582,5,Tarjeta de Débito,Sucursal
1660,2021-10-21,66,5,18,1,658866,10,Efectivo,Online
1661,2025-11-02,1679,5,19,1,658866,0,Efectivo,Online
1662,2024-06-20,698,16,3,1,954116,0,Tarjeta de Crédito,Online
1663,2025-05-07,443,6,6,1,1764687,0,Tarjeta de Crédito,Online
1664,2024-10-10,820,16,10,4,954116,10,Tarjeta de Débito,Online
1665,2023-01-13,920,6,12,2,1764687,0,Tarjeta de Débito,Sucursal
1666,2024-09-14,956,6,10,2,1764687,0,Transferencia,Online
1667,2022-10-29,1805,14,3,1,2132068,0,Mercado Pago,Sucursal
1668,2026-04-02,332,16,9,2,954116,0,Tarjeta de Crédito,Sucursal
1669,2025-09-08,882,6,14,1,1764687,0,Tarjeta de Crédito,Sucursal
1670,2022-09-30,1332,14,3,1,2132068,10,Tarjeta de Débito,Online
1671,2024-02-04,1621,12,18,1,1844344,5,Mercado Pago,Sucursal
1672,2025-05-22,1630,17,14,3,1455169,0,Tarjeta de Débito,Online
1673,2023-04-12,1332,14,19,2,2132068,0,Mercado Pago,Online
1674,2024-05-09,122,1,6,1,934942,0,Transferencia,Sucursal
1675,2024-01-17,1322,19,7,1,1030169,0,Transferencia,Sucursal
1676,2023-12-07,1937,10,5,1,2261684,5,Mercado Pago,Online
1677,2026-03-16,501,22,9,2,1797606,0,Tarjeta de Crédito,Online
1678,2025-01-05,35,22,10,1,1797606,10,Tarjeta de Crédito,Online
1679,2022-10-24,1002,21,19,1,1989781,0,Transferencia,Online
1680,2026-02-14,1697,22,13,1,1797606,0,Efectivo,Sucursal
1681,2024-02-14,267,2,1,1,1484902,0,Tarjeta de Crédito,Sucursal
1682,2024-11-05,896,9,14,1,944582,0,Mercado Pago,Sucursal
1683,2024-08-06,1717,14,17,2,2132068,0,Tarjeta de Crédito,Sucursal
1684,2024-06-09,167,12,8,1,1844344,0,Tarjeta de Crédito,Sucursal
1685,2023-11-15,665,4,19,1,2160479,0,Tarjeta de Débito,Online
1686,2021-12-20,957,5,14,1,658866,0,Tarjeta de Débito,Online
1687,2024-11-21,1182,24,6,1,1763627,5,Tarjeta de Débito,Sucursal
1688,2022-11-13,250,9,8,1,944582,0,Tarjeta de Débito,Sucursal
1689,2025-03-23,140,19,13,1,1030169,30,Mercado Pago,Sucursal
1690,2022-11-25,1690,1,9,1,934942,5,Tarjeta de Débito,Sucursal
1691,2024-10-02,1848,17,2,1,1455169,5,Tarjeta de Débito,Sucursal
1692,2024-01-07,386,12,4,1,1844344,0,Tarjeta de Crédito,Sucursal
1693,2022-08-21,983,20,10,2,2236130,0,Tarjeta de Crédito,Sucursal
1694,2024-06-02,257,6,16,1,1764687,0,Tarjeta de Débito,Sucursal
1695,2022-06-05,226,17,2,1,1455169,5,Tarjeta de Débito,Sucursal
1696,2026-04-04,1662,5,5,5,658866,5,Efectivo,Sucursal
1697,2024-11-18,1116,23,19,1,1928958,0,Mercado Pago,Sucursal
1698,2025-07-28,154,4,12,2,2160479,0,Tarjeta de Crédito,Sucursal
1699,2024-12-15,1380,6,13,2,1764687,10,Tarjeta de Crédito,Sucursal
1700,2022-11-21,667,3,15,1,1748036,15,Mercado Pago,Sucursal
1701,2024-06-23,534,24,19,2,1763627,0,Tarjeta de Crédito,Sucursal
1702,2023-09-24,1396,10,16,1,2261684,5,Transferencia,Sucursal
1703,2024-07-25,357,18,20,1,1042885,0,Tarjeta de Crédito,Sucursal
1704,2022-07-19,517,10,2,1,2261684,0,Mercado Pago,Sucursal
1705,2025-07-15,507,11,14,2,1298880,0,Mercado Pago,Sucursal
1706,2024-10-16,556,1,16,2,934942,0,Tarjeta de Débito,Sucursal
1707,2026-03-27,1906,5,4,1,658866,10,Tarjeta de Crédito,Sucursal
1708,2022-01-12,1671,7,2,1,1778736,5,Tarjeta de Crédito,Online
1709,2024-07-09,41,4,15,2,2160479,5,Tarjeta de Crédito,Online
1710,2025-07-11,273,16,12,1,954116,0,Tarjeta de Débito,Online
1711,2023-01-18,1438,25,14,1,1853677,0,Tarjeta de Débito,Sucursal
1712,2025-03-16,618,23,12,2,1928958,0,Efectivo,Online
1713,2026-06-21,1758,24,6,1,1763627,0,Tarjeta de Débito,Sucursal
1714,2021-10-19,1068,24,2,1,1763627,0,Tarjeta de Débito,Sucursal
1715,2022-05-26,1973,21,12,1,1989781,0,Tarjeta de Crédito,Sucursal
1716,2026-03-18,174,18,15,2,1042885,0,Tarjeta de Crédito,Sucursal
1717,2025-02-10,407,2,7,2,1484902,10,Efectivo,Sucursal
1718,2024-01-19,160,19,2,1,1030169,0,Mercado Pago,Online
1719,2022-12-02,134,7,20,1,1778736,0,Tarjeta de Débito,Online
1720,2022-05-07,1846,1,6,1,934942,15,Tarjeta de Crédito,Sucursal
1721,2024-01-28,1502,11,2,1,1298880,15,Tarjeta de Débito,Sucursal
1722,2023-01-30,666,15,14,2,2254306,10,Tarjeta de Crédito,Sucursal
1723,2025-11-14,993,13,17,1,1102174,0,Tarjeta de Crédito,Sucursal
1724,2025-09-05,1353,17,9,2,1455169,0,Tarjeta de Crédito,Sucursal
1725,2026-03-10,1443,19,19,1,1030169,0,Tarjeta de Crédito,Sucursal
1726,2023-05-12,1220,25,18,1,1853677,0,Transferencia,Sucursal
1727,2024-03-13,1745,5,3,1,658866,30,Mercado Pago,Sucursal
1728,2025-04-01,1319,2,19,1,1484902,0,Tarjeta de Crédito,Sucursal
1729,2023-01-28,202,22,11,5,1797606,0,Transferencia,Sucursal
1730,2022-11-30,861,6,9,1,1764687,0,Mercado Pago,Sucursal
1731,2023-05-07,1032,25,5,2,1853677,0,Tarjeta de Crédito,Sucursal
1732,2024-09-13,456,6,14,1,1764687,5,Tarjeta de Crédito,Online
1733,2021-11-03,117,12,2,1,1844344,0,Tarjeta de Débito,Sucursal
1734,2026-02-13,1562,4,12,1,2160479,0,Efectivo,Online
1735,2024-08-04,299,10,5,1,2261684,10,Transferencia,Sucursal
1736,2024-02-27,710,24,2,1,1763627,0,Tarjeta de Crédito,Sucursal
1737,2023-01-15,1671,18,8,1,1042885,0,Efectivo,Sucursal
1738,2024-02-21,1088,11,17,1,1298880,0,Mercado Pago,Sucursal
1739,2026-05-04,1622,22,12,1,1797606,0,Tarjeta de Débito,Online
1740,2022-10-23,374,9,11,1,944582,10,Tarjeta de Débito,Sucursal
1741,2026-01-04,919,23,19,1,1928958,5,Tarjeta de Crédito,Sucursal
1742,2025-11-18,876,24,1,1,1763627,0,Tarjeta de Crédito,Online
1743,2025-02-18,348,10,12,1,2261684,5,Tarjeta de Débito,Online
1744,2023-07-25,1131,5,4,2,658866,0,Mercado Pago,Sucursal
1745,2021-09-07,747,2,12,1,1484902,0,Tarjeta de Débito,Online
1746,2024-10-16,1247,15,19,1,2254306,15,Mercado Pago,Sucursal
1747,2022-12-04,1078,9,8,2,944582,0,Mercado Pago,Online
1748,2022-05-17,1453,11,10,1,1298880,5,Tarjeta de Crédito,Sucursal
1749,2022-04-24,1608,14,19,1,2132068,0,Tarjeta de Crédito,Online
1750,2026-01-10,1224,22,10,1,1797606,20,Mercado Pago,Sucursal
1751,2021-12-07,1059,1,2,1,934942,0,Mercado Pago,Sucursal
1752,2024-11-30,337,16,12,1,954116,30,Tarjeta de Crédito,Online
1753,2022-10-06,732,23,2,1,1928958,0,Tarjeta de Crédito,Sucursal
1754,2023-11-22,1073,15,11,1,2254306,5,Mercado Pago,Sucursal
1755,2021-08-23,1111,12,19,2,1844344,0,Mercado Pago,Sucursal
1756,2025-05-02,1409,2,18,1,1484902,0,Tarjeta de Crédito,Online
1757,2021-09-06,1903,8,16,1,1661179,0,Mercado Pago,Online
1758,2023-03-07,1281,3,15,1,1748036,0,Tarjeta de Crédito,Online
1759,2023-09-29,1047,16,4,3,954116,0,Transferencia,Online
1760,2025-11-21,75,1,10,1,934942,0,Mercado Pago,Online
1761,2022-04-02,1300,24,20,1,1763627,0,Transferencia,Sucursal
1762,2026-01-14,1548,13,4,4,1102174,15,Tarjeta de Crédito,Online
1763,2025-02-19,459,16,13,2,954116,5,Mercado Pago,Sucursal
1764,2023-05-07,568,17,10,2,1455169,5,Tarjeta de Crédito,Online
1765,2024-03-07,1293,3,11,1,1748036,0,Tarjeta de Débito,Online
1766,2022-10-11,1101,14,4,1,2132068,0,Tarjeta de Débito,Online
1767,2021-11-21,989,10,15,1,2261684,15,Mercado Pago,Sucursal
1768,2024-01-15,1928,14,10,1,2132068,0,Mercado Pago,Online
1769,2023-10-31,1527,2,8,1,1484902,10,Efectivo,Sucursal
1770,2024-12-27,673,24,7,1,1763627,15,Tarjeta de Crédito,Online
1771,2023-09-22,266,16,2,1,954116,10,Tarjeta de Débito,Sucursal
1772,2022-10-25,927,6,11,1,1764687,0,Transferencia,Sucursal
1773,2023-02-06,1646,7,19,1,1778736,0,Tarjeta de Crédito,Sucursal
1774,2023-01-18,77,20,8,1,2236130,0,Tarjeta de Crédito,Sucursal
1775,2022-10-16,1106,18,18,1,1042885,0,Tarjeta de Crédito,Sucursal
1776,2022-03-08,1525,9,4,1,944582,0,Tarjeta de Crédito,Sucursal
1777,2022-06-13,63,6,1,2,1764687,0,Tarjeta de Crédito,Online
1778,2023-06-05,155,11,17,2,1298880,20,Transferencia,Sucursal
1779,2025-11-06,1977,25,17,1,1853677,0,Tarjeta de Crédito,Sucursal
1780,2024-04-12,701,7,20,1,1778736,0,Tarjeta de Crédito,Online
1781,2024-03-08,257,13,19,1,1102174,0,Tarjeta de Débito,Sucursal
1782,2026-01-06,1418,3,5,1,1748036,0,Transferencia,Sucursal
1783,2023-05-10,1019,3,13,2,1748036,5,Transferencia,Online
1784,2023-03-17,1440,12,7,1,1844344,15,Tarjeta de Crédito,Online
1785,2026-05-31,1701,1,16,1,934942,0,Mercado Pago,Online
1786,2021-10-28,27,2,10,1,1484902,10,Mercado Pago,Online
1787,2023-01-15,1638,6,5,2,1764687,15,Tarjeta de Crédito,Sucursal
1788,2026-07-01,1147,25,14,1,1853677,0,Efectivo,Online
1789,2023-11-13,240,15,9,1,2254306,15,Tarjeta de Débito,Sucursal
1790,2025-12-20,776,9,12,1,944582,0,Tarjeta de Crédito,Online
1791,2021-11-02,1682,19,9,2,1030169,0,Mercado Pago,Sucursal
1792,2025-07-30,451,22,12,2,1797606,20,Tarjeta de Débito,Sucursal
1793,2023-07-31,1817,16,18,1,954116,0,Tarjeta de Débito,Online
1794,2022-09-10,522,13,10,1,1102174,15,Tarjeta de Crédito,Online
1795,2022-12-10,1577,9,18,1,944582,10,Efectivo,Online
1796,2023-11-06,1529,17,16,1,1455169,0,Tarjeta de Débito,Sucursal
1797,2023-09-10,1067,16,17,2,954116,5,Mercado Pago,Sucursal
1798,2023-07-22,1840,7,2,2,1778736,20,Mercado Pago,Sucursal
1799,2022-01-23,1822,6,15,2,1764687,0,Tarjeta de Crédito,Online
1800,2022-12-06,1648,20,19,3,2236130,15,Tarjeta de Crédito,Sucursal
1801,2024-11-08,1308,24,12,2,1763627,0,Tarjeta de Crédito,Online
1802,2024-12-29,573,24,19,1,1763627,10,Mercado Pago,Sucursal
1803,2023-12-13,1964,17,6,1,1455169,0,Tarjeta de Crédito,Sucursal
1804,2026-07-03,1684,10,12,1,2261684,0,Tarjeta de Débito,Online
1805,2023-04-20,354,15,9,2,2254306,10,Tarjeta de Crédito,Sucursal
1806,2021-12-30,423,20,16,1,2236130,0,Tarjeta de Crédito,Sucursal
1807,2022-12-21,466,17,5,1,1455169,20,Mercado Pago,Sucursal
1808,2021-11-28,1475,23,7,1,1928958,5,Tarjeta de Débito,Sucursal
1809,2025-04-23,1176,16,14,1,954116,20,Mercado Pago,Sucursal
1810,2021-11-25,1868,25,17,1,1853677,30,Transferencia,Sucursal
1811,2024-02-29,491,20,11,1,2236130,10,Tarjeta de Crédito,Sucursal
1812,2023-09-28,964,23,4,1,1928958,0,Mercado Pago,Online
1813,2026-03-02,1941,25,17,1,1853677,0,Tarjeta de Crédito,Sucursal
1814,2024-10-27,817,12,7,1,1844344,0,Mercado Pago,Sucursal
1815,2025-12-17,1158,5,6,1,658866,30,Tarjeta de Débito,Online
1816,2023-10-01,1329,5,15,1,658866,0,Tarjeta de Débito,Online
1817,2023-08-13,615,24,6,1,1763627,0,Tarjeta de Crédito,Online
1818,2021-09-05,377,9,1,1,944582,5,Tarjeta de Crédito,Online
1819,2024-06-08,33,3,7,1,1748036,0,Tarjeta de Débito,Online
1820,2024-06-10,1433,15,4,3,2254306,10,Mercado Pago,Sucursal
1821,2023-10-02,24,5,19,2,658866,0,Tarjeta de Débito,Sucursal
1822,2026-07-03,1537,24,18,1,1763627,10,Tarjeta de Crédito,Sucursal
1823,2022-02-07,1501,23,10,1,1928958,0,Tarjeta de Crédito,Sucursal
1824,2024-04-09,537,24,5,1,1763627,0,Tarjeta de Débito,Sucursal
1825,2025-04-28,1207,9,19,1,944582,0,Tarjeta de Crédito,Sucursal
1826,2026-04-29,1242,21,9,1,1989781,0,Tarjeta de Crédito,Online
1827,2024-04-27,937,8,3,2,1661179,5,Mercado Pago,Sucursal
1828,2024-12-01,681,4,13,1,2160479,0,Tarjeta de Crédito,Sucursal
1829,2025-02-27,1010,6,7,4,1764687,0,Tarjeta de Débito,Sucursal
1830,2023-09-03,921,5,19,2,658866,0,Tarjeta de Crédito,Online
1831,2025-11-25,1298,12,1,1,1844344,0,Efectivo,Online
1832,2022-10-08,1144,21,2,2,1989781,0,Tarjeta de Crédito,Sucursal
1833,2021-07-05,504,24,18,1,1763627,0,Mercado Pago,Sucursal
1834,2025-10-14,1846,18,16,1,1042885,10,Tarjeta de Crédito,Sucursal
1835,2026-04-17,742,20,5,2,2236130,10,Mercado Pago,Sucursal
1836,2022-04-09,369,8,1,1,1661179,5,Tarjeta de Crédito,Online
1837,2024-02-24,1747,13,10,1,1102174,20,Tarjeta de Crédito,Sucursal
1838,2024-04-28,988,25,20,3,1853677,15,Tarjeta de Débito,Sucursal
1839,2021-08-24,251,8,4,1,1661179,0,Tarjeta de Crédito,Sucursal
1840,2024-05-03,473,7,4,1,1778736,10,Tarjeta de Crédito,Sucursal
1841,2024-05-22,1627,5,10,1,658866,0,Tarjeta de Débito,Sucursal
1842,2025-01-12,1972,1,9,1,934942,0,Tarjeta de Débito,Online
1843,2022-09-10,591,15,8,2,2254306,15,Tarjeta de Crédito,Online
1844,2021-10-23,1954,18,11,1,1042885,0,Tarjeta de Crédito,Sucursal
1845,2024-11-26,1374,11,12,2,1298880,0,Efectivo,Sucursal
1846,2023-06-18,624,16,6,1,954116,0,Tarjeta de Débito,Online
1847,2025-08-15,230,19,10,1,1030169,0,Tarjeta de Débito,Sucursal
1848,2021-11-09,567,20,18,1,2236130,0,Tarjeta de Crédito,Online
1849,2024-01-02,255,20,9,1,2236130,0,Mercado Pago,Online
1850,2025-11-13,433,2,10,1,1484902,15,Tarjeta de Crédito,Sucursal
1851,2022-01-04,689,9,4,1,944582,0,Tarjeta de Débito,Sucursal
1852,2022-06-29,395,19,9,1,1030169,0,Tarjeta de Crédito,Sucursal
1853,2022-08-17,841,4,5,1,2160479,0,Mercado Pago,Sucursal
1854,2022-11-28,1272,1,13,1,934942,0,Tarjeta de Débito,Sucursal
1855,2025-05-03,1865,3,1,2,1748036,5,Tarjeta de Crédito,Online
1856,2025-10-07,1193,4,7,1,2160479,0,Tarjeta de Crédito,Online
1857,2024-04-28,1134,9,9,1,944582,0,Tarjeta de Crédito,Online
1858,2024-02-19,804,14,5,1,2132068,0,Tarjeta de Crédito,Online
1859,2024-11-30,1795,15,10,1,2254306,0,Tarjeta de Crédito,Sucursal
1860,2024-05-13,755,11,6,1,1298880,10,Tarjeta de Crédito,Sucursal
1861,2025-11-09,497,17,15,3,1455169,5,Tarjeta de Crédito,Online
1862,2025-07-04,928,17,17,1,1455169,5,Tarjeta de Débito,Online
1863,2024-07-07,1575,14,7,1,2132068,0,Efectivo,Online
1864,2021-08-26,248,13,3,2,1102174,0,Mercado Pago,Online
1865,2023-04-15,1276,6,15,1,1764687,15,Tarjeta de Crédito,Sucursal
1866,2023-12-09,867,7,13,1,1778736,20,Tarjeta de Crédito,Sucursal
1867,2022-04-16,71,25,20,2,1853677,30,Tarjeta de Crédito,Sucursal
1868,2023-03-29,520,1,13,3,934942,0,Tarjeta de Crédito,Online
1869,2024-11-15,1261,25,4,1,1853677,0,Transferencia,Sucursal
1870,2026-07-01,367,5,13,1,658866,10,Tarjeta de Débito,Sucursal
1871,2022-07-15,793,7,3,1,1778736,10,Efectivo,Online
1872,2024-10-28,1823,5,15,1,658866,15,Efectivo,Sucursal
1873,2025-03-07,549,16,17,1,954116,20,Tarjeta de Crédito,Online
1874,2021-10-21,1110,8,11,3,1661179,0,Mercado Pago,Online
1875,2024-06-17,132,17,5,1,1455169,30,Efectivo,Online
1876,2024-01-25,2000,2,6,1,1484902,15,Mercado Pago,Sucursal
1877,2023-10-28,991,6,19,1,1764687,0,Tarjeta de Crédito,Sucursal
1878,2025-12-09,1624,2,14,1,1484902,0,Mercado Pago,Online
1879,2024-07-28,597,18,10,2,1042885,10,Tarjeta de Crédito,Sucursal
1880,2024-05-05,1205,1,8,1,934942,0,Mercado Pago,Online
1881,2022-03-06,522,7,1,1,1778736,0,Transferencia,Sucursal
1882,2023-04-25,630,13,14,1,1102174,30,Tarjeta de Crédito,Online
1883,2025-06-13,1886,16,5,2,954116,20,Tarjeta de Crédito,Sucursal
1884,2024-09-05,571,19,17,1,1030169,0,Mercado Pago,Sucursal
1885,2025-09-11,598,2,15,2,1484902,15,Mercado Pago,Sucursal
1886,2026-05-11,1420,12,20,1,1844344,15,Mercado Pago,Online
1887,2022-11-19,1708,15,16,1,2254306,0,Tarjeta de Débito,Online
1888,2021-07-15,437,21,18,3,1989781,20,Transferencia,Online
1889,2022-09-19,130,4,17,1,2160479,0,Tarjeta de Crédito,Sucursal
1890,2026-05-29,43,25,11,1,1853677,0,Tarjeta de Débito,Sucursal
1891,2022-06-06,1020,3,16,1,1748036,15,Tarjeta de Débito,Online
1892,2022-02-09,207,23,20,2,1928958,10,Mercado Pago,Sucursal
1893,2021-10-14,224,2,14,2,1484902,0,Tarjeta de Débito,Sucursal
1894,2025-08-04,755,22,16,1,1797606,20,Tarjeta de Crédito,Sucursal
1895,2021-12-11,1571,8,14,1,1661179,0,Tarjeta de Crédito,Sucursal
1896,2025-06-06,1074,21,3,1,1989781,5,Tarjeta de Débito,Online
1897,2022-11-06,1673,13,15,2,1102174,0,Tarjeta de Crédito,Sucursal
1898,2024-07-15,1036,22,5,1,1797606,0,Efectivo,Sucursal
1899,2026-02-14,191,5,5,3,658866,0,Tarjeta de Débito,Sucursal
1900,2024-06-20,452,15,14,1,2254306,0,Tarjeta de Débito,Online
1901,2022-05-21,1397,14,6,1,2132068,20,Mercado Pago,Online
1902,2026-02-24,320,6,5,1,1764687,0,Tarjeta de Crédito,Online
1903,2022-11-11,891,19,10,5,1030169,10,Efectivo,Sucursal
1904,2024-10-21,1228,15,9,2,2254306,5,Tarjeta de Crédito,Online
1905,2022-12-29,178,5,10,1,658866,15,Tarjeta de Crédito,Sucursal
1906,2022-06-16,225,19,10,3,1030169,0,Tarjeta de Crédito,Online
1907,2023-01-30,1261,11,1,3,1298880,0,Tarjeta de Crédito,Online
1908,2025-08-02,950,24,3,1,1763627,0,Mercado Pago,Sucursal
1909,2025-04-29,988,10,8,1,2261684,5,Mercado Pago,Sucursal
1910,2022-01-01,864,21,15,2,1989781,5,Tarjeta de Crédito,Online
1911,2025-02-27,1753,20,8,2,2236130,0,Tarjeta de Crédito,Sucursal
1912,2026-01-27,372,19,2,1,1030169,5,Transferencia,Sucursal
1913,2023-06-15,937,23,7,1,1928958,0,Tarjeta de Débito,Sucursal
1914,2023-08-08,644,15,3,1,2254306,0,Tarjeta de Crédito,Online
1915,2025-09-09,394,22,20,1,1797606,5,Tarjeta de Crédito,Sucursal
1916,2026-02-18,1456,5,7,3,658866,15,Mercado Pago,Sucursal
1917,2023-03-29,1256,16,13,1,954116,0,Tarjeta de Crédito,Online
1918,2023-12-14,1605,23,13,1,1928958,10,Tarjeta de Débito,Sucursal
1919,2021-09-19,1679,12,9,1,1844344,15,Mercado Pago,Sucursal
1920,2023-10-07,1562,11,7,1,1298880,10,Mercado Pago,Sucursal
1921,2024-10-24,1303,11,4,1,1298880,5,Tarjeta de Débito,Online
1922,2023-04-19,534,23,10,3,1928958,0,Mercado Pago,Sucursal
1923,2023-03-29,1612,23,9,1,1928958,5,Tarjeta de Débito,Sucursal
1924,2024-05-20,55,20,15,1,2236130,0,Tarjeta de Débito,Sucursal
1925,2022-05-13,980,11,5,1,1298880,10,Efectivo,Online
1926,2024-10-25,1486,20,1,2,2236130,0,Tarjeta de Crédito,Sucursal
1927,2024-08-08,211,14,4,1,2132068,10,Mercado Pago,Sucursal
1928,2022-08-03,321,25,15,2,1853677,0,Tarjeta de Crédito,Sucursal
1929,2022-11-15,329,3,17,1,1748036,0,Tarjeta de Crédito,Online
1930,2021-08-16,1169,6,14,1,1764687,0,Tarjeta de Crédito,Sucursal
1931,2024-05-13,13,6,4,1,1764687,0,Tarjeta de Crédito,Sucursal
1932,2025-12-18,1501,25,20,1,1853677,0,Mercado Pago,Online
1933,2025-06-24,1527,5,8,1,658866,5,Tarjeta de Débito,Sucursal
1934,2025-01-11,764,15,3,1,2254306,10,Mercado Pago,Online
1935,2021-09-06,127,24,6,3,1763627,10,Tarjeta de Débito,Sucursal
1936,2026-04-30,1610,20,10,1,2236130,5,Tarjeta de Crédito,Sucursal
1937,2022-03-02,633,16,5,2,954116,10,Tarjeta de Débito,Sucursal
1938,2024-08-05,1636,6,20,2,1764687,0,Tarjeta de Débito,Online
1939,2024-05-21,1713,7,15,1,1778736,5,Tarjeta de Crédito,Sucursal
1940,2023-05-11,1595,22,10,1,1797606,0,Mercado Pago,Online
1941,2025-04-08,855,13,8,1,1102174,15,Tarjeta de Débito,Sucursal
1942,2021-10-13,478,2,12,1,1484902,0,Tarjeta de Crédito,Sucursal
1943,2026-03-01,162,8,11,1,1661179,0,Tarjeta de Crédito,Sucursal
1944,2022-05-23,633,3,8,1,1748036,0,Tarjeta de Débito,Sucursal
1945,2026-03-14,292,5,11,1,658866,15,Transferencia,Online
1946,2022-06-11,181,2,2,1,1484902,0,Tarjeta de Débito,Online
1947,2023-06-16,1664,3,2,1,1748036,0,Tarjeta de Débito,Sucursal
1948,2022-07-22,1936,9,16,4,944582,5,Transferencia,Sucursal
1949,2025-01-21,1881,14,18,1,2132068,0,Mercado Pago,Sucursal
1950,2023-10-28,1613,23,5,2,1928958,10,Tarjeta de Crédito,Online
1951,2022-05-11,810,7,12,1,1778736,5,Tarjeta de Débito,Online
1952,2024-12-31,1846,3,18,2,1748036,10,Efectivo,Online
1953,2023-01-08,1426,1,8,5,934942,0,Transferencia,Online
1954,2024-04-08,1458,18,8,1,1042885,10,Mercado Pago,Online
1955,2025-11-10,87,1,12,2,934942,0,Mercado Pago,Sucursal
1956,2022-07-18,604,19,18,1,1030169,10,Tarjeta de Débito,Sucursal
1957,2024-01-30,269,16,16,1,954116,5,Transferencia,Online
1958,2024-10-11,1820,7,13,1,1778736,0,Mercado Pago,Sucursal
1959,2021-09-12,1592,10,11,1,2261684,30,Tarjeta de Crédito,Online
1960,2022-10-14,224,10,19,2,2261684,10,Mercado Pago,Sucursal
1961,2025-06-28,1787,22,17,1,1797606,0,Tarjeta de Crédito,Sucursal
1962,2022-03-03,621,6,9,1,1764687,0,Tarjeta de Crédito,Online
1963,2026-01-21,424,17,10,1,1455169,10,Mercado Pago,Sucursal
1964,2023-07-12,1232,23,13,1,1928958,0,Mercado Pago,Online
1965,2024-08-23,335,21,16,1,1989781,0,Tarjeta de Crédito,Online
1966,2024-06-16,759,7,3,1,1778736,0,Tarjeta de Débito,Sucursal
1967,2023-03-31,816,19,19,1,1030169,0,Mercado Pago,Sucursal
1968,2024-12-16,1382,10,13,1,2261684,10,Tarjeta de Crédito,Sucursal
1969,2023-04-12,71,21,18,1,1989781,0,Transferencia,Online
1970,2024-08-31,588,25,16,1,1853677,0,Efectivo,Sucursal
1971,2026-02-08,1293,13,5,3,1102174,10,Tarjeta de Crédito,Sucursal
1972,2025-11-17,384,7,18,1,1778736,0,Tarjeta de Débito,Sucursal
1973,2022-12-11,1290,3,10,1,1748036,0,Transferencia,Sucursal
1974,2024-02-03,1678,21,6,2,1989781,0,Tarjeta de Crédito,Online
1975,2025-03-14,29,10,9,1,2261684,0,Mercado Pago,Sucursal
1976,2022-06-23,1260,15,13,1,2254306,15,Tarjeta de Débito,Sucursal
1977,2024-02-05,684,1,10,1,934942,0,Efectivo,Sucursal
1978,2022-06-03,227,20,16,2,2236130,10,Transferencia,Online
1979,2023-09-21,945,17,1,3,1455169,0,Tarjeta de Crédito,Sucursal
1980,2023-02-27,1612,16,4,3,954116,20,Tarjeta de Débito,Sucursal
1981,2023-08-23,1016,2,4,1,1484902,0,Mercado Pago,Sucursal
1982,2024-08-15,1025,19,18,3,1030169,0,Mercado Pago,Online
1983,2024-02-21,792,19,20,2,1030169,5,Transferencia,Sucursal
1984,2022-03-03,447,13,18,1,1102174,0,Transferencia,Online
1985,2021-10-10,98,18,10,1,1042885,5,Mercado Pago,Sucursal
1986,2022-08-27,1032,15,12,1,2254306,0,Tarjeta de Débito,Online
1987,2026-05-19,1768,18,5,2,1042885,0,Tarjeta de Débito,Sucursal
1988,2024-05-03,1549,5,20,3,658866,0,Transferencia,Online
1989,2026-02-11,1009,10,18,1,2261684,0,Tarjeta de Crédito,Sucursal
1990,2023-06-20,1096,12,1,4,1844344,0,Mercado Pago,Online
1991,2025-05-21,544,21,4,1,1989781,0,Tarjeta de Crédito,Online
1992,2023-05-24,735,7,8,1,1778736,5,Tarjeta de Débito,Sucursal
1993,2021-11-09,1137,13,2,2,1102174,5,Tarjeta de Crédito,Online
1994,2022-01-25,980,19,14,2,1030169,0,Tarjeta de Crédito,Sucursal
1995,2023-09-16,397,19,1,1,1030169,10,Tarjeta de Débito,Sucursal
1996,2023-06-20,447,15,20,1,2254306,5,Mercado Pago,Online
1997,2022-09-05,1237,12,18,1,1844344,0,Efectivo,Online
1998,2023-03-15,650,8,17,2,1661179,0,Tarjeta de Crédito,Sucursal
1999,2021-08-29,1193,4,15,1,2160479,0,Mercado Pago,Online
2000,2024-12-18,499,1,3,1,934942,30,Tarjeta de Débito,Online
2001,2023-02-23,845,10,8,1,2261684,0,Tarjeta de Crédito,Sucursal
2002,2025-10-16,1669,19,9,1,1030169,10,Tarjeta de Débito,Sucursal
2003,2023-12-03,1655,11,14,1,1298880,10,Transferencia,Sucursal
2004,2023-02-19,1586,22,7,2,1797606,0,Mercado Pago,Sucursal
2005,2024-07-01,959,12,6,1,1844344,0,Tarjeta de Crédito,Sucursal
2006,2023-07-31,630,25,19,1,1853677,0,Tarjeta de Crédito,Online
2007,2024-03-11,1476,25,12,2,1853677,0,Tarjeta de Crédito,Sucursal
2008,2022-08-25,432,24,19,1,1763627,0,Transferencia,Online
2009,2025-09-24,1866,21,19,1,1989781,20,Mercado Pago,Online
2010,2021-09-14,520,2,16,2,1484902,0,Tarjeta de Crédito,Online
2011,2022-04-06,1955,3,4,1,1748036,0,Tarjeta de Débito,Online
2012,2023-07-16,1111,11,11,1,1298880,0,Mercado Pago,Sucursal
2013,2025-10-01,941,24,4,1,1763627,10,Tarjeta de Crédito,Online
2014,2022-07-12,1247,4,1,1,2160479,0,Mercado Pago,Sucursal
2015,2025-07-12,847,20,11,1,2236130,15,Tarjeta de Crédito,Online
2016,2023-02-24,323,19,1,1,1030169,10,Tarjeta de Débito,Sucursal
2017,2023-06-21,1946,25,12,1,1853677,0,Transferencia,Online
2018,2022-01-27,375,19,5,2,1030169,0,Tarjeta de Crédito,Sucursal
2019,2023-08-04,420,8,18,4,1661179,0,Tarjeta de Crédito,Sucursal
2020,2025-02-23,266,3,13,2,1748036,15,Mercado Pago,Sucursal
2021,2023-07-10,1838,15,15,3,2254306,0,Tarjeta de Crédito,Online
2022,2022-09-11,971,7,16,1,1778736,0,Tarjeta de Crédito,Online
2023,2021-11-28,1846,7,16,2,1778736,0,Tarjeta de Débito,Sucursal
2024,2023-11-01,799,12,3,1,1844344,0,Tarjeta de Débito,Sucursal
2025,2022-09-05,1753,21,8,2,1989781,5,Tarjeta de Crédito,Sucursal
2026,2025-11-08,528,11,18,1,1298880,10,Mercado Pago,Sucursal
2027,2024-04-05,1008,21,2,1,1989781,15,Tarjeta de Crédito,Sucursal
2028,2021-08-28,1410,20,8,2,2236130,0,Mercado Pago,Sucursal
2029,2025-11-09,183,8,11,2,1661179,5,Tarjeta de Crédito,Sucursal
2030,2022-03-14,1064,11,11,1,1298880,0,Tarjeta de Crédito,Sucursal
2031,2024-03-03,1079,21,17,1,1989781,0,Tarjeta de Débito,Sucursal
2032,2022-03-08,872,17,10,1,1455169,0,Tarjeta de Crédito,Online
2033,2023-08-04,1697,12,2,1,1844344,10,Mercado Pago,Sucursal
2034,2023-09-18,1952,10,20,1,2261684,15,Mercado Pago,Sucursal
2035,2025-06-16,405,11,4,1,1298880,0,Tarjeta de Crédito,Online
2036,2021-09-10,1510,4,19,2,2160479,10,Mercado Pago,Sucursal
2037,2024-07-17,1611,15,12,1,2254306,20,Tarjeta de Crédito,Online
2038,2021-09-08,25,20,1,1,2236130,5,Tarjeta de Débito,Online
2039,2023-11-05,1593,25,5,2,1853677,15,Tarjeta de Crédito,Sucursal
2040,2026-07-02,711,4,1,1,2160479,15,Tarjeta de Crédito,Sucursal
2041,2025-04-28,1040,22,16,1,1797606,15,Tarjeta de Débito,Sucursal
2042,2023-03-12,1000,15,19,3,2254306,0,Transferencia,Online
2043,2025-05-15,1680,18,6,1,1042885,10,Tarjeta de Débito,Sucursal
2044,2021-08-11,1281,19,5,1,1030169,5,Tarjeta de Débito,Sucursal
2045,2023-02-07,1824,1,2,1,934942,0,Tarjeta de Crédito,Sucursal
2046,2021-12-12,1482,16,1,1,954116,0,Tarjeta de Crédito,Online
2047,2021-08-08,788,2,9,2,1484902,5,Tarjeta de Crédito,Sucursal
2048,2022-06-01,1901,22,3,2,1797606,0,Mercado Pago,Sucursal
2049,2024-05-14,1159,22,5,1,1797606,0,Transferencia,Sucursal
2050,2021-10-10,1646,14,2,1,2132068,0,Tarjeta de Débito,Sucursal
2051,2023-04-23,1826,11,10,2,1298880,10,Tarjeta de Crédito,Sucursal
2052,2025-05-27,1473,15,10,2,2254306,10,Tarjeta de Crédito,Sucursal
2053,2025-01-16,772,8,14,1,1661179,10,Mercado Pago,Sucursal
2054,2021-12-27,14,4,1,1,2160479,10,Efectivo,Sucursal
2055,2021-12-28,1045,4,16,1,2160479,0,Tarjeta de Crédito,Sucursal
2056,2023-01-03,1347,20,14,1,2236130,0,Tarjeta de Débito,Sucursal
2057,2024-03-01,638,18,13,1,1042885,0,Tarjeta de Débito,Sucursal
2058,2022-11-01,433,19,15,2,1030169,0,Tarjeta de Débito,Online
2059,2025-06-22,903,22,7,2,1797606,15,Tarjeta de Crédito,Online
2060,2023-05-13,709,20,2,1,2236130,0,Tarjeta de Débito,Sucursal
2061,2022-08-09,621,4,3,3,2160479,0,Transferencia,Sucursal
2062,2024-09-27,1951,14,3,2,2132068,0,Tarjeta de Crédito,Online
2063,2024-02-11,1179,5,5,1,658866,0,Tarjeta de Crédito,Sucursal
2064,2022-08-17,930,15,14,1,2254306,0,Tarjeta de Crédito,Sucursal
2065,2021-08-21,158,1,8,1,934942,15,Tarjeta de Débito,Online
2066,2021-12-06,1024,21,8,2,1989781,0,Transferencia,Sucursal
2067,2025-06-14,920,21,16,2,1989781,30,Tarjeta de Crédito,Online
2068,2025-06-02,1701,20,18,1,2236130,0,Transferencia,Sucursal
2069,2025-09-11,1478,22,20,1,1797606,5,Tarjeta de Débito,Online
2070,2023-08-09,1380,5,17,1,658866,0,Tarjeta de Crédito,Sucursal
2071,2025-06-14,1840,11,8,1,1298880,15,Tarjeta de Crédito,Sucursal
2072,2021-08-16,1863,18,9,1,1042885,0,Tarjeta de Débito,Sucursal
2073,2021-07-30,1860,9,18,1,944582,5,Tarjeta de Crédito,Sucursal
2074,2021-08-15,778,22,20,1,1797606,0,Tarjeta de Crédito,Sucursal
2075,2023-11-23,84,8,6,3,1661179,0,Tarjeta de Débito,Online
2076,2026-01-18,1209,14,19,1,2132068,0,Transferencia,Sucursal
2077,2025-08-07,1567,9,16,1,944582,5,Efectivo,Online
2078,2024-11-20,984,13,19,1,1102174,0,Tarjeta de Crédito,Online
2079,2024-04-04,1240,22,14,1,1797606,0,Mercado Pago,Sucursal
2080,2022-08-29,364,14,16,1,2132068,5,Mercado Pago,Sucursal
2081,2023-03-13,214,10,4,2,2261684,0,Tarjeta de Débito,Sucursal
2082,2024-12-06,1805,10,10,1,2261684,0,Tarjeta de Débito,Sucursal
2083,2023-04-01,1997,9,8,1,944582,5,Tarjeta de Crédito,Sucursal
2084,2021-07-14,1314,23,15,1,1928958,5,Transferencia,Online
2085,2022-01-18,771,8,2,1,1661179,0,Tarjeta de Crédito,Sucursal
2086,2025-01-17,1285,25,12,1,1853677,5,Tarjeta de Débito,Online
2087,2022-07-28,1793,16,15,1,954116,20,Transferencia,Sucursal
2088,2024-11-11,766,17,3,1,1455169,10,Tarjeta de Crédito,Online
2089,2024-08-05,1476,14,6,1,2132068,5,Tarjeta de Crédito,Online
2090,2023-03-30,1626,7,8,1,1778736,10,Tarjeta de Crédito,Sucursal
2091,2025-06-02,1820,13,4,3,1102174,20,Tarjeta de Crédito,Online
2092,2022-02-13,1075,16,13,1,954116,0,Tarjeta de Crédito,Sucursal
2093,2022-07-28,530,6,5,1,1764687,0,Tarjeta de Crédito,Sucursal
2094,2025-09-24,1114,8,20,1,1661179,5,Tarjeta de Crédito,Sucursal
2095,2024-07-28,1895,8,17,2,1661179,0,Mercado Pago,Sucursal
2096,2025-08-07,752,15,3,1,2254306,10,Tarjeta de Crédito,Online
2097,2024-08-05,1321,25,6,2,1853677,0,Tarjeta de Crédito,Sucursal
2098,2026-01-30,1124,14,10,1,2132068,5,Mercado Pago,Sucursal
2099,2024-03-22,257,2,20,2,1484902,0,Tarjeta de Crédito,Sucursal
2100,2023-05-16,1920,3,7,1,1748036,0,Tarjeta de Crédito,Sucursal
2101,2024-11-25,1799,14,16,1,2132068,0,Tarjeta de Crédito,Sucursal
2102,2024-10-31,1610,12,7,3,1844344,10,Tarjeta de Crédito,Sucursal
2103,2025-08-08,1388,8,17,1,1661179,0,Tarjeta de Crédito,Sucursal
2104,2025-12-09,1770,17,19,1,1455169,0,Mercado Pago,Online
2105,2023-10-31,1634,18,14,1,1042885,0,Tarjeta de Crédito,Sucursal
2106,2023-12-21,1831,13,10,1,1102174,0,Mercado Pago,Online
2107,2023-02-03,1430,8,17,1,1661179,0,Transferencia,Sucursal
2108,2022-09-10,1483,23,20,1,1928958,0,Tarjeta de Crédito,Online
2109,2024-02-18,1284,13,3,2,1102174,5,Transferencia,Sucursal
2110,2024-10-18,1645,18,16,1,1042885,5,Tarjeta de Débito,Sucursal
2111,2022-08-26,685,24,10,1,1763627,0,Tarjeta de Crédito,Sucursal
2112,2026-06-03,1554,1,14,1,934942,0,Tarjeta de Débito,Online
2113,2023-02-01,1051,4,5,2,2160479,0,Transferencia,Online
2114,2023-04-12,888,21,5,1,1989781,20,Tarjeta de Crédito,Sucursal
2115,2022-04-28,587,17,2,1,1455169,15,Mercado Pago,Sucursal
2116,2023-10-10,702,25,9,1,1853677,0,Tarjeta de Crédito,Sucursal
2117,2022-09-14,1348,1,19,1,934942,10,Transferencia,Sucursal
2118,2025-11-13,205,8,5,1,1661179,5,Tarjeta de Crédito,Sucursal
2119,2023-07-17,1012,7,14,1,1778736,30,Tarjeta de Débito,Sucursal
2120,2025-05-25,1034,9,1,1,944582,10,Tarjeta de Crédito,Sucursal
2121,2024-09-02,18,14,6,1,2132068,15,Tarjeta de Crédito,Online
2122,2025-08-08,101,23,14,1,1928958,0,Tarjeta de Débito,Online
2123,2021-08-24,296,23,19,2,1928958,0,Transferencia,Sucursal
2124,2021-08-24,1741,17,10,2,1455169,20,Tarjeta de Débito,Online
2125,2023-04-28,1824,4,5,1,2160479,0,Tarjeta de Crédito,Sucursal
2126,2021-12-22,34,16,13,1,954116,10,Tarjeta de Crédito,Sucursal
2127,2025-04-30,941,21,3,1,1989781,5,Tarjeta de Crédito,Sucursal
2128,2022-09-10,1056,9,2,2,944582,0,Tarjeta de Débito,Sucursal
2129,2022-05-12,1914,1,12,1,934942,0,Tarjeta de Crédito,Sucursal
2130,2024-10-14,111,4,2,3,2160479,15,Tarjeta de Crédito,Online
2131,2025-02-28,1858,4,2,1,2160479,30,Transferencia,Sucursal
2132,2025-09-06,1354,8,12,2,1661179,15,Tarjeta de Crédito,Online
2133,2022-09-19,985,6,18,1,1764687,0,Tarjeta de Crédito,Sucursal
2134,2023-02-01,620,9,6,2,944582,5,Tarjeta de Débito,Sucursal
2135,2025-11-06,1862,15,18,2,2254306,0,Tarjeta de Débito,Sucursal
2136,2021-11-18,1353,1,10,1,934942,0,Tarjeta de Débito,Sucursal
2137,2024-02-08,1951,13,16,1,1102174,10,Mercado Pago,Online
2138,2025-03-16,683,6,11,1,1764687,0,Tarjeta de Crédito,Sucursal
2139,2022-05-17,1073,20,3,1,2236130,0,Mercado Pago,Sucursal
2140,2025-07-17,518,24,11,1,1763627,10,Mercado Pago,Sucursal
2141,2025-04-16,1659,24,4,1,1763627,0,Tarjeta de Débito,Sucursal
2142,2022-02-27,1528,10,2,2,2261684,0,Tarjeta de Crédito,Sucursal
2143,2024-08-13,1709,8,17,1,1661179,0,Transferencia,Online
2144,2024-02-28,647,24,6,1,1763627,5,Tarjeta de Crédito,Sucursal
2145,2024-06-18,1765,1,8,1,934942,20,Tarjeta de Débito,Online
2146,2022-04-28,700,24,14,1,1763627,10,Tarjeta de Crédito,Online
2147,2022-02-06,489,19,18,1,1030169,20,Efectivo,Online
2148,2023-10-05,1211,7,16,1,1778736,20,Efectivo,Online
2149,2022-06-07,1673,3,2,1,1748036,0,Tarjeta de Crédito,Sucursal
2150,2024-05-09,713,2,4,1,1484902,0,Tarjeta de Débito,Online
2151,2024-04-25,882,25,9,1,1853677,5,Tarjeta de Débito,Online
2152,2022-08-27,884,13,17,1,1102174,5,Transferencia,Online
2153,2023-09-01,1020,18,20,2,1042885,15,Tarjeta de Crédito,Sucursal
2154,2025-07-01,1997,14,17,1,2132068,0,Tarjeta de Crédito,Sucursal
2155,2022-05-24,899,8,20,1,1661179,0,Tarjeta de Crédito,Sucursal
2156,2022-02-10,1208,9,13,1,944582,0,Mercado Pago,Sucursal
2157,2022-12-13,1417,11,6,1,1298880,0,Tarjeta de Crédito,Sucursal
2158,2026-04-20,1788,22,14,1,1797606,15,Transferencia,Sucursal
2159,2022-04-01,1229,2,19,2,1484902,15,Tarjeta de Débito,Online
2160,2026-06-20,1739,6,10,1,1764687,0,Mercado Pago,Online
2161,2021-08-05,1263,3,5,2,1748036,5,Tarjeta de Crédito,Sucursal
2162,2026-04-02,847,11,18,1,1298880,5,Transferencia,Sucursal
2163,2021-12-03,924,11,11,1,1298880,0,Transferencia,Online
2164,2022-06-11,1541,7,14,1,1778736,0,Mercado Pago,Sucursal
2165,2024-09-29,319,8,9,2,1661179,5,Transferencia,Sucursal
2166,2022-11-26,1269,4,2,1,2160479,10,Transferencia,Online
2167,2024-11-11,1342,20,14,1,2236130,0,Tarjeta de Crédito,Sucursal
2168,2022-11-18,1970,23,1,1,1928958,5,Mercado Pago,Sucursal
2169,2021-11-24,1404,1,10,1,934942,0,Mercado Pago,Online
2170,2025-11-20,968,12,1,1,1844344,0,Tarjeta de Crédito,Sucursal
2171,2025-08-30,704,2,18,1,1484902,0,Mercado Pago,Sucursal
2172,2025-09-10,88,14,2,3,2132068,0,Mercado Pago,Sucursal
2173,2022-10-08,693,13,5,1,1102174,0,Mercado Pago,Sucursal
2174,2026-04-30,922,17,1,4,1455169,0,Transferencia,Sucursal
2175,2022-01-11,539,8,2,3,1661179,5,Tarjeta de Débito,Online
2176,2022-03-12,9,1,9,1,934942,0,Tarjeta de Crédito,Sucursal
2177,2026-04-05,37,19,7,1,1030169,10,Transferencia,Sucursal
2178,2025-03-21,910,20,4,1,2236130,10,Tarjeta de Crédito,Online
2179,2022-05-19,531,23,6,1,1928958,15,Tarjeta de Crédito,Sucursal
2180,2025-11-12,1423,18,18,2,1042885,0,Transferencia,Online
2181,2025-07-02,1828,7,2,1,1778736,0,Tarjeta de Crédito,Online
2182,2023-11-13,405,16,10,1,954116,10,Efectivo,Sucursal
2183,2023-08-03,1247,2,10,1,1484902,10,Mercado Pago,Sucursal
2184,2022-05-23,1413,22,1,2,1797606,10,Mercado Pago,Sucursal
2185,2023-11-17,1470,16,16,1,954116,10,Tarjeta de Débito,Sucursal
2186,2021-11-04,1435,21,15,2,1989781,0,Mercado Pago,Sucursal
2187,2025-08-20,508,25,17,1,1853677,0,Mercado Pago,Sucursal
2188,2024-06-22,197,13,7,1,1102174,10,Tarjeta de Crédito,Sucursal
2189,2022-10-28,1121,13,8,1,1102174,0,Transferencia,Sucursal
2190,2025-08-01,110,15,8,1,2254306,0,Tarjeta de Crédito,Online
2191,2025-07-28,1044,4,11,1,2160479,10,Mercado Pago,Sucursal
2192,2025-11-07,1901,18,18,1,1042885,10,Tarjeta de Crédito,Sucursal
2193,2025-03-30,1143,14,14,2,2132068,20,Tarjeta de Crédito,Sucursal
2194,2024-01-02,1769,22,13,3,1797606,5,Tarjeta de Crédito,Sucursal
2195,2022-10-18,1519,19,13,1,1030169,15,Tarjeta de Débito,Sucursal
2196,2022-01-27,1691,12,5,1,1844344,0,Tarjeta de Crédito,Sucursal
2197,2022-08-15,1174,10,5,1,2261684,5,Tarjeta de Crédito,Sucursal
2198,2023-06-27,756,8,17,1,1661179,0,Tarjeta de Crédito,Sucursal
2199,2023-11-16,1444,7,15,1,1778736,15,Mercado Pago,Online
2200,2021-11-17,818,16,4,1,954116,20,Tarjeta de Débito,Sucursal
2201,2025-03-15,1711,7,6,1,1778736,0,Tarjeta de Crédito,Sucursal
2202,2026-02-17,158,12,7,2,1844344,0,Tarjeta de Crédito,Sucursal
2203,2024-12-25,719,9,5,1,944582,0,Mercado Pago,Sucursal
2204,2023-08-26,1665,10,4,1,2261684,0,Efectivo,Online
2205,2025-01-01,89,23,13,1,1928958,0,Tarjeta de Crédito,Sucursal
2206,2023-12-20,966,16,16,2,954116,0,Transferencia,Online
2207,2023-07-21,1113,25,5,3,1853677,10,Tarjeta de Crédito,Sucursal
2208,2026-06-12,559,14,2,1,2132068,10,Tarjeta de Crédito,Sucursal
2209,2023-02-25,369,3,8,1,1748036,0,Tarjeta de Crédito,Sucursal
2210,2023-06-26,1489,8,20,1,1661179,0,Tarjeta de Crédito,Sucursal
2211,2022-05-11,328,8,17,1,1661179,0,Transferencia,Sucursal
2212,2025-05-13,1879,18,2,2,1042885,0,Tarjeta de Crédito,Sucursal
2213,2024-08-15,424,15,7,1,2254306,10,Tarjeta de Crédito,Online
2214,2023-11-08,1343,19,4,1,1030169,20,Mercado Pago,Online
2215,2021-09-30,1758,16,7,2,954116,5,Tarjeta de Débito,Online
2216,2022-08-08,1277,2,16,1,1484902,5,Tarjeta de Crédito,Sucursal
2217,2023-01-24,1793,18,4,5,1042885,0,Tarjeta de Crédito,Online
2218,2024-06-08,1144,2,1,1,1484902,10,Tarjeta de Débito,Online
2219,2022-09-12,365,22,20,1,1797606,0,Tarjeta de Débito,Sucursal
2220,2024-07-22,111,8,1,1,1661179,10,Tarjeta de Crédito,Sucursal
2221,2024-10-29,121,11,13,1,1298880,0,Tarjeta de Débito,Online
2222,2022-09-23,1956,24,2,1,1763627,0,Tarjeta de Crédito,Online
2223,2021-09-24,1121,22,5,1,1797606,0,Tarjeta de Crédito,Sucursal
2224,2021-12-31,1029,8,5,2,1661179,5,Tarjeta de Crédito,Sucursal
2225,2024-07-31,1223,23,16,1,1928958,0,Tarjeta de Débito,Sucursal
2226,2025-08-19,1276,6,2,1,1764687,5,Tarjeta de Crédito,Sucursal
2227,2023-10-28,1480,8,5,2,1661179,5,Tarjeta de Crédito,Sucursal
2228,2025-10-20,1307,1,13,3,934942,5,Tarjeta de Crédito,Sucursal
2229,2025-04-02,112,4,13,3,2160479,0,Tarjeta de Crédito,Online
2230,2024-02-29,958,3,18,1,1748036,5,Mercado Pago,Online
2231,2025-11-15,367,22,20,2,1797606,0,Mercado Pago,Sucursal
2232,2022-03-31,1875,18,1,2,1042885,0,Tarjeta de Débito,Online
2233,2024-08-22,1890,19,17,1,1030169,15,Tarjeta de Débito,Online
2234,2022-07-30,7,19,12,1,1030169,0,Tarjeta de Crédito,Sucursal
2235,2025-02-14,861,21,16,1,1989781,0,Tarjeta de Débito,Sucursal
2236,2024-10-22,581,13,5,2,1102174,0,Tarjeta de Crédito,Sucursal
2237,2023-07-10,892,6,2,1,1764687,0,Tarjeta de Crédito,Online
2238,2024-12-17,523,11,10,1,1298880,10,Tarjeta de Crédito,Sucursal
2239,2023-01-24,967,8,7,1,1661179,30,Tarjeta de Débito,Sucursal
2240,2025-07-15,1167,5,19,2,658866,30,Tarjeta de Crédito,Online
2241,2024-04-02,1418,17,10,1,1455169,5,Transferencia,Online
2242,2025-08-22,1398,15,1,1,2254306,20,Tarjeta de Crédito,Sucursal
2243,2025-06-21,1908,21,15,2,1989781,0,Tarjeta de Débito,Sucursal
2244,2021-07-29,1500,22,18,1,1797606,0,Tarjeta de Débito,Sucursal
2245,2021-12-26,314,2,14,1,1484902,0,Tarjeta de Crédito,Sucursal
2246,2022-02-03,988,4,4,1,2160479,0,Mercado Pago,Online
2247,2022-01-20,1843,22,10,2,1797606,0,Tarjeta de Crédito,Sucursal
2248,2024-01-12,1050,10,19,2,2261684,0,Tarjeta de Crédito,Sucursal
2249,2025-11-29,1333,23,8,1,1928958,0,Tarjeta de Débito,Sucursal
2250,2022-07-12,853,8,5,1,1661179,5,Tarjeta de Crédito,Online
2251,2022-06-19,51,21,14,2,1989781,0,Tarjeta de Crédito,Online
2252,2021-09-22,297,1,18,1,934942,15,Tarjeta de Crédito,Online
2253,2022-06-29,1784,18,3,2,1042885,20,Tarjeta de Crédito,Online
2254,2024-07-13,56,17,20,1,1455169,0,Tarjeta de Débito,Online
2255,2022-05-27,186,11,4,1,1298880,0,Tarjeta de Débito,Online
2256,2023-01-17,1443,22,19,1,1797606,0,Efectivo,Sucursal
2257,2026-03-14,321,12,8,1,1844344,0,Mercado Pago,Online
2258,2025-10-13,1362,25,5,2,1853677,0,Tarjeta de Débito,Sucursal
2259,2022-11-24,68,25,15,1,1853677,10,Mercado Pago,Sucursal
2260,2023-06-30,596,19,2,1,1030169,0,Tarjeta de Crédito,Sucursal
2261,2024-09-08,1948,21,16,2,1989781,5,Tarjeta de Crédito,Sucursal
2262,2023-01-04,429,6,4,1,1764687,15,Tarjeta de Crédito,Sucursal
2263,2022-08-10,1465,12,17,2,1844344,0,Mercado Pago,Sucursal
2264,2021-11-12,1600,21,5,1,1989781,5,Tarjeta de Débito,Online
2265,2023-10-15,1412,24,10,1,1763627,0,Tarjeta de Crédito,Online
2266,2024-04-28,97,20,10,1,2236130,0,Mercado Pago,Sucursal
2267,2023-05-20,767,7,10,2,1778736,5,Tarjeta de Crédito,Sucursal
2268,2025-11-19,260,12,7,5,1844344,0,Tarjeta de Crédito,Online
2269,2021-07-31,409,20,18,1,2236130,10,Tarjeta de Crédito,Online
2270,2024-04-26,1014,7,16,1,1778736,0,Tarjeta de Crédito,Sucursal
2271,2021-09-18,1088,21,12,1,1989781,0,Tarjeta de Crédito,Sucursal
2272,2022-02-14,663,10,17,1,2261684,10,Transferencia,Online
2273,2026-04-20,837,18,9,2,1042885,5,Tarjeta de Crédito,Sucursal
2274,2023-06-14,1724,9,15,1,944582,15,Tarjeta de Débito,Online
2275,2022-06-10,231,11,13,1,1298880,0,Tarjeta de Crédito,Online
2276,2024-02-22,1786,23,9,2,1928958,5,Tarjeta de Débito,Sucursal
2277,2024-12-05,1750,9,20,2,944582,20,Efectivo,Sucursal
2278,2022-01-18,1868,15,5,1,2254306,0,Tarjeta de Crédito,Online
2279,2023-12-02,1283,22,2,2,1797606,0,Transferencia,Online
2280,2023-09-29,1620,21,2,1,1989781,10,Tarjeta de Crédito,Online
2281,2026-05-03,967,16,9,1,954116,10,Tarjeta de Crédito,Sucursal
2282,2026-02-20,514,4,2,1,2160479,5,Tarjeta de Débito,Online
2283,2025-04-12,44,4,14,2,2160479,0,Tarjeta de Crédito,Sucursal
2284,2023-12-19,1880,23,15,2,1928958,15,Tarjeta de Crédito,Online
2285,2021-09-23,497,12,5,3,1844344,10,Tarjeta de Crédito,Sucursal
2286,2023-08-14,1268,25,7,1,1853677,0,Tarjeta de Crédito,Sucursal
2287,2025-12-01,1598,10,7,1,2261684,0,Tarjeta de Crédito,Sucursal
2288,2024-07-23,1687,5,14,1,658866,20,Mercado Pago,Sucursal
2289,2021-12-02,1076,6,11,2,1764687,5,Tarjeta de Crédito,Online
2290,2022-12-18,111,11,7,1,1298880,0,Tarjeta de Débito,Sucursal
2291,2025-04-05,1949,16,16,1,954116,20,Tarjeta de Débito,Sucursal
2292,2025-09-13,1370,22,19,1,1797606,0,Tarjeta de Crédito,Sucursal
2293,2022-10-08,207,6,9,1,1764687,0,Tarjeta de Débito,Online
2294,2024-02-23,1754,22,15,1,1797606,0,Transferencia,Online
2295,2022-06-19,473,9,7,1,944582,15,Tarjeta de Crédito,Online
2296,2026-07-03,818,1,9,1,934942,0,Tarjeta de Crédito,Online
2297,2024-03-30,1065,8,4,2,1661179,0,Tarjeta de Débito,Sucursal
2298,2025-04-09,1947,11,7,1,1298880,0,Mercado Pago,Sucursal
2299,2022-09-03,573,20,19,1,2236130,0,Mercado Pago,Sucursal
2300,2022-03-11,311,25,8,5,1853677,0,Tarjeta de Crédito,Sucursal
2301,2024-12-07,1742,24,5,3,1763627,0,Tarjeta de Crédito,Sucursal
2302,2023-05-04,942,20,20,1,2236130,30,Tarjeta de Crédito,Sucursal
2303,2025-01-05,1973,17,8,2,1455169,10,Tarjeta de Crédito,Online
2304,2022-06-28,1682,23,5,1,1928958,0,Tarjeta de Crédito,Sucursal
2305,2024-06-01,1761,5,9,2,658866,0,Mercado Pago,Sucursal
2306,2026-06-23,1949,6,14,1,1764687,20,Mercado Pago,Sucursal
2307,2026-06-28,931,2,1,1,1484902,15,Tarjeta de Débito,Sucursal
2308,2024-01-31,428,21,3,1,1989781,10,Tarjeta de Crédito,Online
2309,2022-12-20,188,18,16,1,1042885,0,Tarjeta de Crédito,Online
2310,2024-04-23,1347,1,1,1,934942,10,Tarjeta de Crédito,Sucursal
2311,2022-03-11,1095,13,12,1,1102174,30,Efectivo,Online
2312,2026-01-13,1026,12,12,1,1844344,0,Tarjeta de Crédito,Sucursal
2313,2026-06-09,845,22,4,1,1797606,5,Tarjeta de Crédito,Online
2314,2023-09-22,371,17,19,1,1455169,10,Tarjeta de Crédito,Sucursal
2315,2022-03-18,1932,6,13,1,1764687,0,Tarjeta de Débito,Online
2316,2024-09-22,942,3,10,2,1748036,0,Tarjeta de Crédito,Online
2317,2023-07-17,1516,25,5,2,1853677,5,Tarjeta de Crédito,Sucursal
2318,2024-07-13,1116,4,16,1,2160479,5,Transferencia,Sucursal
2319,2024-07-26,1197,16,13,1,954116,15,Transferencia,Online
2320,2025-02-25,1097,13,16,3,1102174,5,Mercado Pago,Online
2321,2023-09-09,1272,11,9,1,1298880,0,Efectivo,Online
2322,2026-01-04,707,22,4,1,1797606,0,Mercado Pago,Sucursal
2323,2022-04-26,930,22,6,4,1797606,0,Tarjeta de Crédito,Sucursal
2324,2024-11-14,1053,3,20,1,1748036,5,Tarjeta de Débito,Online
2325,2025-02-03,1369,25,3,1,1853677,5,Mercado Pago,Sucursal
2326,2024-11-28,736,12,7,1,1844344,5,Tarjeta de Crédito,Sucursal
2327,2021-11-23,43,19,11,2,1030169,0,Tarjeta de Débito,Sucursal
2328,2022-12-04,777,24,4,1,1763627,0,Mercado Pago,Sucursal
2329,2026-06-25,1289,18,1,2,1042885,10,Mercado Pago,Sucursal
2330,2023-07-23,1119,19,3,1,1030169,15,Tarjeta de Crédito,Sucursal
2331,2022-02-04,51,20,19,1,2236130,10,Mercado Pago,Sucursal
2332,2023-05-18,1760,6,6,3,1764687,0,Mercado Pago,Sucursal
2333,2023-04-24,1765,22,9,1,1797606,5,Tarjeta de Crédito,Online
2334,2022-03-11,1838,15,7,1,2254306,0,Transferencia,Sucursal
2335,2025-08-07,1269,5,14,1,658866,5,Tarjeta de Crédito,Sucursal
2336,2024-02-22,1827,5,9,2,658866,0,Efectivo,Online
2337,2023-06-27,1383,22,20,1,1797606,20,Tarjeta de Crédito,Sucursal
2338,2025-09-19,441,11,17,3,1298880,0,Tarjeta de Crédito,Sucursal
2339,2026-05-18,443,4,1,1,2160479,0,Tarjeta de Crédito,Online
2340,2024-03-22,1524,5,7,1,658866,0,Mercado Pago,Online
2341,2023-06-08,1474,24,15,2,1763627,10,Tarjeta de Débito,Online
2342,2024-04-12,1055,8,11,5,1661179,0,Tarjeta de Crédito,Sucursal
2343,2026-02-14,150,3,18,1,1748036,0,Mercado Pago,Online
2344,2023-11-04,222,14,2,2,2132068,0,Tarjeta de Crédito,Sucursal
2345,2026-05-20,1620,11,18,2,1298880,15,Tarjeta de Crédito,Sucursal
2346,2026-03-02,1084,9,12,1,944582,0,Tarjeta de Débito,Sucursal
2347,2023-09-04,66,9,12,1,944582,0,Tarjeta de Crédito,Sucursal
2348,2021-08-07,1778,16,19,1,954116,10,Transferencia,Sucursal
2349,2024-11-05,827,7,10,1,1778736,10,Efectivo,Online
2350,2021-08-15,1661,13,20,3,1102174,0,Tarjeta de Crédito,Sucursal
2351,2025-06-06,434,1,17,1,934942,0,Tarjeta de Crédito,Sucursal
2352,2024-08-22,982,20,10,1,2236130,5,Tarjeta de Crédito,Sucursal
2353,2022-07-19,1957,8,8,3,1661179,0,Mercado Pago,Sucursal
2354,2023-03-06,1516,14,8,2,2132068,20,Tarjeta de Crédito,Sucursal
2355,2024-10-27,1720,17,9,2,1455169,5,Tarjeta de Crédito,Sucursal
2356,2022-05-17,615,6,6,3,1764687,0,Mercado Pago,Sucursal
2357,2024-02-29,1364,16,6,1,954116,0,Tarjeta de Crédito,Sucursal
2358,2026-06-28,1208,24,7,1,1763627,20,Tarjeta de Débito,Sucursal
2359,2025-10-30,1503,11,9,1,1298880,0,Mercado Pago,Online
2360,2024-08-29,857,15,20,1,2254306,0,Mercado Pago,Sucursal
2361,2025-11-19,1895,2,6,3,1484902,0,Tarjeta de Crédito,Sucursal
2362,2023-05-10,791,22,15,3,1797606,0,Tarjeta de Crédito,Sucursal
2363,2023-09-30,518,9,7,1,944582,0,Mercado Pago,Sucursal
2364,2025-06-25,341,18,16,1,1042885,0,Mercado Pago,Sucursal
2365,2026-05-08,1862,25,19,2,1853677,0,Tarjeta de Débito,Online
2366,2022-12-16,1397,8,19,1,1661179,0,Tarjeta de Crédito,Sucursal
2367,2023-05-19,828,19,4,1,1030169,0,Transferencia,Sucursal
2368,2021-08-25,1570,19,9,1,1030169,0,Mercado Pago,Sucursal
2369,2023-08-05,807,16,19,2,954116,20,Mercado Pago,Sucursal
2370,2023-12-03,1028,20,13,2,2236130,0,Tarjeta de Crédito,Sucursal
2371,2025-02-04,666,10,20,2,2261684,0,Tarjeta de Crédito,Sucursal
2372,2021-11-23,1076,6,4,1,1764687,0,Mercado Pago,Sucursal
2373,2022-05-21,675,17,1,2,1455169,30,Tarjeta de Crédito,Sucursal
2374,2023-08-21,1358,21,4,1,1989781,0,Tarjeta de Crédito,Online
2375,2025-01-27,1245,22,9,1,1797606,20,Tarjeta de Crédito,Sucursal
2376,2021-09-26,1698,10,5,2,2261684,0,Tarjeta de Crédito,Sucursal
2377,2026-03-20,270,8,9,1,1661179,0,Mercado Pago,Sucursal
2378,2022-09-17,1353,24,4,1,1763627,0,Tarjeta de Crédito,Sucursal
2379,2025-05-10,585,13,4,1,1102174,0,Transferencia,Sucursal
2380,2025-10-15,1477,4,8,1,2160479,5,Tarjeta de Crédito,Sucursal
2381,2022-10-02,934,21,5,3,1989781,0,Tarjeta de Débito,Online
2382,2026-01-11,1131,7,11,1,1778736,0,Tarjeta de Crédito,Online
2383,2023-07-04,1385,3,18,2,1748036,0,Transferencia,Sucursal
2384,2022-04-27,138,7,14,3,1778736,20,Efectivo,Sucursal
2385,2021-07-12,887,20,1,1,2236130,0,Transferencia,Online
2386,2022-05-09,1672,7,3,1,1778736,10,Tarjeta de Crédito,Online
2387,2022-02-25,878,19,2,2,1030169,0,Transferencia,Sucursal
2388,2024-05-29,1131,10,19,1,2261684,0,Tarjeta de Crédito,Sucursal
2389,2025-09-13,1082,12,19,1,1844344,0,Mercado Pago,Online
2390,2022-08-11,303,20,12,1,2236130,0,Transferencia,Sucursal
2391,2025-03-05,364,18,15,1,1042885,5,Tarjeta de Crédito,Sucursal
2392,2023-10-14,238,10,14,2,2261684,0,Tarjeta de Crédito,Online
2393,2022-11-14,1038,10,12,1,2261684,0,Tarjeta de Crédito,Sucursal
2394,2023-08-03,1850,4,15,1,2160479,20,Tarjeta de Débito,Sucursal
2395,2025-12-27,1240,25,4,1,1853677,0,Tarjeta de Crédito,Online
2396,2022-12-13,219,7,17,1,1778736,0,Mercado Pago,Sucursal
2397,2022-05-30,944,18,1,4,1042885,0,Mercado Pago,Sucursal
2398,2025-06-08,677,11,9,1,1298880,0,Mercado Pago,Online
2399,2022-10-14,1708,12,4,2,1844344,5,Mercado Pago,Sucursal
2400,2025-11-03,1106,8,1,2,1661179,0,Tarjeta de Débito,Sucursal
2401,2021-12-17,124,24,12,1,1763627,0,Tarjeta de Débito,Sucursal
2402,2022-02-17,1747,18,1,1,1042885,0,Mercado Pago,Sucursal
2403,2023-06-13,1975,1,7,1,934942,0,Tarjeta de Crédito,Online
2404,2025-06-21,640,15,6,1,2254306,5,Transferencia,Sucursal
2405,2026-04-18,247,9,17,2,944582,0,Tarjeta de Crédito,Online
2406,2023-09-11,398,8,9,1,1661179,5,Efectivo,Sucursal
2407,2023-08-29,223,17,4,1,1455169,0,Tarjeta de Crédito,Sucursal
2408,2024-01-05,672,7,10,1,1778736,15,Efectivo,Sucursal
2409,2023-11-29,1430,4,5,1,2160479,0,Tarjeta de Crédito,Sucursal
2410,2022-04-30,490,25,17,1,1853677,15,Tarjeta de Débito,Online
2411,2022-07-15,1445,12,19,1,1844344,0,Tarjeta de Crédito,Online
2412,2024-10-11,855,11,18,3,1298880,10,Tarjeta de Débito,Sucursal
2413,2023-02-04,176,4,1,2,2160479,5,Transferencia,Sucursal
2414,2023-04-17,1713,3,19,1,1748036,0,Tarjeta de Crédito,Sucursal
2415,2022-12-18,1705,15,18,3,2254306,10,Tarjeta de Crédito,Online
2416,2025-02-23,200,10,14,1,2261684,0,Mercado Pago,Sucursal
2417,2024-12-23,2000,8,14,1,1661179,10,Transferencia,Online
2418,2025-11-01,1196,20,17,2,2236130,0,Mercado Pago,Online
2419,2022-04-04,1512,3,15,1,1748036,0,Tarjeta de Crédito,Sucursal
2420,2021-10-20,876,6,15,1,1764687,0,Tarjeta de Débito,Online
2421,2023-11-29,1284,9,10,1,944582,0,Tarjeta de Débito,Online
2422,2024-07-05,109,4,13,1,2160479,10,Tarjeta de Crédito,Sucursal
2423,2025-02-11,1843,20,4,1,2236130,0,Mercado Pago,Online
2424,2025-12-30,487,23,8,5,1928958,15,Tarjeta de Débito,Sucursal
2425,2023-03-15,383,25,2,2,1853677,30,Tarjeta de Débito,Sucursal
2426,2023-12-19,1922,1,1,1,934942,0,Tarjeta de Crédito,Sucursal
2427,2022-04-20,262,20,1,1,2236130,0,Efectivo,Sucursal
2428,2022-09-18,453,10,9,1,2261684,5,Tarjeta de Crédito,Sucursal
2429,2022-01-17,1045,18,17,1,1042885,10,Tarjeta de Crédito,Sucursal
2430,2023-07-16,1016,5,2,1,658866,10,Tarjeta de Crédito,Online
2431,2023-08-30,1149,24,3,1,1763627,5,Tarjeta de Crédito,Sucursal
2432,2023-03-05,251,17,4,1,1455169,0,Transferencia,Sucursal
2433,2026-05-22,769,20,3,1,2236130,10,Tarjeta de Crédito,Sucursal
2434,2025-06-06,363,7,16,2,1778736,10,Tarjeta de Crédito,Sucursal
2435,2026-04-02,1542,1,20,1,934942,0,Tarjeta de Débito,Online
2436,2023-08-27,1959,4,19,1,2160479,30,Transferencia,Online
2437,2022-02-15,575,25,17,1,1853677,0,Tarjeta de Crédito,Sucursal
2438,2023-03-16,201,16,14,3,954116,0,Tarjeta de Crédito,Sucursal
2439,2023-04-08,1948,10,9,1,2261684,0,Tarjeta de Crédito,Sucursal
2440,2022-09-22,494,14,16,1,2132068,30,Tarjeta de Débito,Sucursal
2441,2023-12-28,557,9,20,1,944582,0,Tarjeta de Crédito,Sucursal
2442,2025-10-20,1670,19,9,1,1030169,10,Tarjeta de Débito,Sucursal
2443,2025-08-26,204,19,3,1,1030169,0,Mercado Pago,Sucursal
2444,2023-08-30,1929,18,7,1,1042885,0,Tarjeta de Crédito,Sucursal
2445,2023-10-13,850,25,3,1,1853677,0,Transferencia,Online
2446,2021-09-28,1926,22,16,3,1797606,5,Tarjeta de Crédito,Sucursal
2447,2026-01-21,632,21,10,1,1989781,10,Tarjeta de Crédito,Online
2448,2026-04-07,1725,17,13,4,1455169,0,Tarjeta de Crédito,Sucursal
2449,2025-12-21,1299,19,17,1,1030169,5,Tarjeta de Crédito,Sucursal
2450,2024-08-30,971,17,12,2,1455169,5,Tarjeta de Débito,Online
2451,2022-12-06,1971,21,10,2,1989781,15,Tarjeta de Crédito,Sucursal
2452,2024-06-27,1883,19,15,4,1030169,10,Tarjeta de Crédito,Sucursal
2453,2022-01-17,66,2,3,1,1484902,15,Tarjeta de Crédito,Sucursal
2454,2023-10-08,318,16,10,1,954116,0,Mercado Pago,Sucursal
2455,2022-04-25,177,12,5,1,1844344,0,Tarjeta de Crédito,Online
2456,2024-01-15,1107,19,6,1,1030169,15,Tarjeta de Débito,Sucursal
2457,2025-03-07,285,18,7,1,1042885,0,Tarjeta de Crédito,Online
2458,2024-09-18,111,15,17,3,2254306,20,Tarjeta de Débito,Sucursal
2459,2023-04-20,40,15,19,2,2254306,0,Tarjeta de Débito,Sucursal
2460,2025-07-07,1022,21,8,1,1989781,20,Tarjeta de Débito,Sucursal
2461,2024-04-18,1154,13,2,1,1102174,0,Mercado Pago,Sucursal
2462,2022-06-03,1506,7,7,1,1778736,0,Tarjeta de Crédito,Sucursal
2463,2021-07-13,1658,16,16,1,954116,0,Transferencia,Online
2464,2022-04-15,1919,15,9,1,2254306,0,Tarjeta de Crédito,Online
2465,2024-12-03,155,9,5,1,944582,0,Tarjeta de Crédito,Online
2466,2021-11-21,1744,4,4,1,2160479,10,Tarjeta de Débito,Sucursal
2467,2021-10-26,691,4,7,2,2160479,0,Tarjeta de Crédito,Online
2468,2021-08-25,32,10,3,2,2261684,0,Tarjeta de Crédito,Sucursal
2469,2026-05-06,967,21,10,2,1989781,5,Transferencia,Sucursal
2470,2024-07-05,1861,1,17,1,934942,0,Tarjeta de Débito,Sucursal
2471,2026-02-19,1804,25,16,1,1853677,0,Tarjeta de Crédito,Online
2472,2022-04-10,563,9,11,1,944582,0,Tarjeta de Crédito,Sucursal
2473,2025-08-11,435,21,10,2,1989781,0,Tarjeta de Crédito,Sucursal
2474,2025-05-15,721,22,5,1,1797606,0,Tarjeta de Crédito,Sucursal
2475,2024-04-18,969,5,14,4,658866,10,Tarjeta de Débito,Sucursal
2476,2021-11-25,1960,3,3,3,1748036,0,Tarjeta de Crédito,Online
2477,2025-12-23,1744,9,17,1,944582,5,Tarjeta de Crédito,Online
2478,2024-05-09,485,4,5,1,2160479,0,Tarjeta de Débito,Sucursal
2479,2023-08-09,80,1,8,2,934942,0,Tarjeta de Débito,Sucursal
2480,2025-03-30,1034,11,5,1,1298880,0,Tarjeta de Débito,Sucursal
2481,2021-09-21,790,23,11,1,1928958,5,Tarjeta de Débito,Online
2482,2023-04-28,1917,11,11,1,1298880,0,Tarjeta de Débito,Sucursal
2483,2024-06-07,985,25,16,1,1853677,5,Transferencia,Sucursal
2484,2022-07-07,237,7,10,1,1778736,10,Tarjeta de Crédito,Sucursal
2485,2025-12-18,1827,10,2,1,2261684,15,Tarjeta de Débito,Online
2486,2021-09-24,1922,17,10,1,1455169,15,Efectivo,Sucursal
2487,2022-05-20,1900,14,2,2,2132068,0,Tarjeta de Crédito,Sucursal
2488,2022-09-13,680,4,11,2,2160479,15,Tarjeta de Crédito,Sucursal
2489,2023-06-17,311,4,1,2,2160479,0,Tarjeta de Crédito,Sucursal
2490,2022-12-17,442,21,19,1,1989781,0,Tarjeta de Crédito,Sucursal
2491,2022-11-05,1851,11,2,3,1298880,0,Mercado Pago,Online
2492,2025-06-17,394,6,15,1,1764687,10,Tarjeta de Débito,Sucursal
2493,2022-10-12,437,12,14,1,1844344,0,Tarjeta de Crédito,Sucursal
2494,2022-03-04,1187,4,16,2,2160479,5,Tarjeta de Crédito,Online
2495,2026-06-05,1572,16,17,2,954116,0,Tarjeta de Crédito,Sucursal
2496,2021-10-08,1141,8,15,1,1661179,0,Tarjeta de Crédito,Online
2497,2022-02-13,1748,2,4,3,1484902,20,Tarjeta de Crédito,Online
2498,2022-10-04,1660,9,16,1,944582,0,Transferencia,Online
2499,2025-11-21,1795,1,3,2,934942,10,Tarjeta de Débito,Online
2500,2021-11-04,1543,13,7,2,1102174,0,Tarjeta de Débito,Sucursal
2501,2023-03-17,518,1,19,1,934942,5,Tarjeta de Crédito,Sucursal
2502,2025-08-18,85,9,3,1,944582,0,Tarjeta de Crédito,Sucursal
2503,2026-01-30,1860,12,15,2,1844344,15,Mercado Pago,Online
2504,2024-08-01,1542,6,5,1,1764687,30,Tarjeta de Crédito,Sucursal
2505,2023-12-01,744,16,20,1,954116,5,Tarjeta de Crédito,Online
2506,2022-02-09,269,17,10,1,1455169,20,Tarjeta de Crédito,Online
2507,2023-09-24,521,5,9,1,658866,0,Tarjeta de Crédito,Sucursal
2508,2024-12-24,1897,14,19,1,2132068,20,Transferencia,Sucursal
2509,2025-08-15,1898,15,20,2,2254306,0,Transferencia,Online
2510,2023-04-13,517,22,6,1,1797606,10,Tarjeta de Crédito,Sucursal
2511,2024-06-10,1474,20,8,2,2236130,10,Tarjeta de Crédito,Sucursal
2512,2024-08-08,1037,5,12,1,658866,10,Tarjeta de Débito,Sucursal
2513,2022-02-22,1213,1,10,1,934942,10,Tarjeta de Crédito,Online
2514,2023-02-13,344,11,4,2,1298880,15,Mercado Pago,Sucursal
2515,2025-10-26,1148,7,8,1,1778736,0,Transferencia,Sucursal
2516,2022-12-19,284,25,15,1,1853677,0,Transferencia,Sucursal
2517,2022-12-20,1083,24,15,1,1763627,0,Tarjeta de Crédito,Sucursal
2518,2025-02-14,345,25,14,1,1853677,10,Efectivo,Sucursal
2519,2022-08-28,1554,8,9,1,1661179,5,Tarjeta de Crédito,Online
2520,2025-02-23,1798,22,9,1,1797606,15,Tarjeta de Crédito,Sucursal
2521,2022-06-19,473,17,12,2,1455169,0,Tarjeta de Crédito,Online
2522,2024-03-21,253,10,1,2,2261684,15,Tarjeta de Débito,Sucursal
2523,2024-01-21,1041,23,17,1,1928958,30,Tarjeta de Débito,Sucursal
2524,2025-12-04,1846,6,7,2,1764687,5,Tarjeta de Crédito,Sucursal
2525,2023-11-30,95,11,19,3,1298880,0,Mercado Pago,Sucursal
2526,2023-08-29,1752,4,18,2,2160479,5,Tarjeta de Crédito,Sucursal
2527,2024-12-20,470,20,16,2,2236130,5,Efectivo,Online
2528,2026-02-06,566,15,9,3,2254306,0,Mercado Pago,Online
2529,2024-01-20,262,7,4,1,1778736,0,Tarjeta de Crédito,Sucursal
2530,2022-07-26,354,17,3,1,1455169,5,Mercado Pago,Sucursal
2531,2023-09-23,1609,24,7,1,1763627,0,Transferencia,Online
2532,2022-06-07,605,20,1,2,2236130,0,Tarjeta de Crédito,Sucursal
2533,2026-02-08,435,24,15,1,1763627,0,Tarjeta de Crédito,Sucursal
2534,2023-06-25,247,9,7,1,944582,0,Tarjeta de Crédito,Online
2535,2025-12-19,471,7,1,3,1778736,10,Tarjeta de Crédito,Sucursal
2536,2024-06-20,1565,7,2,1,1778736,0,Tarjeta de Crédito,Sucursal
2537,2024-10-19,914,17,20,1,1455169,0,Tarjeta de Débito,Sucursal
2538,2021-07-09,750,21,4,1,1989781,5,Tarjeta de Crédito,Online
2539,2022-12-15,840,14,9,3,2132068,20,Transferencia,Sucursal
2540,2026-01-31,595,15,18,2,2254306,0,Tarjeta de Crédito,Online
2541,2026-02-01,806,11,10,1,1298880,0,Mercado Pago,Online
2542,2022-05-02,837,19,18,3,1030169,5,Tarjeta de Débito,Sucursal
2543,2026-05-28,383,5,9,1,658866,10,Tarjeta de Crédito,Sucursal
2544,2026-04-02,1022,7,15,1,1778736,0,Transferencia,Online
2545,2024-09-17,649,19,15,1,1030169,0,Transferencia,Online
2546,2023-10-16,1109,10,14,1,2261684,0,Mercado Pago,Sucursal
2547,2025-03-30,460,1,2,2,934942,0,Transferencia,Sucursal
2548,2023-12-10,1548,16,12,1,954116,15,Mercado Pago,Online
2549,2022-05-25,2000,7,19,2,1778736,20,Tarjeta de Débito,Sucursal
2550,2024-11-20,644,19,6,2,1030169,0,Transferencia,Sucursal
2551,2026-06-16,1362,17,6,1,1455169,5,Tarjeta de Débito,Sucursal
2552,2021-12-31,807,5,17,4,658866,0,Tarjeta de Crédito,Sucursal
2553,2025-04-02,439,20,15,1,2236130,0,Tarjeta de Crédito,Sucursal
2554,2025-05-18,1600,7,10,1,1778736,0,Mercado Pago,Online
2555,2025-02-16,670,3,19,1,1748036,0,Mercado Pago,Sucursal
2556,2026-01-11,1906,8,7,2,1661179,10,Mercado Pago,Online
2557,2025-10-17,426,7,9,3,1778736,0,Tarjeta de Débito,Online
2558,2022-04-13,81,7,17,1,1778736,0,Tarjeta de Crédito,Online
2559,2022-05-31,1706,18,11,2,1042885,30,Mercado Pago,Online
2560,2023-10-22,1390,7,2,1,1778736,0,Tarjeta de Crédito,Online
2561,2026-05-27,4,21,12,2,1989781,15,Mercado Pago,Sucursal
2562,2026-03-06,1552,21,15,2,1989781,0,Transferencia,Online
2563,2026-01-02,1893,15,15,1,2254306,0,Mercado Pago,Online
2564,2022-07-19,264,16,8,1,954116,0,Mercado Pago,Sucursal
2565,2024-02-29,768,7,14,1,1778736,0,Tarjeta de Crédito,Sucursal
2566,2023-09-03,835,2,8,2,1484902,15,Transferencia,Sucursal
2567,2021-10-11,59,14,18,1,2132068,0,Tarjeta de Crédito,Sucursal
2568,2025-11-23,847,1,17,2,934942,0,Tarjeta de Crédito,Sucursal
2569,2021-12-11,1010,15,13,4,2254306,10,Mercado Pago,Sucursal
2570,2022-04-27,565,23,3,1,1928958,0,Tarjeta de Crédito,Sucursal
2571,2024-05-24,1925,15,8,1,2254306,0,Tarjeta de Crédito,Sucursal
2572,2022-12-18,283,2,6,2,1484902,0,Transferencia,Online
2573,2023-02-02,647,6,6,2,1764687,0,Tarjeta de Débito,Sucursal
2574,2025-10-23,1790,16,8,1,954116,5,Tarjeta de Débito,Sucursal
2575,2024-10-17,8,10,14,1,2261684,20,Mercado Pago,Sucursal
2576,2022-01-17,1360,7,14,3,1778736,0,Mercado Pago,Sucursal
2577,2025-02-14,1724,21,16,1,1989781,0,Tarjeta de Crédito,Online
2578,2022-05-21,1070,13,5,1,1102174,0,Tarjeta de Crédito,Sucursal
2579,2022-12-19,1422,2,6,3,1484902,0,Tarjeta de Crédito,Sucursal
2580,2025-03-01,823,23,5,1,1928958,0,Mercado Pago,Sucursal
2581,2025-01-22,487,9,6,1,944582,5,Tarjeta de Crédito,Sucursal
2582,2025-01-31,569,5,3,1,658866,0,Tarjeta de Crédito,Online
2583,2023-04-01,1532,15,17,1,2254306,0,Mercado Pago,Online
2584,2025-05-02,467,11,7,1,1298880,5,Tarjeta de Crédito,Sucursal
2585,2025-01-23,1504,11,19,1,1298880,0,Tarjeta de Crédito,Sucursal
2586,2024-05-03,514,3,19,1,1748036,10,Mercado Pago,Sucursal
2587,2024-04-26,1217,9,3,1,944582,10,Tarjeta de Débito,Sucursal
2588,2022-02-13,1737,21,11,2,1989781,20,Tarjeta de Crédito,Sucursal
2589,2025-09-20,1959,6,14,1,1764687,0,Mercado Pago,Sucursal
2590,2023-08-06,581,7,18,3,1778736,0,Tarjeta de Débito,Sucursal
2591,2021-11-12,550,16,20,2,954116,0,Mercado Pago,Sucursal
2592,2025-12-08,81,22,13,2,1797606,15,Tarjeta de Crédito,Sucursal
2593,2022-02-06,984,16,7,1,954116,10,Tarjeta de Crédito,Sucursal
2594,2023-03-01,616,19,8,1,1030169,20,Tarjeta de Débito,Sucursal
2595,2025-03-13,829,1,15,1,934942,0,Transferencia,Sucursal
2596,2024-08-12,1988,7,13,1,1778736,0,Tarjeta de Débito,Sucursal
2597,2022-11-05,592,14,13,1,2132068,0,Tarjeta de Débito,Sucursal
2598,2025-07-30,1079,8,13,1,1661179,15,Transferencia,Sucursal
2599,2026-02-10,1803,11,17,2,1298880,20,Tarjeta de Débito,Sucursal
2600,2024-11-23,916,7,11,1,1778736,5,Tarjeta de Crédito,Sucursal
2601,2022-09-26,1638,3,15,1,1748036,0,Efectivo,Sucursal
2602,2026-06-16,1393,20,6,1,2236130,10,Tarjeta de Débito,Sucursal
2603,2023-05-19,759,7,1,1,1778736,5,Efectivo,Sucursal
2604,2024-05-12,156,14,16,1,2132068,0,Efectivo,Sucursal
2605,2025-04-10,1273,11,17,2,1298880,20,Tarjeta de Débito,Sucursal
2606,2025-04-04,1593,1,9,1,934942,5,Tarjeta de Débito,Sucursal
2607,2025-11-02,183,8,4,1,1661179,0,Tarjeta de Crédito,Online
2608,2024-07-20,1435,19,11,3,1030169,10,Mercado Pago,Online
2609,2025-08-08,590,22,12,3,1797606,0,Tarjeta de Crédito,Online
2610,2024-01-20,1359,12,8,1,1844344,0,Mercado Pago,Online
2611,2023-04-14,1879,5,16,1,658866,5,Tarjeta de Débito,Sucursal
2612,2024-12-23,1115,25,15,1,1853677,5,Tarjeta de Débito,Sucursal
2613,2022-12-26,659,7,2,1,1778736,0,Transferencia,Sucursal
2614,2024-02-14,89,23,19,1,1928958,0,Tarjeta de Crédito,Sucursal
2615,2024-07-23,758,4,7,1,2160479,20,Transferencia,Online
2616,2025-10-10,1507,3,16,1,1748036,0,Tarjeta de Débito,Online
2617,2024-11-24,1631,20,2,1,2236130,0,Tarjeta de Crédito,Sucursal
2618,2024-08-10,631,20,15,1,2236130,0,Tarjeta de Débito,Sucursal
2619,2025-03-10,1303,13,5,4,1102174,0,Tarjeta de Débito,Sucursal
2620,2026-04-06,234,7,10,2,1778736,0,Tarjeta de Débito,Online
2621,2025-02-05,625,5,13,2,658866,0,Tarjeta de Débito,Sucursal
2622,2026-01-06,1531,25,13,1,1853677,20,Transferencia,Sucursal
2623,2024-09-06,184,19,3,3,1030169,0,Transferencia,Sucursal
2624,2025-05-24,144,18,16,1,1042885,10,Tarjeta de Débito,Online
2625,2023-04-04,1588,13,7,1,1102174,5,Tarjeta de Débito,Online
2626,2026-06-22,787,23,7,3,1928958,0,Tarjeta de Crédito,Sucursal
2627,2025-08-22,1121,5,6,2,658866,5,Mercado Pago,Sucursal
2628,2025-09-14,1947,4,17,2,2160479,0,Tarjeta de Crédito,Sucursal
2629,2026-02-28,1563,18,1,1,1042885,0,Transferencia,Sucursal
2630,2025-02-22,1659,3,9,2,1748036,0,Transferencia,Sucursal
2631,2022-02-21,752,25,12,1,1853677,0,Mercado Pago,Sucursal
2632,2024-11-30,1259,14,9,1,2132068,0,Mercado Pago,Sucursal
2633,2024-06-05,562,13,17,1,1102174,15,Mercado Pago,Online
2634,2021-10-20,269,9,4,1,944582,0,Tarjeta de Débito,Sucursal
2635,2022-12-06,1279,14,6,1,2132068,15,Tarjeta de Débito,Online
2636,2023-05-17,743,19,20,2,1030169,0,Tarjeta de Crédito,Sucursal
2637,2021-09-15,1165,13,9,1,1102174,0,Efectivo,Online
2638,2022-07-02,1745,14,18,2,2132068,0,Mercado Pago,Sucursal
2639,2025-02-01,688,3,12,1,1748036,0,Tarjeta de Crédito,Online
2640,2024-05-16,1827,22,14,1,1797606,15,Transferencia,Sucursal
2641,2023-04-01,4,9,17,5,944582,15,Tarjeta de Crédito,Online
2642,2022-02-01,177,1,13,1,934942,0,Transferencia,Online
2643,2025-04-03,952,3,2,1,1748036,0,Transferencia,Online
2644,2024-12-18,1463,22,1,1,1797606,0,Tarjeta de Crédito,Sucursal
2645,2024-01-03,1227,8,1,1,1661179,0,Mercado Pago,Sucursal
2646,2025-03-06,436,18,10,1,1042885,0,Tarjeta de Crédito,Online
2647,2024-10-02,417,9,7,1,944582,0,Tarjeta de Débito,Online
2648,2026-06-13,1565,18,11,1,1042885,15,Mercado Pago,Online
2649,2023-09-19,320,8,11,1,1661179,10,Tarjeta de Crédito,Online
2650,2024-04-26,1734,10,6,1,2261684,5,Tarjeta de Crédito,Online
2651,2026-05-20,333,18,2,1,1042885,0,Tarjeta de Crédito,Sucursal
2652,2025-12-06,973,8,8,1,1661179,0,Tarjeta de Crédito,Online
2653,2026-02-04,1127,4,11,3,2160479,10,Tarjeta de Débito,Sucursal
2654,2023-03-02,1547,4,13,2,2160479,0,Tarjeta de Débito,Online
2655,2022-12-25,1772,19,18,3,1030169,0,Tarjeta de Crédito,Sucursal
2656,2022-11-27,826,15,20,1,2254306,10,Tarjeta de Crédito,Sucursal
2657,2022-05-06,1125,25,5,2,1853677,20,Tarjeta de Crédito,Sucursal
2658,2024-07-12,1215,4,4,1,2160479,20,Mercado Pago,Sucursal
2659,2024-02-07,1056,24,2,1,1763627,5,Tarjeta de Crédito,Sucursal
2660,2022-07-29,1638,19,1,1,1030169,0,Tarjeta de Crédito,Sucursal
2661,2023-01-08,1338,1,16,1,934942,0,Mercado Pago,Sucursal
2662,2026-03-11,1257,12,4,1,1844344,5,Tarjeta de Débito,Online
2663,2026-06-15,1773,25,16,1,1853677,0,Transferencia,Sucursal
2664,2026-06-13,1560,5,9,1,658866,0,Tarjeta de Crédito,Online
2665,2022-06-17,1892,21,3,2,1989781,20,Tarjeta de Crédito,Online
2666,2021-10-11,1308,10,16,4,2261684,0,Tarjeta de Crédito,Online
2667,2026-06-08,196,23,11,1,1928958,0,Tarjeta de Crédito,Online
2668,2023-10-04,1888,11,13,1,1298880,5,Tarjeta de Crédito,Sucursal
2669,2022-06-28,965,13,19,1,1102174,5,Tarjeta de Crédito,Sucursal
2670,2023-06-02,113,11,9,1,1298880,0,Transferencia,Sucursal
2671,2024-11-29,560,9,7,1,944582,5,Tarjeta de Crédito,Sucursal
2672,2025-01-23,1376,3,2,1,1748036,0,Transferencia,Sucursal
2673,2021-09-18,900,5,14,3,658866,0,Tarjeta de Crédito,Online
2674,2023-12-15,1594,4,17,1,2160479,0,Tarjeta de Crédito,Sucursal
2675,2021-11-22,850,22,3,1,1797606,0,Tarjeta de Débito,Online
2676,2024-12-12,515,8,1,1,1661179,20,Tarjeta de Crédito,Sucursal
2677,2023-12-06,1221,14,13,2,2132068,0,Tarjeta de Débito,Sucursal
2678,2025-06-13,533,7,1,1,1778736,20,Mercado Pago,Sucursal
2679,2024-09-11,1061,7,16,1,1778736,10,Tarjeta de Crédito,Sucursal
2680,2024-08-06,953,24,20,1,1763627,0,Tarjeta de Débito,Online
2681,2022-10-11,1691,18,10,3,1042885,10,Tarjeta de Crédito,Online
2682,2021-07-19,986,7,8,1,1778736,0,Mercado Pago,Sucursal
2683,2025-05-20,1393,19,10,1,1030169,10,Mercado Pago,Sucursal
2684,2026-06-20,1894,4,6,2,2160479,10,Mercado Pago,Sucursal
2685,2026-04-05,1366,1,6,1,934942,0,Tarjeta de Crédito,Online
2686,2025-05-15,1553,9,20,1,944582,0,Tarjeta de Débito,Sucursal
2687,2024-09-23,572,8,3,1,1661179,0,Mercado Pago,Online
2688,2021-08-07,1014,15,18,1,2254306,0,Tarjeta de Crédito,Sucursal
2689,2022-12-11,121,15,8,1,2254306,20,Tarjeta de Débito,Sucursal
2690,2022-02-15,1644,16,1,2,954116,0,Transferencia,Sucursal
2691,2025-07-25,92,10,4,3,2261684,5,Transferencia,Online
2692,2025-05-26,1256,11,14,1,1298880,0,Tarjeta de Crédito,Online
2693,2022-03-03,1943,11,18,2,1298880,0,Tarjeta de Débito,Sucursal
2694,2023-01-17,1641,4,17,1,2160479,0,Tarjeta de Crédito,Sucursal
2695,2023-02-24,1752,10,4,1,2261684,15,Tarjeta de Débito,Online
2696,2022-03-28,1742,1,5,1,934942,0,Mercado Pago,Online
2697,2021-11-17,1697,1,19,1,934942,0,Tarjeta de Débito,Sucursal
2698,2021-11-07,148,24,20,1,1763627,0,Mercado Pago,Online
2699,2022-01-10,27,12,18,3,1844344,0,Tarjeta de Crédito,Sucursal
2700,2025-02-14,533,9,7,2,944582,0,Mercado Pago,Online
2701,2026-05-26,1955,12,5,1,1844344,0,Tarjeta de Crédito,Online
2702,2021-08-02,1413,21,20,1,1989781,0,Tarjeta de Débito,Sucursal
2703,2026-04-20,1799,23,4,2,1928958,0,Transferencia,Sucursal
2704,2023-07-22,728,14,14,1,2132068,0,Mercado Pago,Online
2705,2024-07-29,1208,7,12,2,1778736,0,Tarjeta de Crédito,Online
2706,2025-06-25,930,10,11,3,2261684,0,Tarjeta de Débito,Sucursal
2707,2022-10-25,1116,12,1,1,1844344,0,Mercado Pago,Sucursal
2708,2023-07-09,1207,3,19,1,1748036,0,Tarjeta de Crédito,Sucursal
2709,2021-09-04,1807,22,4,1,1797606,5,Tarjeta de Crédito,Sucursal
2710,2023-07-09,121,5,18,2,658866,0,Transferencia,Sucursal
2711,2021-08-25,267,19,16,1,1030169,15,Tarjeta de Crédito,Online
2712,2025-08-21,1177,15,5,1,2254306,0,Tarjeta de Crédito,Sucursal
2713,2024-07-06,1720,20,18,1,2236130,10,Tarjeta de Débito,Online
2714,2023-05-04,76,8,9,2,1661179,20,Mercado Pago,Sucursal
2715,2024-10-28,318,13,1,1,1102174,0,Tarjeta de Crédito,Sucursal
2716,2022-10-17,1819,13,6,3,1102174,0,Tarjeta de Crédito,Online
2717,2024-10-28,533,11,16,1,1298880,0,Transferencia,Sucursal
2718,2025-12-19,1556,10,12,1,2261684,10,Tarjeta de Crédito,Sucursal
2719,2025-01-13,78,4,13,1,2160479,10,Tarjeta de Crédito,Sucursal
2720,2026-01-23,865,10,17,1,2261684,5,Tarjeta de Crédito,Sucursal
2721,2025-06-19,972,1,1,2,934942,0,Tarjeta de Crédito,Sucursal
2722,2023-12-04,371,2,8,1,1484902,0,Mercado Pago,Sucursal
2723,2022-02-21,408,15,3,1,2254306,0,Tarjeta de Crédito,Sucursal
2724,2023-04-23,525,14,18,1,2132068,20,Tarjeta de Crédito,Online
2725,2023-05-14,442,23,7,1,1928958,10,Mercado Pago,Online
2726,2021-11-23,29,23,16,2,1928958,0,Mercado Pago,Sucursal
2727,2022-09-03,278,10,4,1,2261684,0,Mercado Pago,Sucursal
2728,2023-03-07,1851,24,12,1,1763627,0,Tarjeta de Crédito,Sucursal
2729,2023-12-16,965,11,19,1,1298880,5,Transferencia,Sucursal
2730,2026-02-07,73,22,9,1,1797606,30,Mercado Pago,Sucursal
2731,2023-05-21,508,5,2,1,658866,0,Tarjeta de Crédito,Online
2732,2021-11-22,58,6,5,1,1764687,0,Efectivo,Sucursal
2733,2026-01-20,83,1,10,1,934942,0,Tarjeta de Crédito,Sucursal
2734,2024-10-19,466,7,1,1,1778736,5,Tarjeta de Crédito,Online
2735,2022-09-01,1049,5,13,1,658866,0,Tarjeta de Crédito,Online
2736,2023-06-01,1724,21,11,1,1989781,20,Mercado Pago,Sucursal
2737,2021-11-30,1647,23,20,3,1928958,0,Mercado Pago,Online
2738,2024-03-21,176,18,9,1,1042885,0,Tarjeta de Débito,Sucursal
2739,2024-03-13,1913,11,17,1,1298880,0,Tarjeta de Débito,Sucursal
2740,2021-12-24,567,16,12,2,954116,0,Transferencia,Sucursal
2741,2023-10-03,1789,4,9,1,2160479,0,Mercado Pago,Sucursal
2742,2024-12-21,1153,4,18,1,2160479,0,Transferencia,Sucursal
2743,2024-11-25,1779,17,2,2,1455169,0,Tarjeta de Débito,Online
2744,2023-08-09,1694,15,3,2,2254306,0,Mercado Pago,Sucursal
2745,2024-05-04,288,22,11,1,1797606,0,Mercado Pago,Online
2746,2024-12-18,841,11,16,1,1298880,15,Efectivo,Sucursal
2747,2022-09-06,1961,16,2,1,954116,0,Tarjeta de Débito,Sucursal
2748,2023-11-07,1479,19,17,1,1030169,20,Tarjeta de Crédito,Sucursal
2749,2023-01-13,1969,22,19,1,1797606,0,Tarjeta de Crédito,Sucursal
2750,2024-02-23,1256,16,3,1,954116,0,Tarjeta de Crédito,Sucursal
2751,2024-08-13,1073,14,3,1,2132068,0,Transferencia,Sucursal
2752,2026-05-30,934,22,16,2,1797606,20,Tarjeta de Débito,Sucursal
2753,2025-01-15,1503,5,12,1,658866,20,Efectivo,Sucursal
2754,2023-09-30,827,8,16,2,1661179,0,Transferencia,Sucursal
2755,2024-12-16,285,3,20,1,1748036,0,Tarjeta de Crédito,Sucursal
2756,2021-08-14,199,23,7,1,1928958,10,Tarjeta de Débito,Sucursal
2757,2023-06-01,435,10,9,1,2261684,0,Tarjeta de Crédito,Sucursal
2758,2024-11-18,688,13,2,1,1102174,15,Tarjeta de Débito,Online
2759,2026-07-02,1970,6,3,2,1764687,0,Tarjeta de Crédito,Sucursal
2760,2025-02-19,1440,8,10,2,1661179,5,Tarjeta de Débito,Online
2761,2023-07-19,265,9,3,1,944582,10,Tarjeta de Débito,Sucursal
2762,2025-03-29,932,7,5,2,1778736,0,Mercado Pago,Sucursal
2763,2024-02-21,1293,12,13,1,1844344,0,Transferencia,Sucursal
2764,2024-03-22,63,25,16,3,1853677,20,Tarjeta de Débito,Sucursal
2765,2024-02-09,1202,19,4,1,1030169,0,Mercado Pago,Sucursal
2766,2021-12-13,646,12,16,5,1844344,10,Transferencia,Sucursal
2767,2025-08-10,1143,3,1,3,1748036,0,Tarjeta de Crédito,Sucursal
2768,2024-04-01,1649,13,17,3,1102174,0,Tarjeta de Crédito,Sucursal
2769,2021-12-01,1533,21,13,2,1989781,0,Mercado Pago,Online
2770,2022-02-20,1865,12,16,1,1844344,0,Tarjeta de Débito,Sucursal
2771,2025-02-07,1572,7,6,1,1778736,0,Tarjeta de Crédito,Online
2772,2024-09-25,1485,4,10,1,2160479,10,Efectivo,Online
2773,2025-11-28,1808,17,1,1,1455169,5,Tarjeta de Crédito,Online
2774,2024-03-16,237,22,19,1,1797606,0,Tarjeta de Crédito,Sucursal
2775,2024-02-17,628,20,10,2,2236130,0,Tarjeta de Débito,Online
2776,2026-03-29,1425,9,9,1,944582,0,Tarjeta de Débito,Online
2777,2023-06-17,1854,3,18,3,1748036,10,Mercado Pago,Online
2778,2024-01-10,1142,6,20,1,1764687,10,Tarjeta de Débito,Sucursal
2779,2023-01-19,923,4,16,1,2160479,0,Tarjeta de Crédito,Sucursal
2780,2024-06-02,901,11,11,3,1298880,5,Tarjeta de Débito,Online
2781,2024-04-05,678,19,16,1,1030169,10,Tarjeta de Crédito,Sucursal
2782,2024-06-11,1597,4,10,1,2160479,5,Tarjeta de Crédito,Sucursal
2783,2021-11-02,1393,2,2,1,1484902,15,Efectivo,Sucursal
2784,2024-11-08,333,3,13,1,1748036,5,Tarjeta de Crédito,Sucursal
2785,2026-04-24,130,20,14,1,2236130,10,Efectivo,Sucursal
2786,2022-10-06,340,6,6,1,1764687,5,Tarjeta de Crédito,Sucursal
2787,2022-01-21,970,16,18,1,954116,0,Tarjeta de Crédito,Sucursal
2788,2021-10-03,644,20,11,2,2236130,0,Mercado Pago,Sucursal
2789,2022-01-03,1712,3,9,1,1748036,0,Mercado Pago,Sucursal
2790,2022-05-06,1925,25,13,2,1853677,0,Transferencia,Online
2791,2025-08-27,1524,18,4,1,1042885,20,Tarjeta de Débito,Online
2792,2024-04-25,974,25,2,2,1853677,0,Tarjeta de Crédito,Sucursal
2793,2023-12-16,812,9,20,3,944582,0,Mercado Pago,Online
2794,2024-12-07,189,14,7,1,2132068,0,Mercado Pago,Online
2795,2022-02-04,82,25,10,2,1853677,0,Tarjeta de Crédito,Online
2796,2023-12-20,611,2,8,1,1484902,0,Tarjeta de Crédito,Sucursal
2797,2023-06-21,1007,20,17,1,2236130,5,Tarjeta de Crédito,Sucursal
2798,2022-11-07,552,2,17,1,1484902,20,Tarjeta de Crédito,Online
2799,2026-02-24,1405,20,13,1,2236130,10,Tarjeta de Crédito,Sucursal
2800,2023-08-10,1155,8,2,1,1661179,20,Transferencia,Online
2801,2026-06-20,848,18,1,1,1042885,0,Tarjeta de Débito,Sucursal
2802,2023-12-02,1494,9,1,1,944582,0,Tarjeta de Crédito,Sucursal
2803,2022-03-22,1810,17,11,1,1455169,0,Mercado Pago,Sucursal
2804,2025-12-03,815,13,3,1,1102174,0,Mercado Pago,Sucursal
2805,2025-06-02,173,25,17,1,1853677,5,Mercado Pago,Online
2806,2024-02-11,391,7,13,1,1778736,5,Mercado Pago,Sucursal
2807,2023-07-06,1313,10,11,1,2261684,0,Tarjeta de Débito,Sucursal
2808,2025-03-19,1137,13,10,1,1102174,0,Tarjeta de Crédito,Online
2809,2022-10-23,262,15,4,1,2254306,0,Transferencia,Online
2810,2022-04-08,217,23,17,1,1928958,0,Tarjeta de Crédito,Sucursal
2811,2026-02-13,1248,8,1,1,1661179,0,Mercado Pago,Online
2812,2025-06-05,194,14,9,2,2132068,5,Tarjeta de Crédito,Sucursal
2813,2023-02-18,1064,16,11,1,954116,0,Transferencia,Sucursal
2814,2026-03-22,1010,10,9,1,2261684,15,Tarjeta de Crédito,Sucursal
2815,2024-07-26,513,9,7,2,944582,0,Tarjeta de Débito,Sucursal
2816,2022-07-17,1199,9,17,1,944582,0,Mercado Pago,Sucursal
2817,2025-08-20,1432,18,2,1,1042885,5,Tarjeta de Débito,Online
2818,2021-10-09,886,5,20,3,658866,0,Tarjeta de Crédito,Sucursal
2819,2024-07-12,1960,16,2,1,954116,0,Tarjeta de Débito,Online
2820,2024-05-08,1975,17,6,3,1455169,0,Tarjeta de Débito,Online
2821,2024-03-06,1169,9,5,1,944582,10,Tarjeta de Crédito,Online
2822,2023-05-10,1881,22,4,1,1797606,0,Mercado Pago,Sucursal
2823,2025-01-16,231,19,5,3,1030169,0,Tarjeta de Crédito,Sucursal
2824,2026-01-17,1763,20,14,1,2236130,0,Efectivo,Online
2825,2026-06-05,951,24,6,1,1763627,0,Tarjeta de Crédito,Sucursal
2826,2021-12-28,968,16,1,2,954116,0,Efectivo,Online
2827,2024-11-09,1231,5,14,1,658866,15,Tarjeta de Crédito,Sucursal
2828,2024-11-03,1185,2,3,1,1484902,0,Tarjeta de Débito,Sucursal
2829,2023-06-26,150,17,18,1,1455169,0,Tarjeta de Crédito,Sucursal
2830,2025-05-13,1644,23,10,3,1928958,0,Efectivo,Sucursal
2831,2022-07-17,1278,14,12,1,2132068,15,Tarjeta de Crédito,Sucursal
2832,2025-11-18,1852,15,5,2,2254306,10,Tarjeta de Crédito,Sucursal
2833,2026-05-02,1483,9,2,1,944582,10,Tarjeta de Crédito,Sucursal
2834,2026-03-20,1203,23,14,1,1928958,5,Mercado Pago,Sucursal
2835,2022-01-13,1519,15,4,3,2254306,5,Tarjeta de Crédito,Online
2836,2025-03-25,565,10,15,4,2261684,5,Tarjeta de Crédito,Online
2837,2026-01-23,867,13,19,1,1102174,0,Transferencia,Online
2838,2024-06-05,1687,5,11,1,658866,10,Mercado Pago,Sucursal
2839,2024-05-28,986,7,7,1,1778736,0,Mercado Pago,Sucursal
2840,2021-08-20,234,1,7,1,934942,20,Mercado Pago,Online
2841,2024-07-26,397,18,1,1,1042885,0,Tarjeta de Crédito,Sucursal
2842,2022-07-21,1109,9,7,1,944582,20,Tarjeta de Débito,Online
2843,2023-06-11,1107,5,9,1,658866,0,Transferencia,Online
2844,2022-06-18,1384,12,7,1,1844344,5,Tarjeta de Crédito,Sucursal
2845,2022-11-11,174,25,1,1,1853677,0,Mercado Pago,Online
2846,2026-03-19,861,12,3,3,1844344,0,Efectivo,Online
2847,2024-10-21,127,7,15,1,1778736,0,Mercado Pago,Sucursal
2848,2025-09-13,1695,22,14,4,1797606,0,Tarjeta de Crédito,Sucursal
2849,2022-04-05,440,19,18,4,1030169,0,Tarjeta de Crédito,Online
2850,2024-11-07,1925,3,17,1,1748036,0,Tarjeta de Débito,Online
2851,2023-02-07,1795,25,15,1,1853677,5,Transferencia,Online
2852,2022-08-21,235,9,12,1,944582,0,Mercado Pago,Sucursal
2853,2023-04-19,25,5,18,1,658866,0,Transferencia,Online
2854,2025-08-08,567,2,1,1,1484902,10,Transferencia,Sucursal
2855,2022-12-05,1063,7,10,1,1778736,10,Transferencia,Sucursal
2856,2022-12-16,1109,8,11,1,1661179,0,Tarjeta de Crédito,Online
2857,2023-01-15,113,5,17,1,658866,0,Tarjeta de Débito,Sucursal
2858,2022-07-31,1461,22,5,1,1797606,0,Tarjeta de Débito,Online
2859,2023-06-03,1533,25,5,1,1853677,0,Tarjeta de Débito,Sucursal
2860,2022-10-19,302,3,14,2,1748036,10,Mercado Pago,Online
2861,2026-05-12,80,17,14,1,1455169,0,Tarjeta de Crédito,Sucursal
2862,2022-02-02,583,12,10,1,1844344,0,Tarjeta de Crédito,Sucursal
2863,2024-05-07,1631,6,4,1,1764687,20,Tarjeta de Débito,Sucursal
2864,2025-01-03,454,11,1,1,1298880,10,Tarjeta de Débito,Sucursal
2865,2023-04-18,461,16,7,1,954116,0,Efectivo,Sucursal
2866,2025-06-05,164,1,14,1,934942,10,Tarjeta de Débito,Sucursal
2867,2025-08-14,368,15,15,1,2254306,0,Transferencia,Sucursal
2868,2024-01-18,596,10,16,5,2261684,10,Tarjeta de Crédito,Sucursal
2869,2024-01-11,463,3,12,1,1748036,0,Tarjeta de Débito,Sucursal
2870,2024-01-11,858,17,3,2,1455169,15,Transferencia,Sucursal
2871,2026-03-14,947,7,13,2,1778736,0,Mercado Pago,Online
2872,2024-05-30,1050,19,2,2,1030169,5,Tarjeta de Crédito,Online
2873,2021-11-20,111,9,10,2,944582,0,Tarjeta de Crédito,Sucursal
2874,2025-09-17,1665,21,20,2,1989781,0,Tarjeta de Crédito,Sucursal
2875,2023-04-08,1146,18,1,1,1042885,10,Tarjeta de Débito,Sucursal
2876,2022-12-09,442,7,13,1,1778736,5,Mercado Pago,Sucursal
2877,2022-05-18,1940,18,15,1,1042885,15,Tarjeta de Débito,Online
2878,2022-03-15,342,11,14,1,1298880,10,Tarjeta de Débito,Online
2879,2024-11-10,536,25,1,1,1853677,15,Tarjeta de Crédito,Online
2880,2022-12-23,879,22,18,1,1797606,0,Transferencia,Online
2881,2023-10-08,555,2,2,1,1484902,10,Tarjeta de Crédito,Sucursal
2882,2025-10-25,1742,17,8,1,1455169,0,Tarjeta de Débito,Online
2883,2022-05-01,867,25,17,1,1853677,15,Tarjeta de Crédito,Online
2884,2024-12-13,368,5,19,1,658866,0,Tarjeta de Crédito,Online
2885,2022-07-01,1102,22,2,2,1797606,0,Tarjeta de Crédito,Sucursal
2886,2024-06-19,1493,17,19,1,1455169,0,Tarjeta de Crédito,Sucursal
2887,2022-04-04,1020,7,12,1,1778736,0,Transferencia,Online
2888,2022-07-11,1283,18,19,1,1042885,5,Mercado Pago,Sucursal
2889,2023-01-31,454,23,19,1,1928958,0,Transferencia,Sucursal
2890,2021-07-18,1550,16,19,1,954116,0,Mercado Pago,Online
2891,2024-11-14,1445,21,4,1,1989781,5,Transferencia,Online
2892,2023-01-04,955,7,14,3,1778736,30,Tarjeta de Crédito,Sucursal
2893,2023-01-22,31,3,9,3,1748036,5,Tarjeta de Crédito,Sucursal
2894,2021-07-28,1461,22,12,1,1797606,10,Mercado Pago,Online
2895,2022-10-07,82,22,9,2,1797606,10,Tarjeta de Débito,Sucursal
2896,2026-05-12,1471,16,10,1,954116,0,Tarjeta de Crédito,Sucursal
2897,2026-01-05,126,12,13,1,1844344,0,Tarjeta de Crédito,Online
2898,2025-05-08,1256,3,3,2,1748036,0,Efectivo,Online
2899,2023-03-06,927,11,6,2,1298880,0,Mercado Pago,Sucursal
2900,2023-06-29,16,13,2,1,1102174,10,Mercado Pago,Sucursal
2901,2023-09-18,357,4,13,1,2160479,0,Tarjeta de Crédito,Sucursal
2902,2024-09-17,76,19,7,1,1030169,0,Mercado Pago,Sucursal
2903,2023-10-24,1823,21,11,1,1989781,10,Tarjeta de Crédito,Sucursal
2904,2023-01-19,1353,6,7,2,1764687,10,Tarjeta de Débito,Sucursal
2905,2024-07-13,584,2,7,1,1484902,0,Tarjeta de Crédito,Online
2906,2021-11-10,1020,5,19,1,658866,0,Mercado Pago,Sucursal
2907,2025-12-30,1706,25,17,1,1853677,0,Transferencia,Sucursal
2908,2025-01-09,748,25,19,1,1853677,0,Tarjeta de Crédito,Online
2909,2021-07-06,1203,14,14,1,2132068,0,Mercado Pago,Sucursal
2910,2024-11-18,160,7,18,1,1778736,10,Tarjeta de Débito,Sucursal
2911,2022-07-08,1413,12,6,2,1844344,0,Transferencia,Online
2912,2026-01-13,1791,17,2,1,1455169,15,Mercado Pago,Online
2913,2025-08-27,1580,14,14,1,2132068,10,Tarjeta de Crédito,Sucursal
2914,2021-10-04,1664,1,6,2,934942,30,Tarjeta de Crédito,Sucursal
2915,2022-08-30,1641,9,8,1,944582,0,Tarjeta de Crédito,Sucursal
2916,2026-01-20,946,7,3,1,1778736,0,Tarjeta de Débito,Sucursal
2917,2024-06-27,485,9,12,3,944582,5,Tarjeta de Crédito,Sucursal
2918,2024-06-27,1420,8,6,1,1661179,0,Mercado Pago,Online
2919,2022-05-01,1530,16,9,1,954116,0,Tarjeta de Crédito,Sucursal
2920,2025-07-25,1324,2,3,2,1484902,0,Tarjeta de Crédito,Sucursal
2921,2023-10-29,807,17,10,1,1455169,15,Transferencia,Sucursal
2922,2025-06-29,1225,25,19,1,1853677,20,Tarjeta de Crédito,Sucursal
2923,2025-07-12,584,7,9,1,1778736,10,Mercado Pago,Sucursal
2924,2021-08-14,1747,2,7,2,1484902,15,Tarjeta de Crédito,Online
2925,2023-08-27,513,15,18,1,2254306,0,Tarjeta de Crédito,Sucursal
2926,2026-02-07,806,10,16,1,2261684,20,Mercado Pago,Sucursal
2927,2025-11-27,1714,12,8,2,1844344,0,Tarjeta de Crédito,Sucursal
2928,2022-09-09,363,22,16,2,1797606,0,Tarjeta de Crédito,Sucursal
2929,2026-04-03,1134,20,7,1,2236130,0,Tarjeta de Crédito,Online
2930,2021-12-11,613,2,1,1,1484902,5,Tarjeta de Débito,Sucursal
2931,2026-02-06,26,11,17,1,1298880,5,Mercado Pago,Sucursal
2932,2024-05-20,1803,19,19,2,1030169,10,Transferencia,Sucursal
2933,2026-06-24,194,6,9,1,1764687,0,Tarjeta de Crédito,Online
2934,2026-01-20,304,12,7,4,1844344,5,Tarjeta de Crédito,Sucursal
2935,2024-11-27,1706,7,16,1,1778736,15,Mercado Pago,Sucursal
2936,2022-02-11,1177,10,8,1,2261684,0,Tarjeta de Débito,Sucursal
2937,2025-08-19,511,3,6,1,1748036,0,Tarjeta de Crédito,Sucursal
2938,2023-01-14,536,18,3,1,1042885,30,Transferencia,Online
2939,2022-06-14,544,13,9,1,1102174,0,Tarjeta de Crédito,Sucursal
2940,2022-09-02,63,8,20,1,1661179,0,Transferencia,Sucursal
2941,2026-04-22,569,19,5,1,1030169,0,Tarjeta de Débito,Sucursal
2942,2025-12-26,547,23,1,1,1928958,0,Transferencia,Online
2943,2021-09-15,1748,2,11,1,1484902,10,Mercado Pago,Sucursal
2944,2022-02-25,1721,12,4,2,1844344,0,Tarjeta de Crédito,Online
2945,2022-06-18,980,3,16,1,1748036,5,Tarjeta de Crédito,Sucursal
2946,2024-05-15,378,22,1,1,1797606,0,Tarjeta de Débito,Sucursal
2947,2023-12-17,1872,5,4,1,658866,10,Transferencia,Online
2948,2025-10-31,274,20,20,2,2236130,5,Tarjeta de Débito,Sucursal
2949,2025-05-07,328,15,13,1,2254306,0,Tarjeta de Débito,Sucursal
2950,2025-05-17,62,25,18,1,1853677,0,Tarjeta de Crédito,Sucursal
2951,2025-12-27,20,10,1,1,2261684,0,Tarjeta de Crédito,Sucursal
2952,2022-12-18,1409,6,17,1,1764687,0,Efectivo,Sucursal
2953,2024-02-18,312,12,11,2,1844344,0,Mercado Pago,Sucursal
2954,2024-04-06,1508,2,11,1,1484902,0,Tarjeta de Crédito,Sucursal
2955,2022-08-11,1506,1,9,1,934942,0,Tarjeta de Crédito,Sucursal
2956,2024-09-27,842,23,4,1,1928958,0,Tarjeta de Débito,Sucursal
2957,2026-06-14,1215,16,2,2,954116,0,Tarjeta de Débito,Sucursal
2958,2025-08-06,370,9,20,1,944582,0,Mercado Pago,Sucursal
2959,2022-01-28,1246,16,16,2,954116,0,Transferencia,Sucursal
2960,2025-03-06,1665,4,18,2,2160479,0,Tarjeta de Crédito,Sucursal
2961,2021-08-21,662,11,6,2,1298880,10,Mercado Pago,Sucursal
2962,2023-06-22,1975,22,5,3,1797606,5,Transferencia,Sucursal
2963,2022-09-16,215,25,5,3,1853677,0,Efectivo,Sucursal
2964,2025-10-02,452,9,19,2,944582,0,Efectivo,Online
2965,2025-09-04,1544,21,14,1,1989781,0,Tarjeta de Débito,Sucursal
2966,2025-12-07,532,10,3,1,2261684,5,Tarjeta de Crédito,Online
2967,2026-04-14,811,21,15,1,1989781,15,Tarjeta de Crédito,Sucursal
2968,2025-08-17,927,5,7,1,658866,0,Tarjeta de Crédito,Online
2969,2021-10-21,1451,9,20,1,944582,15,Transferencia,Sucursal
2970,2023-03-03,1437,20,10,1,2236130,0,Efectivo,Online
2971,2025-02-08,767,20,17,1,2236130,20,Tarjeta de Crédito,Sucursal
2972,2023-07-23,881,3,20,2,1748036,0,Tarjeta de Crédito,Online
2973,2026-05-05,751,13,16,1,1102174,10,Transferencia,Online
2974,2024-10-25,156,3,19,2,1748036,5,Tarjeta de Débito,Sucursal
2975,2023-06-08,1080,1,4,2,934942,15,Tarjeta de Crédito,Sucursal
2976,2022-11-27,1017,14,5,1,2132068,10,Tarjeta de Crédito,Online
2977,2023-05-17,1593,24,4,1,1763627,10,Tarjeta de Crédito,Sucursal
2978,2022-08-07,1976,7,20,1,1778736,0,Tarjeta de Crédito,Sucursal
2979,2024-12-05,1065,16,14,2,954116,0,Tarjeta de Crédito,Sucursal
2980,2021-11-17,1269,23,16,1,1928958,0,Tarjeta de Crédito,Sucursal
2981,2021-09-16,274,16,3,1,954116,0,Tarjeta de Crédito,Sucursal
2982,2024-08-26,887,9,10,2,944582,10,Mercado Pago,Online
2983,2023-07-11,1470,21,16,2,1989781,0,Efectivo,Sucursal
2984,2024-02-29,18,23,7,1,1928958,0,Mercado Pago,Online
2985,2022-06-02,117,7,10,1,1778736,0,Tarjeta de Crédito,Online
2986,2025-02-12,621,20,16,1,2236130,10,Tarjeta de Crédito,Sucursal
2987,2022-03-15,144,12,7,2,1844344,0,Mercado Pago,Sucursal
2988,2025-08-21,879,15,16,2,2254306,0,Tarjeta de Crédito,Online
2989,2021-12-24,238,14,3,3,2132068,10,Tarjeta de Crédito,Online
2990,2024-09-09,636,1,17,1,934942,0,Mercado Pago,Online
2991,2025-09-24,957,6,3,1,1764687,5,Transferencia,Online
2992,2026-01-12,915,15,12,1,2254306,0,Tarjeta de Crédito,Sucursal
2993,2022-07-29,213,16,9,2,954116,5,Tarjeta de Crédito,Sucursal
2994,2024-12-15,1956,5,13,1,658866,0,Tarjeta de Débito,Sucursal
2995,2023-02-27,119,6,20,1,1764687,0,Tarjeta de Débito,Sucursal
2996,2024-04-28,386,3,11,1,1748036,0,Tarjeta de Débito,Online
2997,2023-11-24,837,24,2,1,1763627,0,Tarjeta de Crédito,Online
2998,2022-12-03,1812,19,11,1,1030169,15,Transferencia,Sucursal
2999,2026-04-27,1108,6,6,1,1764687,0,Tarjeta de Crédito,Sucursal
3000,2026-04-07,992,4,2,1,2160479,10,Tarjeta de Crédito,Online
3001,2024-08-18,375,5,1,1,658866,0,Transferencia,Online
3002,2025-04-13,1676,21,9,1,1989781,0,Tarjeta de Crédito,Online
3003,2024-12-16,1860,18,4,2,1042885,0,Tarjeta de Débito,Sucursal
3004,2024-12-27,1981,13,7,3,1102174,10,Tarjeta de Débito,Sucursal
3005,2025-06-07,1494,1,11,1,934942,0,Transferencia,Sucursal
3006,2022-05-30,1242,20,10,1,2236130,10,Tarjeta de Crédito,Sucursal
3007,2023-01-05,1020,8,8,1,1661179,0,Tarjeta de Crédito,Online
3008,2022-10-20,1055,2,2,1,1484902,10,Transferencia,Sucursal
3009,2021-11-02,1775,8,3,5,1661179,0,Tarjeta de Crédito,Sucursal
3010,2021-08-04,1813,11,1,2,1298880,10,Tarjeta de Crédito,Sucursal
3011,2026-06-19,1330,14,10,2,2132068,0,Tarjeta de Crédito,Online
3012,2024-05-29,223,6,5,1,1764687,20,Tarjeta de Débito,Online
3013,2022-10-08,1004,6,1,1,1764687,20,Mercado Pago,Online
3014,2022-02-08,436,14,6,1,2132068,0,Tarjeta de Crédito,Sucursal
3015,2025-11-10,609,7,20,2,1778736,0,Tarjeta de Crédito,Online
3016,2023-09-20,535,17,15,1,1455169,0,Mercado Pago,Online
3017,2025-01-29,1931,2,5,1,1484902,0,Tarjeta de Crédito,Online
3018,2022-06-12,1059,11,5,2,1298880,0,Transferencia,Sucursal
3019,2024-07-19,1149,9,6,3,944582,30,Tarjeta de Débito,Online
3020,2025-08-11,1207,15,17,1,2254306,10,Tarjeta de Débito,Online
3021,2023-02-11,504,14,18,1,2132068,10,Tarjeta de Débito,Online
3022,2025-12-25,57,13,5,1,1102174,10,Tarjeta de Crédito,Online
3023,2023-09-11,1703,9,12,1,944582,0,Tarjeta de Crédito,Sucursal
3024,2026-01-13,528,13,1,1,1102174,0,Tarjeta de Débito,Online
3025,2025-11-16,324,4,7,1,2160479,0,Tarjeta de Crédito,Sucursal
3026,2025-09-11,825,16,12,1,954116,0,Tarjeta de Débito,Sucursal
3027,2022-04-20,116,24,5,1,1763627,15,Tarjeta de Crédito,Online
3028,2025-11-19,799,24,15,2,1763627,0,Tarjeta de Crédito,Sucursal
3029,2024-05-26,1727,6,14,1,1764687,20,Tarjeta de Crédito,Sucursal
3030,2025-05-27,824,20,19,1,2236130,10,Tarjeta de Crédito,Online
3031,2024-04-16,930,3,11,2,1748036,0,Tarjeta de Débito,Sucursal
3032,2025-01-08,47,6,18,1,1764687,0,Tarjeta de Crédito,Sucursal
3033,2021-07-09,1109,7,12,1,1778736,0,Tarjeta de Crédito,Online
3034,2025-10-15,1720,23,4,1,1928958,10,Tarjeta de Crédito,Sucursal
3035,2024-03-31,765,1,13,2,934942,15,Tarjeta de Débito,Sucursal
3036,2025-08-21,211,18,15,1,1042885,0,Tarjeta de Crédito,Sucursal
3037,2026-03-12,333,17,14,1,1455169,0,Tarjeta de Crédito,Sucursal
3038,2025-02-10,1974,22,1,1,1797606,0,Tarjeta de Débito,Sucursal
3039,2022-06-05,1954,15,20,2,2254306,0,Transferencia,Sucursal
3040,2022-07-27,301,16,15,3,954116,5,Tarjeta de Débito,Sucursal
3041,2024-10-15,1586,12,4,2,1844344,10,Tarjeta de Crédito,Sucursal
3042,2025-02-20,1544,25,2,2,1853677,0,Mercado Pago,Online
3043,2024-05-03,924,15,6,1,2254306,5,Tarjeta de Débito,Online
3044,2026-05-18,741,19,5,1,1030169,0,Mercado Pago,Sucursal
3045,2024-04-16,1635,4,18,1,2160479,0,Tarjeta de Crédito,Sucursal
3046,2023-08-21,1838,9,8,1,944582,0,Tarjeta de Débito,Sucursal
3047,2025-08-24,401,18,10,4,1042885,15,Tarjeta de Débito,Sucursal
3048,2022-05-22,1708,10,17,5,2261684,0,Mercado Pago,Online
3049,2023-12-03,1145,21,5,1,1989781,0,Efectivo,Sucursal
3050,2025-01-04,1652,19,20,3,1030169,0,Tarjeta de Crédito,Sucursal
3051,2024-08-16,628,4,2,2,2160479,0,Tarjeta de Débito,Online
3052,2022-06-20,756,17,3,1,1455169,10,Tarjeta de Crédito,Online
3053,2022-06-05,1523,21,20,1,1989781,15,Mercado Pago,Sucursal
3054,2026-03-31,1566,18,14,1,1042885,5,Tarjeta de Crédito,Sucursal
3055,2024-06-10,1594,16,16,2,954116,10,Mercado Pago,Sucursal
3056,2023-10-24,271,19,15,2,1030169,0,Mercado Pago,Sucursal
3057,2023-10-27,1622,10,2,1,2261684,10,Transferencia,Sucursal
3058,2022-06-08,1130,25,3,1,1853677,20,Mercado Pago,Online
3059,2022-05-14,1070,22,6,2,1797606,0,Mercado Pago,Sucursal
3060,2026-02-20,1935,18,8,3,1042885,0,Transferencia,Sucursal
3061,2025-05-11,1855,7,1,2,1778736,0,Mercado Pago,Sucursal
3062,2024-03-10,162,13,16,1,1102174,15,Tarjeta de Débito,Online
3063,2023-07-05,882,11,7,2,1298880,5,Mercado Pago,Sucursal
3064,2024-04-14,517,25,14,1,1853677,10,Tarjeta de Crédito,Sucursal
3065,2025-11-20,1515,12,16,4,1844344,10,Tarjeta de Crédito,Online
3066,2022-04-30,757,18,6,2,1042885,0,Mercado Pago,Sucursal
3067,2025-10-26,759,10,9,1,2261684,10,Transferencia,Online
3068,2023-05-29,943,23,5,1,1928958,20,Tarjeta de Débito,Sucursal
3069,2025-06-30,815,13,13,2,1102174,20,Tarjeta de Débito,Sucursal
3070,2022-12-31,1231,16,6,3,954116,0,Mercado Pago,Sucursal
3071,2022-12-02,409,3,10,1,1748036,0,Tarjeta de Débito,Online
3072,2026-01-14,1034,21,8,1,1989781,0,Tarjeta de Débito,Sucursal
3073,2022-03-08,1899,23,3,2,1928958,5,Mercado Pago,Online
3074,2026-02-11,474,10,15,1,2261684,0,Transferencia,Sucursal
3075,2022-08-05,1266,5,16,3,658866,10,Tarjeta de Crédito,Sucursal
3076,2023-12-08,1440,24,7,1,1763627,0,Tarjeta de Crédito,Sucursal
3077,2022-03-29,1978,13,20,1,1102174,10,Tarjeta de Crédito,Online
3078,2023-07-25,1358,6,5,2,1764687,0,Transferencia,Sucursal
3079,2021-08-07,1040,24,7,1,1763627,0,Mercado Pago,Sucursal
3080,2024-05-25,830,17,20,1,1455169,10,Tarjeta de Crédito,Sucursal
3081,2021-10-04,1149,7,1,2,1778736,10,Transferencia,Sucursal
3082,2023-08-24,261,15,11,1,2254306,0,Mercado Pago,Online
3083,2021-08-23,441,18,3,3,1042885,0,Mercado Pago,Sucursal
3084,2024-09-11,1335,20,10,1,2236130,15,Tarjeta de Crédito,Sucursal
3085,2025-05-19,1692,6,17,2,1764687,0,Tarjeta de Débito,Online
3086,2022-11-23,144,15,6,1,2254306,10,Tarjeta de Débito,Sucursal
3087,2021-11-24,1415,1,19,1,934942,10,Mercado Pago,Sucursal
3088,2021-12-03,769,17,18,1,1455169,10,Transferencia,Sucursal
3089,2022-03-13,890,6,1,2,1764687,15,Mercado Pago,Sucursal
3090,2025-09-23,1950,4,6,1,2160479,5,Tarjeta de Crédito,Online
3091,2025-08-06,1485,21,9,1,1989781,0,Tarjeta de Crédito,Sucursal
3092,2024-06-07,1176,6,3,1,1764687,20,Tarjeta de Crédito,Sucursal
3093,2024-05-21,206,2,10,1,1484902,10,Transferencia,Sucursal
3094,2023-04-18,875,14,5,3,2132068,0,Tarjeta de Crédito,Online
3095,2023-07-22,1902,20,8,2,2236130,0,Transferencia,Online
3096,2022-09-29,318,19,16,3,1030169,0,Efectivo,Online
3097,2022-02-26,1452,15,20,3,2254306,0,Tarjeta de Crédito,Online
3098,2024-05-21,986,13,2,2,1102174,10,Tarjeta de Crédito,Sucursal
3099,2026-06-05,843,7,4,1,1778736,0,Tarjeta de Crédito,Online
3100,2022-03-31,361,1,1,2,934942,0,Mercado Pago,Sucursal
3101,2022-07-31,1485,2,2,2,1484902,15,Transferencia,Online
3102,2025-05-03,656,15,18,1,2254306,0,Mercado Pago,Online
3103,2025-04-07,938,23,11,1,1928958,0,Tarjeta de Crédito,Online
3104,2025-07-02,557,17,14,1,1455169,0,Tarjeta de Crédito,Online
3105,2024-11-22,1511,2,14,1,1484902,0,Mercado Pago,Sucursal
3106,2023-04-04,1540,3,10,1,1748036,0,Mercado Pago,Online
3107,2024-04-25,373,24,13,1,1763627,5,Tarjeta de Crédito,Online
3108,2023-08-08,1744,12,10,1,1844344,0,Mercado Pago,Sucursal
3109,2022-06-14,1509,22,9,2,1797606,0,Tarjeta de Crédito,Online
3110,2023-01-29,355,23,8,3,1928958,15,Tarjeta de Débito,Sucursal
3111,2022-01-02,1549,6,14,4,1764687,20,Tarjeta de Crédito,Online
3112,2022-09-09,463,16,12,1,954116,5,Tarjeta de Crédito,Sucursal
3113,2022-06-26,713,14,18,3,2132068,0,Tarjeta de Crédito,Sucursal
3114,2021-07-14,1291,25,12,2,1853677,5,Tarjeta de Crédito,Sucursal
3115,2024-05-25,1903,8,8,1,1661179,10,Mercado Pago,Sucursal
3116,2022-02-14,1773,5,13,2,658866,0,Tarjeta de Crédito,Sucursal
3117,2023-10-16,623,20,9,1,2236130,0,Tarjeta de Crédito,Online
3118,2025-03-06,1241,4,11,1,2160479,0,Tarjeta de Crédito,Online
3119,2025-02-08,1456,20,16,5,2236130,15,Mercado Pago,Online
3120,2025-10-24,1493,7,11,2,1778736,0,Tarjeta de Crédito,Sucursal
3121,2024-03-22,1684,6,9,1,1764687,0,Tarjeta de Crédito,Sucursal
3122,2025-11-18,199,14,11,2,2132068,0,Efectivo,Sucursal
3123,2025-02-25,43,18,2,1,1042885,5,Tarjeta de Crédito,Sucursal
3124,2024-04-05,582,12,11,2,1844344,10,Tarjeta de Crédito,Sucursal
3125,2022-08-27,1051,6,6,1,1764687,0,Tarjeta de Débito,Online
3126,2022-11-24,1864,5,12,1,658866,0,Efectivo,Online
3127,2024-06-06,1930,7,18,1,1778736,10,Mercado Pago,Online
3128,2025-02-15,303,24,12,2,1763627,0,Tarjeta de Crédito,Sucursal
3129,2023-06-22,1548,20,4,3,2236130,0,Mercado Pago,Online
3130,2023-06-03,1988,19,9,1,1030169,0,Tarjeta de Crédito,Sucursal
3131,2024-01-19,900,8,7,2,1661179,0,Mercado Pago,Sucursal
3132,2024-10-05,1945,24,4,2,1763627,0,Tarjeta de Crédito,Sucursal
3133,2023-10-28,177,20,14,1,2236130,0,Tarjeta de Crédito,Sucursal
3134,2023-10-07,1573,15,4,1,2254306,0,Tarjeta de Crédito,Online
3135,2022-10-29,122,2,20,1,1484902,10,Tarjeta de Crédito,Sucursal
3136,2023-04-17,424,7,6,1,1778736,15,Tarjeta de Crédito,Sucursal
3137,2025-11-25,173,15,18,1,2254306,5,Mercado Pago,Sucursal
3138,2023-12-02,1273,4,8,1,2160479,0,Mercado Pago,Online
3139,2025-09-04,1206,14,6,1,2132068,30,Mercado Pago,Sucursal
3140,2026-06-22,722,4,16,1,2160479,10,Tarjeta de Débito,Online
3141,2022-12-13,250,7,13,1,1778736,0,Transferencia,Sucursal
3142,2022-01-13,621,19,15,1,1030169,0,Tarjeta de Crédito,Sucursal
3143,2025-04-11,109,18,15,1,1042885,0,Mercado Pago,Sucursal
3144,2023-04-25,1364,24,10,3,1763627,0,Tarjeta de Crédito,Sucursal
3145,2023-12-08,1755,16,7,2,954116,0,Tarjeta de Crédito,Online
3146,2025-02-28,636,15,5,2,2254306,0,Mercado Pago,Online
3147,2025-06-25,837,22,1,1,1797606,20,Efectivo,Sucursal
3148,2024-11-14,653,21,4,1,1989781,5,Tarjeta de Crédito,Online
3149,2025-02-15,90,4,6,2,2160479,5,Tarjeta de Crédito,Online
3150,2021-10-19,1304,14,5,1,2132068,0,Tarjeta de Crédito,Sucursal
3151,2024-12-29,1514,15,13,1,2254306,0,Transferencia,Sucursal
3152,2026-01-12,1023,16,6,1,954116,15,Transferencia,Online
3153,2023-11-08,896,16,16,1,954116,0,Tarjeta de Crédito,Sucursal
3154,2022-08-31,548,1,6,2,934942,0,Tarjeta de Débito,Sucursal
3155,2024-09-07,1347,21,20,1,1989781,0,Mercado Pago,Sucursal
3156,2023-08-04,779,17,17,1,1455169,0,Tarjeta de Crédito,Sucursal
3157,2026-03-31,854,9,15,3,944582,0,Tarjeta de Crédito,Sucursal
3158,2024-05-31,881,10,9,1,2261684,0,Mercado Pago,Sucursal
3159,2024-12-12,949,7,5,1,1778736,10,Mercado Pago,Sucursal
3160,2023-02-25,116,12,18,1,1844344,5,Mercado Pago,Online
3161,2025-11-08,931,10,5,1,2261684,15,Tarjeta de Débito,Sucursal
3162,2022-01-12,1243,23,3,2,1928958,10,Tarjeta de Crédito,Online
3163,2025-04-11,1043,2,20,1,1484902,15,Tarjeta de Débito,Online
3164,2025-09-09,943,3,12,1,1748036,0,Transferencia,Sucursal
3165,2023-02-27,243,1,11,3,934942,0,Tarjeta de Débito,Sucursal
3166,2026-06-24,1466,12,20,1,1844344,10,Tarjeta de Débito,Sucursal
3167,2022-08-02,770,11,1,1,1298880,20,Tarjeta de Crédito,Sucursal
3168,2024-08-07,1918,4,7,1,2160479,0,Tarjeta de Crédito,Sucursal
3169,2025-08-19,1127,12,20,1,1844344,15,Mercado Pago,Sucursal
3170,2024-09-12,1677,21,19,1,1989781,0,Tarjeta de Débito,Sucursal
3171,2021-10-23,1504,18,9,3,1042885,30,Tarjeta de Crédito,Online
3172,2025-05-03,1679,22,20,1,1797606,5,Tarjeta de Débito,Sucursal
3173,2021-08-29,1814,6,15,3,1764687,0,Mercado Pago,Online
3174,2021-09-04,669,4,7,1,2160479,0,Tarjeta de Crédito,Sucursal
3175,2025-05-31,1629,25,15,1,1853677,10,Transferencia,Sucursal
3176,2025-11-08,1050,8,2,1,1661179,0,Tarjeta de Crédito,Online
3177,2025-07-04,63,14,20,5,2132068,0,Mercado Pago,Online
3178,2021-10-29,528,25,18,2,1853677,5,Tarjeta de Crédito,Online
3179,2024-11-22,1155,20,12,1,2236130,5,Tarjeta de Crédito,Online
3180,2024-06-12,957,5,14,1,658866,0,Tarjeta de Crédito,Online
3181,2024-01-13,114,9,16,1,944582,5,Efectivo,Sucursal
3182,2023-12-03,1971,22,11,3,1797606,5,Tarjeta de Crédito,Sucursal
3183,2025-03-25,602,11,13,1,1298880,10,Mercado Pago,Sucursal
3184,2022-08-07,915,4,5,1,2160479,5,Tarjeta de Débito,Online
3185,2024-06-17,1450,23,19,1,1928958,10,Mercado Pago,Sucursal
3186,2023-06-04,1785,19,16,1,1030169,0,Tarjeta de Crédito,Online
3187,2025-07-17,1712,9,16,1,944582,0,Tarjeta de Crédito,Online
3188,2026-01-25,861,8,9,1,1661179,0,Tarjeta de Crédito,Sucursal
3189,2025-05-14,1877,5,10,1,658866,20,Tarjeta de Crédito,Online
3190,2024-02-22,359,25,10,2,1853677,10,Tarjeta de Crédito,Sucursal
3191,2024-06-22,1451,12,11,1,1844344,0,Transferencia,Online
3192,2024-08-13,1739,25,6,2,1853677,10,Efectivo,Online
3193,2025-11-29,1832,14,9,5,2132068,5,Tarjeta de Crédito,Sucursal
3194,2022-05-06,1217,8,8,2,1661179,20,Tarjeta de Débito,Online
3195,2025-05-01,1835,16,9,1,954116,0,Tarjeta de Débito,Sucursal
3196,2023-11-14,134,10,18,1,2261684,5,Tarjeta de Crédito,Sucursal
3197,2023-04-06,684,1,11,1,934942,5,Tarjeta de Crédito,Online
3198,2024-03-29,1906,24,14,1,1763627,0,Tarjeta de Débito,Online
3199,2023-01-07,1122,22,19,1,1797606,15,Tarjeta de Crédito,Sucursal
3200,2021-07-17,1781,11,13,1,1298880,0,Efectivo,Sucursal
3201,2024-07-19,623,24,12,1,1763627,0,Tarjeta de Débito,Sucursal
3202,2023-03-17,32,18,17,1,1042885,0,Tarjeta de Crédito,Online
3203,2026-06-14,426,18,6,1,1042885,0,Mercado Pago,Online
3204,2023-10-01,368,20,9,1,2236130,0,Mercado Pago,Sucursal
3205,2024-11-18,901,2,3,1,1484902,10,Mercado Pago,Sucursal
3206,2024-01-07,1240,20,10,1,2236130,5,Tarjeta de Crédito,Online
3207,2025-11-12,1800,7,17,2,1778736,0,Tarjeta de Débito,Sucursal
3208,2024-10-01,1343,20,11,1,2236130,0,Tarjeta de Crédito,Sucursal
3209,2023-06-20,118,19,19,1,1030169,15,Tarjeta de Crédito,Sucursal
3210,2021-10-21,980,17,20,2,1455169,10,Tarjeta de Crédito,Sucursal
3211,2024-12-01,1970,6,8,1,1764687,10,Tarjeta de Débito,Sucursal
3212,2022-03-03,1165,13,9,1,1102174,0,Tarjeta de Crédito,Online
3213,2025-06-30,1679,16,7,2,954116,0,Tarjeta de Crédito,Sucursal
3214,2023-06-27,1441,12,1,1,1844344,0,Tarjeta de Crédito,Sucursal
3215,2025-07-03,772,20,13,1,2236130,5,Mercado Pago,Online
3216,2023-12-01,867,14,2,1,2132068,5,Tarjeta de Crédito,Online
3217,2026-04-01,1667,24,3,1,1763627,0,Tarjeta de Débito,Online
3218,2023-05-10,79,11,6,1,1298880,20,Tarjeta de Crédito,Online
3219,2026-03-25,867,10,15,2,2261684,5,Tarjeta de Crédito,Sucursal
3220,2025-10-22,1306,3,3,1,1748036,0,Tarjeta de Débito,Sucursal
3221,2021-08-29,259,20,7,1,2236130,0,Tarjeta de Crédito,Online
3222,2022-05-31,1161,24,18,1,1763627,0,Tarjeta de Crédito,Online
3223,2023-06-19,411,14,8,4,2132068,0,Mercado Pago,Online
3224,2021-08-04,1636,7,3,1,1778736,5,Tarjeta de Crédito,Sucursal
3225,2023-10-30,1961,15,5,1,2254306,0,Tarjeta de Crédito,Sucursal
3226,2023-07-29,842,12,19,1,1844344,10,Tarjeta de Débito,Sucursal
3227,2026-06-14,375,8,8,1,1661179,0,Mercado Pago,Sucursal
3228,2023-08-15,326,22,10,3,1797606,0,Transferencia,Sucursal
3229,2026-01-19,390,25,20,1,1853677,10,Mercado Pago,Sucursal
3230,2023-03-27,1813,17,18,1,1455169,5,Tarjeta de Débito,Online
3231,2023-02-25,1791,17,5,1,1455169,0,Tarjeta de Crédito,Sucursal
3232,2025-06-15,1548,12,4,1,1844344,0,Mercado Pago,Sucursal
3233,2023-10-19,994,25,18,1,1853677,15,Tarjeta de Crédito,Sucursal
3234,2022-11-14,1316,2,19,1,1484902,0,Tarjeta de Crédito,Online
3235,2025-05-30,1779,16,6,2,954116,0,Efectivo,Sucursal
3236,2026-06-09,1410,19,8,1,1030169,10,Tarjeta de Débito,Sucursal
3237,2026-02-10,1159,16,12,1,954116,0,Mercado Pago,Online
3238,2026-06-02,1085,13,13,1,1102174,0,Efectivo,Online
3239,2023-03-14,557,21,20,1,1989781,0,Tarjeta de Crédito,Online
3240,2023-11-22,1675,5,15,1,658866,0,Transferencia,Online
3241,2023-12-21,1221,5,4,2,658866,0,Efectivo,Sucursal
3242,2022-01-26,1773,1,10,1,934942,10,Tarjeta de Crédito,Sucursal
3243,2023-01-30,998,25,19,1,1853677,0,Tarjeta de Crédito,Online
3244,2025-03-05,1644,24,19,2,1763627,15,Tarjeta de Débito,Sucursal
3245,2025-01-25,985,11,17,3,1298880,0,Tarjeta de Crédito,Sucursal
3246,2025-01-19,972,12,16,1,1844344,10,Tarjeta de Crédito,Sucursal
3247,2025-07-19,458,19,14,1,1030169,10,Mercado Pago,Online
3248,2025-12-10,1714,16,5,4,954116,0,Transferencia,Online
3249,2024-09-22,1647,5,6,1,658866,0,Efectivo,Sucursal
3250,2022-01-19,700,1,4,1,934942,0,Tarjeta de Débito,Online
3251,2023-10-16,1073,6,17,1,1764687,5,Transferencia,Online
3252,2024-10-06,1834,15,7,2,2254306,0,Tarjeta de Crédito,Sucursal
3253,2022-11-07,1339,3,8,5,1748036,10,Mercado Pago,Sucursal
3254,2024-05-28,896,24,17,1,1763627,0,Tarjeta de Crédito,Sucursal
3255,2022-05-10,1644,11,18,1,1298880,0,Tarjeta de Débito,Sucursal
3256,2024-07-11,143,1,18,2,934942,10,Transferencia,Online
3257,2026-05-08,483,24,10,1,1763627,15,Mercado Pago,Online
3258,2025-10-14,1861,6,15,1,1764687,0,Tarjeta de Crédito,Sucursal
3259,2023-12-13,1445,3,4,2,1748036,5,Tarjeta de Crédito,Sucursal
3260,2025-05-10,1662,6,19,1,1764687,0,Tarjeta de Crédito,Sucursal
3261,2023-03-01,570,15,8,1,2254306,0,Tarjeta de Crédito,Sucursal
3262,2025-09-03,683,25,1,3,1853677,0,Transferencia,Sucursal
3263,2021-07-18,599,15,12,3,2254306,15,Tarjeta de Débito,Sucursal
3264,2022-05-09,121,12,12,4,1844344,0,Tarjeta de Débito,Sucursal
3265,2024-08-12,1834,12,12,2,1844344,0,Efectivo,Sucursal
3266,2022-08-28,1677,25,12,1,1853677,15,Mercado Pago,Sucursal
3267,2023-06-21,15,25,15,4,1853677,0,Transferencia,Online
3268,2025-07-15,1673,12,3,4,1844344,0,Tarjeta de Crédito,Sucursal
3269,2024-03-31,857,4,19,2,2160479,5,Efectivo,Sucursal
3270,2024-02-14,1277,25,9,1,1853677,0,Tarjeta de Crédito,Sucursal
3271,2024-08-04,1918,12,3,3,1844344,0,Tarjeta de Débito,Sucursal
3272,2022-10-29,219,23,6,1,1928958,0,Tarjeta de Crédito,Online
3273,2025-06-15,1428,25,13,1,1853677,10,Efectivo,Online
3274,2026-04-20,1764,22,9,1,1797606,10,Tarjeta de Crédito,Sucursal
3275,2022-08-30,1162,19,18,2,1030169,10,Mercado Pago,Online
3276,2025-10-25,1482,12,15,1,1844344,0,Mercado Pago,Sucursal
3277,2023-09-11,1,9,2,2,944582,10,Tarjeta de Crédito,Sucursal
3278,2024-11-06,1863,7,12,2,1778736,15,Tarjeta de Crédito,Online
3279,2023-09-12,716,16,10,1,954116,5,Mercado Pago,Sucursal
3280,2022-07-24,787,14,13,1,2132068,0,Tarjeta de Crédito,Sucursal
3281,2024-01-14,382,15,2,1,2254306,10,Tarjeta de Crédito,Online
3282,2022-03-15,517,9,12,2,944582,30,Tarjeta de Débito,Online
3283,2024-06-07,1011,20,1,2,2236130,0,Tarjeta de Crédito,Sucursal
3284,2025-11-01,1744,3,11,2,1748036,0,Transferencia,Sucursal
3285,2023-07-09,1920,13,10,2,1102174,5,Tarjeta de Crédito,Online
3286,2025-07-18,1283,22,14,2,1797606,0,Mercado Pago,Sucursal
3287,2022-10-10,1003,9,15,1,944582,0,Tarjeta de Crédito,Sucursal
3288,2021-08-01,881,16,19,2,954116,0,Mercado Pago,Sucursal
3289,2021-12-04,830,11,15,1,1298880,0,Mercado Pago,Sucursal
3290,2024-08-31,890,4,14,1,2160479,10,Tarjeta de Crédito,Sucursal
3291,2023-09-17,1109,5,1,1,658866,0,Tarjeta de Crédito,Sucursal
3292,2022-05-11,599,19,19,1,1030169,5,Mercado Pago,Online
3293,2023-08-28,267,25,7,2,1853677,0,Tarjeta de Crédito,Sucursal
3294,2021-12-31,729,8,4,1,1661179,0,Tarjeta de Crédito,Sucursal
3295,2022-07-25,524,6,12,3,1764687,5,Tarjeta de Débito,Online
3296,2025-10-19,1032,6,5,1,1764687,15,Transferencia,Sucursal
3297,2022-12-20,1022,10,2,1,2261684,0,Efectivo,Online
3298,2024-02-13,1167,14,13,1,2132068,0,Tarjeta de Crédito,Sucursal
3299,2024-02-16,141,14,17,1,2132068,0,Mercado Pago,Sucursal
3300,2025-09-25,1997,25,19,5,1853677,5,Tarjeta de Crédito,Online
3301,2026-06-21,1510,18,12,1,1042885,0,Tarjeta de Débito,Online
3302,2023-09-01,708,13,3,1,1102174,0,Efectivo,Online
3303,2022-04-07,1649,23,5,1,1928958,15,Mercado Pago,Sucursal
3304,2024-12-12,1330,14,10,1,2132068,5,Tarjeta de Crédito,Sucursal
3305,2021-12-16,1239,13,4,2,1102174,0,Mercado Pago,Online
3306,2024-07-25,1612,19,13,1,1030169,0,Mercado Pago,Sucursal
3307,2022-01-01,1724,15,11,1,2254306,0,Tarjeta de Débito,Sucursal
3308,2022-03-21,426,18,13,2,1042885,0,Efectivo,Online
3309,2023-05-17,1455,22,1,1,1797606,10,Mercado Pago,Sucursal
3310,2021-07-27,1761,2,19,1,1484902,0,Tarjeta de Débito,Sucursal
3311,2024-09-04,1912,9,20,1,944582,10,Tarjeta de Crédito,Sucursal
3312,2024-10-09,1679,11,5,1,1298880,5,Mercado Pago,Online
3313,2024-05-29,1126,2,14,1,1484902,0,Transferencia,Sucursal
3314,2025-01-23,1394,22,7,1,1797606,20,Tarjeta de Crédito,Sucursal
3315,2023-01-30,1340,24,19,1,1763627,0,Mercado Pago,Online
3316,2022-11-03,883,13,20,1,1102174,0,Mercado Pago,Sucursal
3317,2025-12-06,186,14,8,1,2132068,10,Tarjeta de Crédito,Sucursal
3318,2023-03-27,294,18,9,2,1042885,0,Tarjeta de Débito,Sucursal
3319,2025-03-23,567,10,10,4,2261684,15,Tarjeta de Crédito,Online
3320,2024-04-18,1053,21,4,1,1989781,0,Transferencia,Sucursal
3321,2024-01-12,714,10,4,1,2261684,10,Mercado Pago,Sucursal
3322,2022-07-24,353,17,1,1,1455169,0,Mercado Pago,Sucursal
3323,2022-05-27,721,3,6,1,1748036,0,Tarjeta de Crédito,Sucursal
3324,2022-06-22,1074,19,4,1,1030169,0,Tarjeta de Débito,Online
3325,2021-07-28,1616,21,19,1,1989781,5,Transferencia,Sucursal
3326,2023-10-30,742,24,15,1,1763627,0,Mercado Pago,Sucursal
3327,2022-05-26,1049,19,6,1,1030169,0,Tarjeta de Débito,Sucursal
3328,2023-08-07,1871,2,13,1,1484902,0,Tarjeta de Crédito,Sucursal
3329,2022-01-13,69,24,18,3,1763627,0,Tarjeta de Crédito,Online
3330,2025-07-13,1450,11,13,1,1298880,10,Tarjeta de Débito,Online
3331,2025-08-07,87,19,13,2,1030169,0,Tarjeta de Débito,Online
3332,2026-05-01,1248,2,20,2,1484902,0,Mercado Pago,Sucursal
3333,2021-09-06,1420,3,7,2,1748036,0,Tarjeta de Débito,Online
3334,2022-01-12,900,16,9,2,954116,0,Mercado Pago,Sucursal
3335,2022-09-05,796,16,1,1,954116,0,Tarjeta de Crédito,Sucursal
3336,2022-03-26,819,15,3,1,2254306,10,Tarjeta de Crédito,Online
3337,2024-01-25,1633,21,6,1,1989781,5,Tarjeta de Crédito,Sucursal
3338,2024-05-01,154,10,14,1,2261684,20,Tarjeta de Débito,Online
3339,2023-06-27,942,22,6,1,1797606,0,Tarjeta de Crédito,Sucursal
3340,2023-01-23,987,16,4,1,954116,5,Tarjeta de Crédito,Online
3341,2024-03-02,320,9,12,1,944582,10,Mercado Pago,Online
3342,2025-10-25,632,21,18,5,1989781,10,Tarjeta de Crédito,Online
3343,2025-10-22,856,9,13,1,944582,5,Tarjeta de Débito,Sucursal
3344,2026-05-04,1477,18,5,1,1042885,0,Transferencia,Sucursal
3345,2024-09-20,969,7,7,1,1778736,0,Mercado Pago,Online
3346,2024-09-08,662,8,1,1,1661179,15,Tarjeta de Débito,Online
3347,2023-05-18,830,25,14,2,1853677,10,Tarjeta de Crédito,Sucursal
3348,2022-11-11,140,12,10,1,1844344,10,Tarjeta de Crédito,Sucursal
3349,2025-07-29,1204,3,15,1,1748036,0,Tarjeta de Crédito,Online
3350,2025-05-04,111,4,6,1,2160479,0,Mercado Pago,Online
3351,2025-07-26,710,13,11,1,1102174,5,Tarjeta de Crédito,Sucursal
3352,2022-04-27,505,19,10,1,1030169,0,Mercado Pago,Sucursal
3353,2024-05-04,388,18,14,1,1042885,20,Tarjeta de Débito,Sucursal
3354,2025-05-09,492,2,19,1,1484902,20,Tarjeta de Débito,Sucursal
3355,2022-08-03,873,10,12,2,2261684,0,Tarjeta de Crédito,Online
3356,2025-11-13,904,1,5,1,934942,30,Tarjeta de Débito,Sucursal
3357,2026-03-15,859,8,15,1,1661179,5,Tarjeta de Crédito,Sucursal
3358,2024-10-31,1349,5,1,1,658866,0,Tarjeta de Débito,Online
3359,2024-11-30,1339,22,2,2,1797606,10,Mercado Pago,Sucursal
3360,2025-08-09,872,14,14,2,2132068,0,Tarjeta de Crédito,Sucursal
3361,2025-08-19,1181,11,3,1,1298880,15,Tarjeta de Crédito,Sucursal
3362,2022-08-06,1982,14,7,1,2132068,10,Tarjeta de Débito,Online
3363,2025-07-27,189,10,17,1,2261684,0,Tarjeta de Crédito,Sucursal
3364,2023-01-06,1753,12,15,3,1844344,0,Mercado Pago,Sucursal
3365,2025-04-26,1313,25,20,1,1853677,0,Tarjeta de Crédito,Sucursal
3366,2023-05-27,51,1,11,4,934942,15,Mercado Pago,Sucursal
3367,2026-01-14,1290,23,3,1,1928958,0,Tarjeta de Crédito,Sucursal
3368,2024-10-16,1997,6,18,2,1764687,0,Tarjeta de Débito,Online
3369,2022-08-20,44,21,17,1,1989781,0,Tarjeta de Débito,Sucursal
3370,2025-12-13,863,23,2,1,1928958,0,Tarjeta de Crédito,Online
3371,2025-07-28,1357,1,18,1,934942,15,Tarjeta de Crédito,Online
3372,2023-03-06,177,21,6,1,1989781,0,Tarjeta de Crédito,Sucursal
3373,2022-03-04,271,13,7,2,1102174,0,Tarjeta de Crédito,Sucursal
3374,2022-12-15,1258,3,16,1,1748036,5,Tarjeta de Débito,Sucursal
3375,2022-12-05,1191,9,11,3,944582,0,Tarjeta de Débito,Sucursal
3376,2022-07-03,454,10,17,1,2261684,0,Transferencia,Sucursal
3377,2023-07-08,1089,14,13,2,2132068,5,Tarjeta de Crédito,Online
3378,2023-05-01,1332,17,7,1,1455169,0,Tarjeta de Crédito,Online
3379,2022-05-19,1046,19,20,1,1030169,0,Mercado Pago,Sucursal
3380,2024-02-24,486,11,8,1,1298880,5,Tarjeta de Crédito,Online
3381,2025-01-30,1271,25,3,1,1853677,0,Tarjeta de Débito,Sucursal
3382,2025-10-16,1217,22,2,1,1797606,0,Tarjeta de Crédito,Sucursal
3383,2022-04-04,1396,10,16,2,2261684,10,Tarjeta de Débito,Sucursal
3384,2023-12-28,1877,6,9,2,1764687,0,Tarjeta de Débito,Online
3385,2021-12-12,1634,1,11,1,934942,20,Efectivo,Online
3386,2024-09-04,1093,16,7,1,954116,0,Mercado Pago,Online
3387,2025-01-04,703,21,4,1,1989781,0,Tarjeta de Crédito,Sucursal
3388,2022-09-12,709,17,4,4,1455169,0,Efectivo,Online
3389,2021-10-25,789,4,11,1,2160479,15,Mercado Pago,Sucursal
3390,2022-12-17,1627,3,12,1,1748036,0,Tarjeta de Crédito,Sucursal
3391,2022-03-12,1176,21,2,1,1989781,0,Mercado Pago,Online
3392,2025-11-16,1103,22,19,1,1797606,0,Tarjeta de Débito,Online
3393,2021-10-03,297,23,7,2,1928958,10,Tarjeta de Crédito,Sucursal
3394,2026-01-24,26,21,8,1,1989781,0,Tarjeta de Crédito,Sucursal
3395,2022-03-08,273,3,11,3,1748036,0,Tarjeta de Crédito,Sucursal
3396,2025-12-31,256,4,19,4,2160479,10,Transferencia,Sucursal
3397,2025-01-05,412,4,13,1,2160479,5,Tarjeta de Crédito,Sucursal
3398,2022-04-12,1011,25,1,2,1853677,0,Tarjeta de Débito,Sucursal
3399,2022-07-24,1024,6,4,1,1764687,0,Transferencia,Sucursal
3400,2024-08-06,1842,4,4,1,2160479,10,Efectivo,Sucursal
3401,2022-06-13,1249,7,6,4,1778736,0,Tarjeta de Débito,Sucursal
3402,2022-07-20,1908,4,10,1,2160479,0,Transferencia,Online
3403,2025-07-01,1026,18,2,1,1042885,0,Tarjeta de Crédito,Online
3404,2026-02-23,1603,3,15,1,1748036,15,Tarjeta de Crédito,Sucursal
3405,2024-04-21,208,16,10,2,954116,15,Tarjeta de Débito,Online
3406,2023-01-01,1235,1,1,2,934942,10,Tarjeta de Débito,Online
3407,2021-09-21,182,23,4,1,1928958,5,Tarjeta de Crédito,Sucursal
3408,2025-05-29,723,13,5,1,1102174,5,Mercado Pago,Sucursal
3409,2023-11-03,234,25,17,1,1853677,0,Tarjeta de Crédito,Sucursal
3410,2025-08-05,327,6,4,1,1764687,20,Tarjeta de Crédito,Sucursal
3411,2023-01-21,1104,7,13,1,1778736,15,Tarjeta de Crédito,Sucursal
3412,2023-09-11,6,21,5,1,1989781,5,Efectivo,Sucursal
3413,2023-07-09,1893,20,16,3,2236130,20,Tarjeta de Débito,Online
3414,2024-03-10,1004,20,6,1,2236130,10,Tarjeta de Crédito,Sucursal
3415,2023-10-11,1676,6,2,1,1764687,10,Tarjeta de Crédito,Sucursal
3416,2025-10-09,1702,17,18,1,1455169,0,Tarjeta de Crédito,Online
3417,2025-03-01,387,23,8,2,1928958,15,Transferencia,Sucursal
3418,2023-12-09,1081,1,8,1,934942,0,Transferencia,Online
3419,2024-08-23,358,12,1,1,1844344,10,Tarjeta de Débito,Online
3420,2026-02-23,1705,25,1,2,1853677,0,Tarjeta de Crédito,Sucursal
3421,2025-03-13,1083,14,15,1,2132068,0,Transferencia,Sucursal
3422,2023-10-10,293,7,17,1,1778736,0,Tarjeta de Débito,Sucursal
3423,2025-12-13,623,6,13,1,1764687,0,Tarjeta de Crédito,Sucursal
3424,2022-05-23,1481,20,14,1,2236130,5,Tarjeta de Crédito,Sucursal
3425,2023-05-10,1565,21,12,2,1989781,10,Tarjeta de Crédito,Online
3426,2024-01-08,1688,3,3,2,1748036,0,Tarjeta de Débito,Sucursal
3427,2024-03-29,1671,1,17,1,934942,0,Tarjeta de Débito,Sucursal
3428,2021-08-04,119,7,11,1,1778736,0,Transferencia,Sucursal
3429,2024-07-12,1948,2,7,2,1484902,0,Tarjeta de Débito,Online
3430,2025-02-16,37,13,10,1,1102174,0,Tarjeta de Débito,Sucursal
3431,2025-01-31,845,7,2,1,1778736,5,Tarjeta de Crédito,Sucursal
3432,2024-11-10,708,6,15,1,1764687,0,Tarjeta de Crédito,Sucursal
3433,2023-09-03,1826,25,11,2,1853677,0,Tarjeta de Débito,Sucursal
3434,2022-02-20,18,1,20,1,934942,0,Transferencia,Sucursal
3435,2022-07-06,1536,2,11,1,1484902,20,Tarjeta de Crédito,Online
3436,2023-06-08,1512,25,1,1,1853677,15,Mercado Pago,Sucursal
3437,2023-12-26,1751,2,12,1,1484902,5,Tarjeta de Débito,Sucursal
3438,2023-08-31,140,11,14,2,1298880,10,Tarjeta de Crédito,Online
3439,2025-06-24,466,12,10,1,1844344,5,Tarjeta de Débito,Online
3440,2024-08-18,375,2,1,1,1484902,5,Efectivo,Online
3441,2025-04-03,1688,17,16,1,1455169,30,Tarjeta de Débito,Sucursal
3442,2022-06-08,5,3,13,1,1748036,0,Mercado Pago,Online
3443,2026-03-21,201,18,10,1,1042885,0,Tarjeta de Débito,Sucursal
3444,2024-05-10,179,7,1,2,1778736,20,Tarjeta de Crédito,Sucursal
3445,2021-09-14,1837,10,3,1,2261684,5,Tarjeta de Débito,Sucursal
3446,2022-10-01,1189,9,14,1,944582,0,Tarjeta de Débito,Sucursal
3447,2022-12-12,1784,9,2,1,944582,30,Transferencia,Sucursal
3448,2023-10-23,584,2,14,2,1484902,15,Tarjeta de Crédito,Online
3449,2024-12-27,662,12,2,1,1844344,0,Tarjeta de Crédito,Online
3450,2021-08-24,1615,12,11,1,1844344,10,Tarjeta de Crédito,Sucursal
3451,2023-11-21,1538,9,15,1,944582,0,Transferencia,Sucursal
3452,2022-09-24,1274,23,4,2,1928958,0,Tarjeta de Débito,Online
3453,2026-05-14,209,3,20,1,1748036,0,Tarjeta de Crédito,Sucursal
3454,2021-12-03,1564,25,15,2,1853677,0,Tarjeta de Débito,Online
3455,2023-05-06,1503,22,4,2,1797606,15,Tarjeta de Crédito,Sucursal
3456,2023-11-23,846,7,6,1,1778736,10,Mercado Pago,Sucursal
3457,2022-05-13,1161,16,16,1,954116,0,Tarjeta de Débito,Online
3458,2025-03-14,324,13,10,3,1102174,0,Tarjeta de Crédito,Sucursal
3459,2021-12-22,1308,20,8,1,2236130,15,Tarjeta de Débito,Sucursal
3460,2025-01-27,1647,1,2,4,934942,0,Tarjeta de Crédito,Sucursal
3461,2022-06-02,1274,23,15,1,1928958,0,Tarjeta de Crédito,Online
3462,2023-01-07,829,5,15,2,658866,0,Tarjeta de Crédito,Online
3463,2021-07-07,1202,19,5,3,1030169,30,Mercado Pago,Sucursal
3464,2021-11-15,1646,3,13,1,1748036,5,Transferencia,Sucursal
3465,2022-01-07,631,5,3,1,658866,0,Tarjeta de Crédito,Sucursal
3466,2024-02-15,61,24,10,1,1763627,0,Tarjeta de Crédito,Online
3467,2021-09-08,1155,10,13,1,2261684,5,Efectivo,Sucursal
3468,2026-04-20,115,23,17,1,1928958,0,Tarjeta de Crédito,Sucursal
3469,2022-08-18,813,12,4,1,1844344,15,Mercado Pago,Online
3470,2022-07-09,68,22,4,1,1797606,0,Tarjeta de Crédito,Sucursal
3471,2025-06-13,1345,15,14,2,2254306,10,Tarjeta de Crédito,Online
3472,2021-08-16,666,1,10,1,934942,0,Tarjeta de Crédito,Online
3473,2023-12-23,1825,18,3,1,1042885,5,Tarjeta de Crédito,Sucursal
3474,2025-09-09,881,3,16,1,1748036,0,Mercado Pago,Online
3475,2024-06-13,1480,9,12,1,944582,0,Tarjeta de Crédito,Online
3476,2022-09-07,1120,23,2,1,1928958,0,Tarjeta de Crédito,Sucursal
3477,2026-06-15,1271,13,6,2,1102174,0,Tarjeta de Crédito,Sucursal
3478,2024-08-14,1574,22,15,4,1797606,0,Tarjeta de Crédito,Sucursal
3479,2026-04-10,1057,23,10,2,1928958,0,Efectivo,Sucursal
3480,2024-03-01,561,9,17,3,944582,0,Tarjeta de Crédito,Online
3481,2022-09-03,1736,16,12,1,954116,5,Mercado Pago,Sucursal
3482,2022-12-17,217,16,4,2,954116,0,Transferencia,Sucursal
3483,2021-08-31,371,16,15,3,954116,10,Tarjeta de Crédito,Sucursal
3484,2024-02-06,631,16,6,2,954116,0,Mercado Pago,Sucursal
3485,2025-04-24,1935,23,1,1,1928958,10,Mercado Pago,Online
3486,2025-01-03,944,22,17,1,1797606,10,Mercado Pago,Sucursal
3487,2022-10-01,651,4,10,3,2160479,0,Mercado Pago,Online
3488,2023-12-14,521,23,20,1,1928958,0,Tarjeta de Crédito,Sucursal
3489,2024-05-01,902,4,17,5,2160479,0,Tarjeta de Débito,Sucursal
3490,2026-06-23,41,18,9,1,1042885,0,Tarjeta de Crédito,Sucursal
3491,2025-04-18,764,4,15,1,2160479,0,Tarjeta de Crédito,Online
3492,2021-11-30,1832,9,10,4,944582,0,Tarjeta de Crédito,Sucursal
3493,2021-08-12,1458,7,11,1,1778736,0,Mercado Pago,Sucursal
3494,2025-10-20,261,17,15,1,1455169,0,Tarjeta de Débito,Online
3495,2022-04-05,367,2,13,1,1484902,0,Tarjeta de Crédito,Online
3496,2024-06-16,1184,20,20,2,2236130,0,Tarjeta de Crédito,Sucursal
3497,2022-09-01,599,18,10,1,1042885,10,Mercado Pago,Online
3498,2022-03-18,1215,12,17,1,1844344,5,Tarjeta de Crédito,Sucursal
3499,2024-10-17,915,18,19,1,1042885,0,Mercado Pago,Sucursal
3500,2025-08-18,1975,19,15,2,1030169,0,Tarjeta de Débito,Online
3501,2024-04-18,433,22,5,1,1797606,0,Tarjeta de Crédito,Sucursal
3502,2024-01-09,330,23,20,1,1928958,0,Tarjeta de Débito,Online
3503,2023-01-02,1742,5,12,1,658866,0,Transferencia,Online
3504,2023-10-05,1210,16,12,1,954116,0,Mercado Pago,Sucursal
3505,2022-04-09,1938,10,1,1,2261684,10,Tarjeta de Crédito,Online
3506,2025-08-19,1605,13,17,1,1102174,0,Transferencia,Online
3507,2024-03-25,576,6,5,1,1764687,0,Mercado Pago,Online
3508,2025-05-11,414,18,3,1,1042885,0,Tarjeta de Débito,Online
3509,2024-12-09,1850,24,6,1,1763627,0,Transferencia,Online
3510,2024-03-17,1802,6,16,1,1764687,15,Tarjeta de Crédito,Online
3511,2023-04-20,1860,15,6,1,2254306,0,Tarjeta de Crédito,Online
3512,2022-03-26,1307,23,2,2,1928958,0,Transferencia,Online
3513,2022-07-12,1966,12,20,4,1844344,0,Efectivo,Online
3514,2022-11-22,878,4,10,1,2160479,0,Tarjeta de Crédito,Online
3515,2021-09-07,1168,17,2,2,1455169,10,Transferencia,Sucursal
3516,2022-03-18,369,24,19,2,1763627,0,Tarjeta de Crédito,Online
3517,2023-07-28,1745,23,14,2,1928958,20,Mercado Pago,Sucursal
3518,2025-03-11,430,3,7,2,1748036,0,Tarjeta de Crédito,Online
3519,2022-11-16,1950,8,16,1,1661179,0,Tarjeta de Crédito,Online
3520,2023-08-24,668,13,14,3,1102174,10,Transferencia,Online
3521,2022-04-10,1168,15,7,2,2254306,15,Transferencia,Sucursal
3522,2024-06-12,513,4,5,1,2160479,0,Tarjeta de Crédito,Sucursal
3523,2023-06-08,1085,2,9,1,1484902,0,Mercado Pago,Sucursal
3524,2024-08-08,634,19,14,3,1030169,10,Mercado Pago,Online
3525,2021-08-29,857,5,16,1,658866,0,Tarjeta de Crédito,Sucursal
3526,2022-03-06,1779,1,7,1,934942,0,Tarjeta de Crédito,Sucursal
3527,2023-03-31,974,10,19,2,2261684,0,Mercado Pago,Online
3528,2024-03-11,1012,18,1,1,1042885,10,Mercado Pago,Sucursal
3529,2025-04-11,1816,5,7,1,658866,0,Transferencia,Online
3530,2025-01-24,723,19,10,2,1030169,10,Tarjeta de Crédito,Online
3531,2023-05-04,1089,12,16,1,1844344,0,Tarjeta de Débito,Online
3532,2025-07-16,1937,2,9,2,1484902,0,Transferencia,Online
3533,2023-02-09,234,12,18,3,1844344,15,Mercado Pago,Online
3534,2023-07-17,954,22,4,4,1797606,15,Tarjeta de Crédito,Online
3535,2022-05-10,392,24,3,1,1763627,0,Tarjeta de Crédito,Sucursal
3536,2023-12-07,1335,19,7,1,1030169,5,Transferencia,Sucursal
3537,2026-03-23,1273,19,18,1,1030169,0,Tarjeta de Débito,Sucursal
3538,2024-11-15,1637,3,7,1,1748036,0,Tarjeta de Crédito,Sucursal
3539,2022-05-05,25,5,3,3,658866,20,Tarjeta de Crédito,Sucursal
3540,2022-10-25,177,5,17,1,658866,15,Efectivo,Online
3541,2022-03-24,1422,11,8,1,1298880,0,Mercado Pago,Online
3542,2022-05-04,859,13,2,2,1102174,10,Transferencia,Online
3543,2024-11-27,303,1,8,1,934942,5,Mercado Pago,Online
3544,2026-05-20,1800,19,11,1,1030169,15,Tarjeta de Débito,Online
3545,2021-10-16,1349,12,4,1,1844344,10,Mercado Pago,Online
3546,2021-07-07,364,19,10,1,1030169,10,Efectivo,Online
3547,2025-06-09,976,19,2,1,1030169,5,Tarjeta de Crédito,Sucursal
3548,2024-12-20,1826,15,4,2,2254306,15,Tarjeta de Crédito,Online
3549,2024-09-23,1366,14,18,1,2132068,0,Tarjeta de Crédito,Sucursal
3550,2025-08-07,1145,8,1,1,1661179,0,Tarjeta de Crédito,Sucursal
3551,2024-03-08,131,5,19,1,658866,0,Mercado Pago,Sucursal
3552,2024-09-24,3,14,17,1,2132068,5,Transferencia,Sucursal
3553,2023-11-22,329,5,4,2,658866,10,Tarjeta de Crédito,Sucursal
3554,2026-05-08,345,8,8,2,1661179,0,Tarjeta de Débito,Sucursal
3555,2025-12-27,1080,24,2,2,1763627,5,Tarjeta de Débito,Online
3556,2022-04-26,868,8,16,1,1661179,0,Tarjeta de Crédito,Sucursal
3557,2022-09-14,529,10,19,1,2261684,10,Mercado Pago,Sucursal
3558,2024-07-28,1719,22,20,1,1797606,0,Mercado Pago,Sucursal
3559,2023-12-20,1148,5,15,1,658866,0,Tarjeta de Débito,Sucursal
3560,2025-12-22,750,25,4,1,1853677,5,Tarjeta de Crédito,Sucursal
3561,2022-08-20,186,3,16,1,1748036,0,Tarjeta de Débito,Sucursal
3562,2023-12-26,1661,7,5,1,1778736,0,Tarjeta de Crédito,Sucursal
3563,2022-02-21,910,6,16,1,1764687,0,Tarjeta de Crédito,Online
3564,2025-12-19,1151,7,16,1,1778736,10,Mercado Pago,Sucursal
3565,2022-03-26,1420,6,6,1,1764687,15,Transferencia,Sucursal
3566,2022-03-27,675,23,19,1,1928958,0,Mercado Pago,Sucursal
3567,2022-08-16,411,19,11,1,1030169,5,Mercado Pago,Online
3568,2024-04-06,634,24,5,1,1763627,0,Tarjeta de Crédito,Sucursal
3569,2022-08-05,925,12,8,4,1844344,0,Tarjeta de Débito,Sucursal
3570,2023-03-20,971,7,13,2,1778736,5,Tarjeta de Crédito,Online
3571,2025-03-31,476,4,18,2,2160479,15,Tarjeta de Débito,Online
3572,2021-10-17,1325,4,14,1,2160479,0,Transferencia,Online
3573,2024-04-30,406,20,10,2,2236130,0,Tarjeta de Crédito,Sucursal
3574,2026-02-27,730,9,19,3,944582,0,Tarjeta de Crédito,Online
3575,2021-12-01,1250,3,13,1,1748036,0,Mercado Pago,Sucursal
3576,2025-10-23,1771,25,17,1,1853677,10,Mercado Pago,Sucursal
3577,2022-03-08,618,19,9,1,1030169,20,Tarjeta de Crédito,Sucursal
3578,2021-09-04,406,19,1,2,1030169,0,Tarjeta de Crédito,Online
3579,2022-04-27,1713,6,7,3,1764687,0,Efectivo,Online
3580,2022-09-30,448,19,19,3,1030169,15,Tarjeta de Crédito,Online
3581,2022-06-11,977,22,17,3,1797606,5,Tarjeta de Crédito,Sucursal
3582,2025-08-17,142,1,6,1,934942,0,Tarjeta de Crédito,Sucursal
3583,2024-10-08,187,17,12,2,1455169,0,Tarjeta de Débito,Online
3584,2023-07-28,1462,15,6,2,2254306,0,Tarjeta de Débito,Sucursal
3585,2021-07-04,903,24,3,1,1763627,10,Tarjeta de Crédito,Sucursal
3586,2025-01-11,963,18,11,1,1042885,0,Mercado Pago,Online
3587,2023-01-04,1408,3,15,5,1748036,0,Tarjeta de Débito,Online
3588,2026-05-15,127,1,12,1,934942,5,Mercado Pago,Online
3589,2024-06-19,1338,11,9,1,1298880,15,Tarjeta de Crédito,Sucursal
3590,2023-07-03,415,5,6,1,658866,10,Tarjeta de Crédito,Online
3591,2026-01-31,253,6,8,2,1764687,0,Efectivo,Online
3592,2026-02-25,433,1,10,5,934942,0,Mercado Pago,Online
3593,2025-08-22,1371,9,7,2,944582,10,Mercado Pago,Sucursal
3594,2022-12-09,11,14,17,1,2132068,0,Tarjeta de Débito,Online
3595,2023-01-22,1472,6,2,4,1764687,5,Tarjeta de Débito,Online
3596,2025-10-25,1548,25,20,2,1853677,5,Tarjeta de Débito,Online
3597,2023-10-07,1187,10,5,1,2261684,15,Tarjeta de Débito,Sucursal
3598,2021-12-01,1254,24,14,1,1763627,10,Transferencia,Online
3599,2024-09-16,69,9,15,1,944582,0,Tarjeta de Crédito,Sucursal
3600,2022-03-05,1683,16,2,3,954116,0,Tarjeta de Crédito,Sucursal
3601,2026-01-29,1273,23,3,2,1928958,5,Tarjeta de Débito,Sucursal
3602,2021-11-18,1124,1,17,1,934942,10,Tarjeta de Crédito,Online
3603,2021-12-16,248,13,16,1,1102174,0,Tarjeta de Débito,Sucursal
3604,2026-02-15,672,21,5,1,1989781,0,Tarjeta de Crédito,Sucursal
3605,2025-02-10,123,10,10,2,2261684,10,Tarjeta de Crédito,Online
3606,2021-12-20,447,9,17,1,944582,0,Tarjeta de Débito,Sucursal
3607,2025-08-14,1597,1,18,1,934942,10,Tarjeta de Crédito,Sucursal
3608,2022-04-19,1811,15,6,1,2254306,0,Tarjeta de Débito,Sucursal
3609,2021-11-08,559,20,8,1,2236130,0,Tarjeta de Débito,Sucursal
3610,2022-03-28,941,15,4,1,2254306,0,Tarjeta de Débito,Online
3611,2026-05-28,1895,11,2,1,1298880,0,Tarjeta de Débito,Sucursal
3612,2025-09-24,1405,24,14,1,1763627,0,Mercado Pago,Sucursal
3613,2024-10-29,585,21,2,1,1989781,0,Mercado Pago,Sucursal
3614,2023-06-24,1496,16,3,1,954116,0,Tarjeta de Crédito,Sucursal
3615,2023-12-24,194,23,6,1,1928958,0,Mercado Pago,Online
3616,2026-01-26,559,18,9,1,1042885,0,Tarjeta de Crédito,Sucursal
3617,2024-01-15,1907,13,14,1,1102174,20,Transferencia,Online
3618,2023-11-20,1425,23,20,1,1928958,0,Transferencia,Online
3619,2026-02-16,1222,22,5,1,1797606,10,Tarjeta de Crédito,Sucursal
3620,2025-03-31,395,12,9,1,1844344,0,Mercado Pago,Sucursal
3621,2026-04-14,1847,14,14,1,2132068,0,Tarjeta de Crédito,Sucursal
3622,2022-07-07,229,13,12,2,1102174,0,Tarjeta de Débito,Sucursal
3623,2024-12-25,106,6,4,1,1764687,5,Tarjeta de Crédito,Online
3624,2022-09-27,4,11,8,3,1298880,0,Tarjeta de Débito,Sucursal
3625,2026-02-19,492,16,10,1,954116,0,Mercado Pago,Sucursal
3626,2024-03-08,1315,20,1,3,2236130,0,Tarjeta de Crédito,Online
3627,2026-02-24,1811,6,13,1,1764687,0,Tarjeta de Débito,Sucursal
3628,2024-07-10,733,24,16,1,1763627,20,Tarjeta de Débito,Sucursal
3629,2023-04-08,376,8,20,1,1661179,5,Transferencia,Online
3630,2024-05-10,841,7,16,1,1778736,0,Mercado Pago,Online
3631,2022-10-21,1922,21,8,2,1989781,5,Tarjeta de Crédito,Online
3632,2021-11-07,1751,18,6,2,1042885,0,Mercado Pago,Online
3633,2023-08-31,165,24,20,3,1763627,10,Efectivo,Online
3634,2024-02-24,1074,18,9,1,1042885,10,Tarjeta de Crédito,Online
3635,2025-09-21,1019,2,8,1,1484902,5,Tarjeta de Débito,Online
3636,2025-05-10,1300,12,16,1,1844344,10,Tarjeta de Crédito,Sucursal
3637,2023-05-21,1756,12,17,1,1844344,0,Tarjeta de Crédito,Sucursal
3638,2025-07-24,1810,24,5,1,1763627,0,Tarjeta de Débito,Online
3639,2022-06-17,298,17,14,2,1455169,10,Transferencia,Online
3640,2026-07-02,217,5,6,1,658866,30,Tarjeta de Débito,Online
3641,2026-04-19,1394,24,2,2,1763627,0,Tarjeta de Crédito,Online
3642,2023-02-06,1985,1,3,1,934942,10,Tarjeta de Débito,Online
3643,2023-05-06,1521,15,16,5,2254306,10,Tarjeta de Crédito,Online
3644,2024-01-28,1351,5,6,1,658866,5,Tarjeta de Crédito,Sucursal
3645,2024-11-21,59,2,8,1,1484902,5,Tarjeta de Crédito,Sucursal
3646,2025-09-02,670,19,2,1,1030169,0,Tarjeta de Débito,Sucursal
3647,2023-03-15,73,19,14,2,1030169,10,Tarjeta de Crédito,Sucursal
3648,2024-07-05,276,7,9,1,1778736,0,Tarjeta de Crédito,Sucursal
3649,2025-12-26,1411,6,3,1,1764687,0,Transferencia,Online
3650,2026-01-22,47,5,4,1,658866,20,Tarjeta de Débito,Sucursal
3651,2024-04-09,631,1,13,1,934942,10,Tarjeta de Crédito,Online
3652,2025-06-05,921,3,19,1,1748036,0,Tarjeta de Crédito,Sucursal
3653,2024-10-05,90,18,9,3,1042885,15,Mercado Pago,Online
3654,2024-02-12,1390,15,18,1,2254306,0,Tarjeta de Crédito,Online
3655,2025-12-26,1637,21,12,1,1989781,0,Tarjeta de Crédito,Online
3656,2023-07-08,1255,19,4,1,1030169,0,Tarjeta de Débito,Sucursal
3657,2025-04-30,239,14,13,1,2132068,0,Tarjeta de Débito,Sucursal
3658,2023-05-09,133,17,16,1,1455169,10,Tarjeta de Crédito,Sucursal
3659,2026-01-09,1810,17,7,1,1455169,10,Tarjeta de Crédito,Sucursal
3660,2022-11-25,857,17,13,1,1455169,0,Tarjeta de Crédito,Sucursal
3661,2026-03-01,428,16,11,1,954116,30,Tarjeta de Crédito,Online
3662,2026-05-03,648,4,3,1,2160479,0,Transferencia,Sucursal
3663,2023-09-04,1588,12,9,1,1844344,5,Tarjeta de Crédito,Online
3664,2025-05-09,1739,15,5,3,2254306,5,Tarjeta de Débito,Sucursal
3665,2025-08-17,1106,18,13,1,1042885,10,Tarjeta de Crédito,Sucursal
3666,2023-03-16,1308,11,15,1,1298880,10,Mercado Pago,Sucursal
3667,2021-10-31,1383,25,5,1,1853677,0,Mercado Pago,Sucursal
3668,2024-04-02,1038,18,11,1,1042885,5,Mercado Pago,Sucursal
3669,2026-05-04,754,2,12,1,1484902,0,Mercado Pago,Online
3670,2024-10-27,1089,3,5,1,1748036,0,Tarjeta de Crédito,Sucursal
3671,2025-08-16,1955,13,13,1,1102174,5,Tarjeta de Crédito,Sucursal
3672,2025-01-20,88,10,13,1,2261684,5,Tarjeta de Crédito,Sucursal
3673,2023-09-21,166,20,19,3,2236130,15,Mercado Pago,Sucursal
3674,2022-09-24,134,4,1,1,2160479,10,Tarjeta de Crédito,Online
3675,2023-04-13,1769,24,13,1,1763627,5,Tarjeta de Crédito,Online
3676,2026-04-01,69,10,9,1,2261684,0,Transferencia,Online
3677,2023-09-17,630,11,5,4,1298880,20,Mercado Pago,Sucursal
3678,2023-11-03,1063,8,15,2,1661179,5,Transferencia,Online
3679,2024-01-27,33,15,6,1,2254306,5,Transferencia,Sucursal
3680,2024-11-06,414,23,14,3,1928958,0,Tarjeta de Débito,Sucursal
3681,2024-11-23,275,1,6,1,934942,0,Tarjeta de Crédito,Sucursal
3682,2022-06-28,677,15,9,1,2254306,0,Mercado Pago,Sucursal
3683,2022-04-11,1778,6,2,1,1764687,0,Mercado Pago,Sucursal
3684,2026-06-05,617,6,9,3,1764687,0,Tarjeta de Crédito,Online
3685,2025-05-05,1273,4,4,1,2160479,10,Tarjeta de Crédito,Sucursal
3686,2023-07-19,419,22,13,1,1797606,0,Tarjeta de Crédito,Sucursal
3687,2024-09-16,1180,15,19,1,2254306,0,Mercado Pago,Online
3688,2024-02-21,973,10,6,3,2261684,0,Mercado Pago,Online
3689,2025-01-29,612,22,12,3,1797606,10,Tarjeta de Débito,Online
3690,2024-02-17,858,10,19,1,2261684,30,Mercado Pago,Sucursal
3691,2025-11-06,666,4,1,1,2160479,0,Tarjeta de Débito,Sucursal
3692,2024-02-05,496,8,5,1,1661179,0,Tarjeta de Crédito,Online
3693,2024-04-11,1561,9,19,3,944582,0,Tarjeta de Crédito,Online
3694,2024-05-22,1231,24,9,3,1763627,0,Mercado Pago,Online
3695,2025-10-25,120,17,5,1,1455169,10,Tarjeta de Débito,Sucursal
3696,2021-08-14,377,16,3,1,954116,10,Transferencia,Sucursal
3697,2021-10-19,308,23,15,1,1928958,0,Tarjeta de Crédito,Online
3698,2024-02-19,303,20,4,1,2236130,10,Tarjeta de Crédito,Sucursal
3699,2024-05-11,1293,23,11,1,1928958,0,Tarjeta de Crédito,Sucursal
3700,2025-07-17,1200,23,6,1,1928958,0,Tarjeta de Crédito,Online
3701,2024-05-14,1087,22,4,1,1797606,0,Tarjeta de Crédito,Online
3702,2023-01-09,643,12,10,3,1844344,0,Tarjeta de Crédito,Sucursal
3703,2026-04-14,2000,9,15,2,944582,30,Tarjeta de Crédito,Sucursal
3704,2021-12-08,992,13,8,2,1102174,0,Mercado Pago,Online
3705,2024-09-20,1660,3,10,1,1748036,0,Tarjeta de Crédito,Online
3706,2023-02-16,723,7,5,1,1778736,0,Tarjeta de Crédito,Sucursal
3707,2026-05-25,246,4,7,1,2160479,15,Tarjeta de Débito,Online
3708,2022-02-26,558,20,10,2,2236130,5,Tarjeta de Débito,Sucursal
3709,2022-05-08,353,6,17,2,1764687,0,Mercado Pago,Online
3710,2023-06-22,702,16,10,1,954116,15,Tarjeta de Crédito,Sucursal
3711,2023-08-22,191,7,16,1,1778736,0,Tarjeta de Crédito,Sucursal
3712,2024-02-03,1918,9,8,1,944582,0,Tarjeta de Débito,Sucursal
3713,2023-08-19,704,17,15,1,1455169,15,Tarjeta de Débito,Online
3714,2025-07-19,1204,20,17,1,2236130,15,Mercado Pago,Sucursal
3715,2024-04-11,664,25,18,1,1853677,0,Tarjeta de Crédito,Sucursal
3716,2026-04-04,1881,5,20,3,658866,0,Tarjeta de Débito,Online
3717,2022-06-30,1286,4,14,1,2160479,0,Efectivo,Online
3718,2023-06-28,1989,1,5,1,934942,0,Tarjeta de Débito,Sucursal
3719,2026-04-04,766,10,17,1,2261684,0,Tarjeta de Crédito,Sucursal
3720,2024-05-10,1196,13,3,1,1102174,0,Tarjeta de Débito,Sucursal
3721,2025-08-24,794,12,10,1,1844344,0,Tarjeta de Débito,Sucursal
3722,2026-05-03,439,10,12,1,2261684,0,Tarjeta de Crédito,Sucursal
3723,2025-03-08,1087,22,15,1,1797606,0,Tarjeta de Débito,Sucursal
3724,2024-09-05,930,20,3,1,2236130,0,Transferencia,Sucursal
3725,2022-06-01,358,12,6,1,1844344,0,Tarjeta de Crédito,Sucursal
3726,2023-06-20,39,17,5,1,1455169,5,Efectivo,Online
3727,2023-04-17,1611,9,13,1,944582,0,Tarjeta de Débito,Sucursal
3728,2025-12-30,1161,15,7,1,2254306,30,Mercado Pago,Sucursal
3729,2022-06-17,520,4,7,1,2160479,0,Tarjeta de Crédito,Sucursal
3730,2024-05-13,1300,12,14,2,1844344,0,Tarjeta de Crédito,Sucursal
3731,2025-06-26,1440,13,4,1,1102174,0,Tarjeta de Crédito,Online
3732,2022-05-25,1681,19,8,3,1030169,0,Mercado Pago,Sucursal
3733,2021-09-15,1311,18,19,1,1042885,15,Tarjeta de Crédito,Sucursal
3734,2023-02-06,718,7,8,2,1778736,0,Tarjeta de Crédito,Sucursal
3735,2024-11-05,275,6,16,1,1764687,0,Mercado Pago,Online
3736,2023-10-01,1604,3,7,1,1748036,0,Tarjeta de Crédito,Sucursal
3737,2025-01-14,1111,12,8,1,1844344,0,Tarjeta de Débito,Sucursal
3738,2025-03-24,398,12,5,1,1844344,0,Tarjeta de Débito,Sucursal
3739,2023-01-07,1194,4,5,1,2160479,0,Tarjeta de Débito,Sucursal
3740,2022-04-12,795,10,7,1,2261684,0,Efectivo,Sucursal
3741,2023-05-18,1562,12,17,2,1844344,0,Tarjeta de Crédito,Sucursal
3742,2022-08-13,15,15,1,2,2254306,0,Tarjeta de Débito,Sucursal
3743,2025-03-29,950,15,2,1,2254306,0,Efectivo,Online
3744,2022-02-28,1258,12,15,3,1844344,10,Tarjeta de Crédito,Sucursal
3745,2021-07-11,1478,7,20,3,1778736,10,Tarjeta de Crédito,Sucursal
3746,2025-10-26,1232,15,13,1,2254306,5,Tarjeta de Débito,Sucursal
3747,2022-08-05,1902,18,13,3,1042885,5,Tarjeta de Crédito,Sucursal
3748,2023-10-02,1686,22,10,3,1797606,0,Tarjeta de Débito,Sucursal
3749,2022-10-15,1267,23,20,3,1928958,0,Tarjeta de Crédito,Sucursal
3750,2025-05-29,1587,5,4,1,658866,5,Tarjeta de Crédito,Sucursal
3751,2024-03-03,1896,14,12,1,2132068,0,Tarjeta de Débito,Online
3752,2025-06-19,508,2,12,1,1484902,10,Mercado Pago,Online
3753,2026-04-28,223,25,14,3,1853677,0,Mercado Pago,Sucursal
3754,2024-06-19,957,19,4,1,1030169,0,Transferencia,Sucursal
3755,2024-06-19,1641,16,12,3,954116,5,Tarjeta de Débito,Online
3756,2024-08-30,1399,22,3,1,1797606,5,Mercado Pago,Sucursal
3757,2022-05-19,801,10,1,2,2261684,15,Tarjeta de Crédito,Sucursal
3758,2022-05-14,719,14,9,1,2132068,0,Transferencia,Sucursal
3759,2021-12-04,185,3,5,1,1748036,5,Tarjeta de Crédito,Sucursal
3760,2026-01-04,627,7,8,1,1778736,0,Mercado Pago,Online
3761,2023-04-28,1393,3,14,1,1748036,0,Tarjeta de Crédito,Sucursal
3762,2025-10-23,1337,13,12,1,1102174,5,Tarjeta de Crédito,Sucursal
3763,2022-02-09,1964,15,20,1,2254306,0,Tarjeta de Crédito,Sucursal
3764,2023-06-11,684,9,12,2,944582,20,Efectivo,Sucursal
3765,2022-05-19,1802,4,5,3,2160479,15,Transferencia,Sucursal
3766,2025-01-22,109,23,7,1,1928958,10,Tarjeta de Crédito,Sucursal
3767,2024-11-28,1398,2,5,1,1484902,0,Transferencia,Sucursal
3768,2024-02-23,966,23,20,1,1928958,0,Tarjeta de Crédito,Online
3769,2024-10-29,767,20,6,2,2236130,15,Tarjeta de Crédito,Sucursal
3770,2024-05-12,1070,21,4,1,1989781,15,Tarjeta de Crédito,Online
3771,2026-05-18,1863,5,16,3,658866,0,Tarjeta de Crédito,Sucursal
3772,2023-03-27,1726,15,19,2,2254306,0,Tarjeta de Crédito,Online
3773,2023-08-06,902,6,1,1,1764687,5,Tarjeta de Débito,Sucursal
3774,2023-02-12,670,2,4,2,1484902,30,Tarjeta de Crédito,Sucursal
3775,2024-03-02,1192,1,2,1,934942,0,Tarjeta de Débito,Sucursal
3776,2023-10-09,28,16,4,1,954116,15,Tarjeta de Débito,Sucursal
3777,2024-12-10,1545,18,7,4,1042885,0,Tarjeta de Débito,Sucursal
3778,2021-08-10,859,12,5,1,1844344,0,Tarjeta de Crédito,Sucursal
3779,2023-02-18,208,8,15,1,1661179,5,Tarjeta de Crédito,Sucursal
3780,2021-12-01,309,23,18,1,1928958,0,Mercado Pago,Online
3781,2023-04-25,801,15,9,1,2254306,5,Mercado Pago,Sucursal
3782,2023-08-18,289,2,10,2,1484902,10,Tarjeta de Crédito,Sucursal
3783,2025-03-19,972,19,14,4,1030169,15,Tarjeta de Crédito,Online
3784,2024-10-28,117,16,11,3,954116,5,Tarjeta de Crédito,Sucursal
3785,2024-06-03,675,9,11,1,944582,0,Tarjeta de Crédito,Online
3786,2022-07-24,1436,14,18,1,2132068,0,Transferencia,Online
3787,2021-07-04,830,6,4,1,1764687,5,Efectivo,Sucursal
3788,2022-03-03,296,11,18,1,1298880,0,Tarjeta de Crédito,Sucursal
3789,2022-08-16,1389,9,3,3,944582,0,Tarjeta de Débito,Online
3790,2022-12-08,929,19,13,1,1030169,0,Tarjeta de Crédito,Sucursal
3791,2026-03-18,1814,8,5,1,1661179,0,Tarjeta de Débito,Online
3792,2022-06-08,1926,18,4,2,1042885,0,Tarjeta de Crédito,Online
3793,2022-09-29,986,14,3,1,2132068,15,Tarjeta de Crédito,Online
3794,2022-04-22,34,15,4,3,2254306,30,Tarjeta de Crédito,Online
3795,2025-05-25,1943,6,19,1,1764687,0,Mercado Pago,Online
3796,2024-10-25,1558,5,6,1,658866,0,Tarjeta de Crédito,Sucursal
3797,2022-08-13,662,16,17,1,954116,0,Tarjeta de Débito,Sucursal
3798,2025-07-21,357,9,13,1,944582,10,Tarjeta de Crédito,Sucursal
3799,2025-07-12,697,3,16,1,1748036,0,Tarjeta de Crédito,Online
3800,2023-04-23,1212,1,2,2,934942,0,Efectivo,Sucursal
3801,2025-05-09,1052,1,10,1,934942,10,Mercado Pago,Online
3802,2024-03-10,1299,2,4,1,1484902,0,Tarjeta de Crédito,Sucursal
3803,2022-07-24,1514,17,16,3,1455169,0,Tarjeta de Crédito,Online
3804,2021-12-05,257,2,20,4,1484902,0,Mercado Pago,Sucursal
3805,2026-06-01,1988,22,15,2,1797606,5,Transferencia,Online
3806,2024-06-01,178,7,2,1,1778736,0,Transferencia,Online
3807,2025-08-06,1959,22,3,1,1797606,0,Tarjeta de Crédito,Sucursal
3808,2023-11-14,101,14,17,1,2132068,15,Tarjeta de Crédito,Sucursal
3809,2022-12-23,1265,16,18,1,954116,10,Mercado Pago,Sucursal
3810,2021-07-07,1463,23,10,4,1928958,5,Tarjeta de Débito,Sucursal
3811,2023-09-13,1205,6,19,1,1764687,5,Tarjeta de Débito,Sucursal
3812,2026-07-01,395,19,3,1,1030169,0,Tarjeta de Crédito,Sucursal
3813,2021-10-31,1538,2,7,1,1484902,0,Tarjeta de Crédito,Sucursal
3814,2024-06-12,1976,23,16,1,1928958,0,Tarjeta de Débito,Online
3815,2022-07-26,1180,16,16,1,954116,0,Transferencia,Online
3816,2025-07-12,1818,6,17,1,1764687,10,Tarjeta de Crédito,Sucursal
3817,2023-07-13,121,5,12,1,658866,10,Tarjeta de Crédito,Sucursal
3818,2022-04-01,469,7,19,1,1778736,10,Transferencia,Online
3819,2026-03-08,1020,16,6,2,954116,10,Tarjeta de Crédito,Sucursal
3820,2024-02-06,28,23,10,1,1928958,0,Mercado Pago,Sucursal
3821,2024-03-06,1361,25,13,1,1853677,10,Efectivo,Sucursal
3822,2026-01-05,1664,10,17,1,2261684,15,Tarjeta de Débito,Online
3823,2021-07-13,1706,7,17,1,1778736,10,Tarjeta de Crédito,Online
3824,2022-02-12,1918,16,5,1,954116,0,Mercado Pago,Sucursal
3825,2025-09-09,337,23,15,1,1928958,5,Tarjeta de Débito,Sucursal
3826,2023-05-11,66,15,15,2,2254306,5,Transferencia,Online
3827,2026-01-29,942,10,17,1,2261684,0,Tarjeta de Crédito,Online
3828,2021-12-24,1567,21,2,1,1989781,0,Tarjeta de Crédito,Sucursal
3829,2025-02-10,1346,3,1,1,1748036,20,Transferencia,Sucursal
3830,2022-01-28,1941,21,4,1,1989781,0,Mercado Pago,Sucursal
3831,2024-02-10,1910,15,10,1,2254306,10,Tarjeta de Débito,Online
3832,2025-08-22,865,20,1,2,2236130,0,Mercado Pago,Online
3833,2024-03-10,1072,11,14,3,1298880,10,Tarjeta de Débito,Online
3834,2022-08-08,882,8,14,1,1661179,10,Tarjeta de Débito,Online
3835,2023-07-11,600,8,4,1,1661179,5,Tarjeta de Crédito,Online
3836,2023-01-13,638,4,5,1,2160479,0,Mercado Pago,Sucursal
3837,2024-06-23,1170,24,16,1,1763627,10,Tarjeta de Débito,Sucursal
3838,2024-12-12,1508,8,2,2,1661179,10,Tarjeta de Crédito,Sucursal
3839,2025-03-27,1298,12,2,1,1844344,0,Transferencia,Sucursal
3840,2026-03-15,1483,23,19,1,1928958,0,Tarjeta de Crédito,Sucursal
3841,2022-12-06,1586,14,14,1,2132068,20,Tarjeta de Crédito,Sucursal
3842,2024-04-10,502,22,5,1,1797606,0,Tarjeta de Crédito,Sucursal
3843,2024-09-23,586,24,13,1,1763627,20,Tarjeta de Crédito,Online
3844,2022-03-02,479,15,12,1,2254306,5,Mercado Pago,Sucursal
3845,2026-04-16,1683,1,9,3,934942,15,Mercado Pago,Sucursal
3846,2021-12-26,898,10,4,1,2261684,0,Tarjeta de Crédito,Sucursal
3847,2024-04-05,193,18,10,1,1042885,0,Tarjeta de Crédito,Sucursal
3848,2024-11-15,1413,19,18,3,1030169,0,Tarjeta de Crédito,Sucursal
3849,2023-03-16,1614,2,17,3,1484902,0,Tarjeta de Crédito,Online
3850,2022-03-14,1798,21,13,1,1989781,0,Tarjeta de Crédito,Online
3851,2025-10-18,1915,16,13,1,954116,0,Tarjeta de Débito,Sucursal
3852,2022-07-10,1438,2,13,1,1484902,5,Tarjeta de Débito,Online
3853,2026-01-30,1441,14,5,1,2132068,0,Efectivo,Sucursal
3854,2025-01-18,1549,24,6,1,1763627,10,Transferencia,Sucursal
3855,2022-06-02,775,1,9,2,934942,0,Efectivo,Sucursal
3856,2024-06-12,1424,18,12,1,1042885,0,Tarjeta de Débito,Online
3857,2021-11-08,33,11,20,1,1298880,5,Efectivo,Online
3858,2025-12-08,1068,23,16,1,1928958,5,Tarjeta de Crédito,Online
3859,2025-03-18,707,20,3,1,2236130,5,Mercado Pago,Sucursal
3860,2024-05-25,1419,12,2,1,1844344,10,Tarjeta de Débito,Online
3861,2025-06-14,912,3,2,1,1748036,5,Tarjeta de Crédito,Online
3862,2021-12-19,343,6,12,1,1764687,15,Efectivo,Sucursal
3863,2024-05-24,854,3,20,1,1748036,0,Tarjeta de Crédito,Sucursal
3864,2025-07-01,1127,11,6,2,1298880,20,Mercado Pago,Sucursal
3865,2023-08-10,1524,3,6,3,1748036,0,Tarjeta de Crédito,Online
3866,2022-06-22,101,24,8,1,1763627,10,Mercado Pago,Sucursal
3867,2023-01-03,1741,10,1,2,2261684,0,Mercado Pago,Online
3868,2023-06-03,1720,22,10,1,1797606,10,Tarjeta de Débito,Online
3869,2023-03-12,943,6,18,1,1764687,0,Efectivo,Online
3870,2025-12-17,1120,17,12,1,1455169,15,Mercado Pago,Online
3871,2021-07-10,1073,17,11,1,1455169,0,Tarjeta de Crédito,Sucursal
3872,2022-09-09,1104,10,6,1,2261684,20,Tarjeta de Crédito,Sucursal
3873,2026-05-30,881,11,19,1,1298880,0,Transferencia,Sucursal
3874,2025-05-03,1982,24,18,2,1763627,10,Tarjeta de Débito,Sucursal
3875,2023-09-07,649,24,2,2,1763627,0,Mercado Pago,Sucursal
3876,2023-05-29,1105,8,19,1,1661179,5,Transferencia,Sucursal
3877,2023-01-19,1844,19,16,1,1030169,5,Transferencia,Online
3878,2026-05-07,346,13,17,1,1102174,0,Tarjeta de Crédito,Sucursal
3879,2024-07-17,1927,16,11,1,954116,10,Tarjeta de Débito,Sucursal
3880,2021-12-17,469,1,17,2,934942,15,Tarjeta de Crédito,Online
3881,2024-11-05,186,4,16,2,2160479,0,Tarjeta de Crédito,Online
3882,2022-12-19,737,5,2,1,658866,15,Tarjeta de Crédito,Online
3883,2024-05-02,126,12,16,3,1844344,10,Tarjeta de Crédito,Online
3884,2024-03-25,1076,21,12,1,1989781,5,Tarjeta de Crédito,Sucursal
3885,2021-10-07,1567,16,6,3,954116,0,Tarjeta de Débito,Online
3886,2023-01-13,1916,24,6,1,1763627,0,Tarjeta de Crédito,Sucursal
3887,2025-06-04,1738,25,4,1,1853677,20,Mercado Pago,Online
3888,2023-11-14,992,16,9,1,954116,5,Transferencia,Online
3889,2024-02-03,1494,13,5,1,1102174,0,Tarjeta de Crédito,Online
3890,2024-09-06,5,25,3,1,1853677,20,Tarjeta de Crédito,Sucursal
3891,2025-12-06,1982,23,8,4,1928958,0,Tarjeta de Débito,Sucursal
3892,2023-03-18,1203,9,9,1,944582,0,Tarjeta de Crédito,Online
3893,2024-01-31,1189,24,13,1,1763627,0,Mercado Pago,Sucursal
3894,2025-09-04,1457,18,1,1,1042885,15,Tarjeta de Crédito,Sucursal
3895,2026-05-27,385,12,14,2,1844344,0,Tarjeta de Crédito,Online
3896,2022-01-16,1052,7,16,1,1778736,0,Mercado Pago,Online
3897,2023-06-14,1958,23,16,1,1928958,10,Tarjeta de Crédito,Sucursal
3898,2024-09-03,1316,13,15,1,1102174,10,Tarjeta de Crédito,Online
3899,2022-07-23,1479,12,19,1,1844344,5,Tarjeta de Crédito,Online
3900,2021-11-16,1890,8,17,1,1661179,10,Transferencia,Online
3901,2026-05-29,1241,21,5,1,1989781,0,Efectivo,Sucursal
3902,2021-11-13,1678,14,11,2,2132068,5,Tarjeta de Crédito,Sucursal
3903,2024-06-14,45,1,16,3,934942,0,Tarjeta de Crédito,Sucursal
3904,2021-10-01,790,25,18,1,1853677,0,Transferencia,Sucursal
3905,2021-07-22,1397,22,5,1,1797606,0,Tarjeta de Crédito,Online
3906,2025-05-19,1592,24,20,1,1763627,5,Tarjeta de Crédito,Sucursal
3907,2024-05-18,1237,15,5,1,2254306,15,Mercado Pago,Sucursal
3908,2024-05-15,1228,14,15,2,2132068,10,Tarjeta de Crédito,Online
3909,2023-02-07,1981,7,18,1,1778736,0,Mercado Pago,Sucursal
3910,2022-01-27,1573,20,2,1,2236130,0,Transferencia,Sucursal
3911,2023-12-01,1185,11,8,2,1298880,5,Tarjeta de Crédito,Sucursal
3912,2022-07-23,54,17,16,2,1455169,0,Tarjeta de Crédito,Sucursal
3913,2025-02-14,1933,21,18,2,1989781,30,Tarjeta de Crédito,Online
3914,2024-01-26,226,1,6,2,934942,20,Transferencia,Online
3915,2024-03-04,61,23,4,1,1928958,0,Tarjeta de Débito,Online
3916,2024-10-10,152,23,13,1,1928958,20,Tarjeta de Crédito,Online
3917,2025-03-31,529,16,2,2,954116,5,Transferencia,Sucursal
3918,2023-07-25,1778,14,17,4,2132068,0,Transferencia,Online
3919,2022-06-20,105,9,8,3,944582,10,Tarjeta de Crédito,Sucursal
3920,2025-05-23,337,8,8,1,1661179,5,Tarjeta de Débito,Online
3921,2025-10-28,1628,16,20,3,954116,0,Tarjeta de Crédito,Sucursal
3922,2022-01-27,246,13,5,2,1102174,0,Mercado Pago,Online
3923,2022-01-19,829,3,2,4,1748036,10,Tarjeta de Crédito,Sucursal
3924,2021-11-27,768,6,14,2,1764687,0,Tarjeta de Crédito,Sucursal
3925,2024-09-10,1205,2,18,1,1484902,0,Tarjeta de Crédito,Online
3926,2024-07-08,1821,21,2,1,1989781,20,Tarjeta de Crédito,Online
3927,2022-01-20,1140,22,11,3,1797606,15,Tarjeta de Débito,Sucursal
3928,2025-10-31,1591,1,19,1,934942,0,Tarjeta de Débito,Sucursal
3929,2026-03-27,928,11,18,1,1298880,10,Tarjeta de Crédito,Sucursal
3930,2022-06-02,1455,19,10,1,1030169,0,Mercado Pago,Sucursal
3931,2025-02-28,1026,24,8,1,1763627,0,Tarjeta de Débito,Online
3932,2024-12-20,473,12,1,3,1844344,0,Efectivo,Sucursal
3933,2025-09-04,1952,7,15,4,1778736,5,Tarjeta de Crédito,Sucursal
3934,2026-04-02,1954,2,19,1,1484902,0,Transferencia,Online
3935,2023-01-24,555,1,11,1,934942,5,Tarjeta de Débito,Sucursal
3936,2021-12-08,380,23,7,2,1928958,20,Tarjeta de Crédito,Sucursal
3937,2023-05-01,1755,7,6,1,1778736,0,Mercado Pago,Sucursal
3938,2023-01-22,1488,16,16,1,954116,0,Tarjeta de Débito,Online
3939,2021-10-06,1577,24,15,4,1763627,30,Tarjeta de Débito,Online
3940,2025-08-25,16,15,6,2,2254306,0,Transferencia,Sucursal
3941,2025-07-05,1091,15,4,1,2254306,10,Tarjeta de Crédito,Sucursal
3942,2022-03-20,1340,9,13,1,944582,15,Transferencia,Sucursal
3943,2022-07-23,1220,10,20,1,2261684,10,Tarjeta de Crédito,Sucursal
3944,2025-04-27,1308,7,6,1,1778736,0,Tarjeta de Crédito,Sucursal
3945,2024-01-09,1877,18,19,1,1042885,5,Mercado Pago,Sucursal
3946,2024-10-02,323,6,19,1,1764687,0,Transferencia,Online
3947,2023-01-07,1276,11,11,1,1298880,10,Mercado Pago,Sucursal
3948,2022-08-21,11,4,12,2,2160479,10,Tarjeta de Débito,Sucursal
3949,2022-02-21,795,7,11,1,1778736,0,Transferencia,Sucursal
3950,2025-11-08,466,9,10,1,944582,5,Tarjeta de Débito,Sucursal
3951,2022-10-28,1630,20,9,1,2236130,15,Tarjeta de Crédito,Sucursal
3952,2024-08-31,670,19,1,1,1030169,0,Tarjeta de Crédito,Sucursal
3953,2024-07-25,1306,7,4,2,1778736,0,Tarjeta de Crédito,Online
3954,2022-02-06,1665,23,3,1,1928958,10,Tarjeta de Crédito,Sucursal
3955,2025-08-26,245,1,1,1,934942,5,Transferencia,Online
3956,2024-02-16,1913,8,17,1,1661179,0,Transferencia,Sucursal
3957,2024-11-16,1934,25,4,1,1853677,0,Tarjeta de Crédito,Sucursal
3958,2022-11-19,541,19,11,2,1030169,0,Transferencia,Sucursal
3959,2025-10-07,1731,22,16,2,1797606,0,Mercado Pago,Sucursal
3960,2026-05-03,183,12,5,2,1844344,0,Mercado Pago,Online
3961,2025-01-26,768,14,6,1,2132068,5,Tarjeta de Crédito,Sucursal
3962,2026-03-26,1411,20,15,2,2236130,0,Efectivo,Sucursal
3963,2025-03-02,1460,6,18,1,1764687,0,Mercado Pago,Sucursal
3964,2025-12-11,1607,15,5,1,2254306,0,Tarjeta de Débito,Sucursal
3965,2024-12-17,848,22,12,1,1797606,0,Tarjeta de Débito,Sucursal
3966,2022-10-16,303,1,17,2,934942,5,Tarjeta de Débito,Online
3967,2025-07-31,932,14,4,1,2132068,5,Tarjeta de Débito,Sucursal
3968,2024-03-23,1233,14,14,2,2132068,0,Tarjeta de Débito,Sucursal
3969,2025-07-20,1900,2,11,1,1484902,0,Tarjeta de Crédito,Sucursal
3970,2026-01-24,1134,15,7,1,2254306,20,Tarjeta de Crédito,Sucursal
3971,2024-09-19,227,19,5,1,1030169,0,Efectivo,Sucursal
3972,2025-09-13,1517,13,14,2,1102174,5,Tarjeta de Crédito,Sucursal
3973,2022-12-29,619,24,10,2,1763627,0,Mercado Pago,Sucursal
3974,2022-03-18,1995,17,6,1,1455169,0,Transferencia,Sucursal
3975,2022-08-02,1255,11,17,1,1298880,15,Tarjeta de Crédito,Online
3976,2022-07-13,1774,13,14,1,1102174,5,Mercado Pago,Sucursal
3977,2025-07-19,542,18,8,3,1042885,0,Transferencia,Online
3978,2022-11-09,1285,17,12,5,1455169,0,Mercado Pago,Online
3979,2021-12-15,769,18,13,1,1042885,20,Tarjeta de Crédito,Sucursal
3980,2024-12-01,1347,10,3,2,2261684,0,Transferencia,Sucursal
3981,2024-10-15,1186,21,1,1,1989781,0,Tarjeta de Crédito,Online
3982,2023-07-24,266,15,16,3,2254306,0,Tarjeta de Débito,Sucursal
3983,2023-02-05,1212,9,7,1,944582,0,Tarjeta de Débito,Sucursal
3984,2024-09-21,574,4,16,2,2160479,10,Tarjeta de Crédito,Online
3985,2023-07-15,1727,1,18,1,934942,10,Tarjeta de Crédito,Sucursal
3986,2023-09-20,186,14,4,1,2132068,0,Tarjeta de Crédito,Sucursal
3987,2026-06-15,1150,19,12,5,1030169,10,Tarjeta de Débito,Online
3988,2026-02-22,1010,19,7,1,1030169,5,Mercado Pago,Sucursal
3989,2024-07-25,1996,13,3,1,1102174,0,Tarjeta de Crédito,Sucursal
3990,2026-03-09,1677,14,17,1,2132068,0,Tarjeta de Crédito,Sucursal
3991,2023-11-20,1736,13,1,2,1102174,0,Tarjeta de Crédito,Sucursal
3992,2025-04-13,50,9,9,1,944582,5,Tarjeta de Crédito,Sucursal
3993,2023-10-22,1701,16,8,4,954116,5,Transferencia,Sucursal
3994,2025-12-10,512,14,11,2,2132068,15,Tarjeta de Crédito,Sucursal
3995,2024-03-24,225,7,9,1,1778736,10,Transferencia,Sucursal
3996,2024-11-08,1093,25,6,1,1853677,20,Transferencia,Sucursal
3997,2025-05-23,945,6,3,1,1764687,5,Tarjeta de Crédito,Sucursal
3998,2026-05-04,233,4,1,2,2160479,0,Tarjeta de Crédito,Online
3999,2023-10-14,819,5,15,1,658866,0,Transferencia,Sucursal
4000,2024-01-23,650,11,3,1,1298880,10,Tarjeta de Crédito,Sucursal
4001,2023-08-24,1843,8,3,2,1661179,0,Efectivo,Online
4002,2026-04-16,1141,13,13,1,1102174,0,Tarjeta de Débito,Online
4003,2021-10-14,439,17,4,1,1455169,0,Mercado Pago,Online
4004,2022-09-05,1325,12,13,3,1844344,0,Tarjeta de Crédito,Sucursal
4005,2023-12-24,1567,24,1,1,1763627,0,Tarjeta de Crédito,Online
4006,2023-11-09,368,22,7,5,1797606,0,Tarjeta de Crédito,Sucursal
4007,2024-09-27,1256,23,20,2,1928958,0,Tarjeta de Crédito,Online
4008,2026-04-15,1796,20,1,1,2236130,15,Mercado Pago,Sucursal
4009,2025-12-26,822,16,18,1,954116,0,Mercado Pago,Online
4010,2025-12-12,300,17,18,1,1455169,0,Tarjeta de Crédito,Sucursal
4011,2022-01-18,482,1,14,2,934942,0,Mercado Pago,Sucursal
4012,2023-12-18,1439,14,6,2,2132068,5,Mercado Pago,Sucursal
4013,2024-11-04,1948,3,15,1,1748036,0,Mercado Pago,Sucursal
4014,2021-07-26,120,20,3,1,2236130,5,Tarjeta de Crédito,Sucursal
4015,2025-08-01,178,22,11,1,1797606,0,Efectivo,Sucursal
4016,2022-08-06,1285,15,13,1,2254306,5,Transferencia,Sucursal
4017,2025-10-25,1225,2,13,1,1484902,0,Tarjeta de Crédito,Sucursal
4018,2023-05-29,1569,3,13,1,1748036,0,Tarjeta de Crédito,Online
4019,2022-02-08,1075,22,1,1,1797606,5,Tarjeta de Crédito,Sucursal
4020,2023-08-30,1112,6,19,1,1764687,0,Mercado Pago,Sucursal
4021,2026-01-03,1649,10,19,2,2261684,0,Tarjeta de Crédito,Sucursal
4022,2023-06-18,295,16,11,1,954116,15,Tarjeta de Crédito,Sucursal
4023,2023-09-14,217,18,15,1,1042885,0,Tarjeta de Débito,Sucursal
4024,2024-08-16,1889,22,2,1,1797606,0,Tarjeta de Débito,Sucursal
4025,2025-12-02,348,2,10,1,1484902,0,Tarjeta de Crédito,Sucursal
4026,2023-09-09,257,22,4,1,1797606,10,Tarjeta de Crédito,Sucursal
4027,2025-04-16,1153,7,16,2,1778736,15,Mercado Pago,Online
4028,2022-07-06,252,3,7,5,1748036,5,Tarjeta de Débito,Sucursal
4029,2022-05-11,864,25,5,1,1853677,0,Tarjeta de Crédito,Sucursal
4030,2026-04-06,1173,9,8,1,944582,15,Tarjeta de Débito,Online
4031,2024-05-07,1571,3,11,1,1748036,0,Tarjeta de Crédito,Sucursal
4032,2025-02-17,480,13,17,1,1102174,0,Mercado Pago,Sucursal
4033,2023-06-08,1113,4,16,1,2160479,0,Tarjeta de Débito,Online
4034,2021-12-29,1879,8,2,1,1661179,0,Tarjeta de Crédito,Online
4035,2022-06-14,32,3,14,1,1748036,20,Mercado Pago,Sucursal
4036,2025-02-17,920,23,9,1,1928958,0,Tarjeta de Crédito,Sucursal
4037,2026-06-20,1897,3,13,1,1748036,10,Tarjeta de Crédito,Online
4038,2025-06-13,1666,12,4,1,1844344,0,Tarjeta de Débito,Sucursal
4039,2023-05-07,792,24,16,1,1763627,0,Tarjeta de Crédito,Sucursal
4040,2024-10-13,234,10,9,3,2261684,0,Tarjeta de Crédito,Sucursal
4041,2024-06-06,1758,3,5,1,1748036,0,Tarjeta de Débito,Sucursal
4042,2025-09-30,1664,12,11,2,1844344,5,Tarjeta de Crédito,Sucursal
4043,2022-12-06,1927,16,11,2,954116,0,Transferencia,Online
4044,2021-09-06,1685,24,13,1,1763627,0,Tarjeta de Crédito,Sucursal
4045,2024-02-10,1108,25,3,1,1853677,0,Tarjeta de Crédito,Online
4046,2025-10-18,329,21,4,1,1989781,20,Tarjeta de Débito,Sucursal
4047,2025-01-23,261,3,5,1,1748036,10,Tarjeta de Crédito,Online
4048,2023-07-14,1930,12,17,1,1844344,0,Tarjeta de Crédito,Sucursal
4049,2025-07-01,1174,12,11,1,1844344,0,Tarjeta de Crédito,Sucursal
4050,2025-01-05,600,5,18,1,658866,5,Tarjeta de Crédito,Sucursal
4051,2024-06-09,704,7,6,2,1778736,5,Tarjeta de Crédito,Online
4052,2021-08-16,1073,19,3,2,1030169,0,Mercado Pago,Sucursal
4053,2024-08-02,1221,25,16,2,1853677,0,Tarjeta de Crédito,Sucursal
4054,2021-10-02,1023,18,3,1,1042885,10,Tarjeta de Débito,Sucursal
4055,2026-06-09,1857,20,6,3,2236130,5,Tarjeta de Crédito,Online
4056,2024-11-01,1432,16,13,1,954116,0,Tarjeta de Crédito,Sucursal
4057,2021-10-14,1414,3,17,1,1748036,20,Tarjeta de Crédito,Sucursal
4058,2022-08-16,224,9,10,1,944582,0,Efectivo,Sucursal
4059,2025-05-15,1978,8,19,1,1661179,0,Tarjeta de Crédito,Sucursal
4060,2025-11-29,1823,10,1,2,2261684,10,Transferencia,Sucursal
4061,2025-04-12,359,1,5,2,934942,0,Mercado Pago,Sucursal
4062,2022-05-12,1453,24,15,1,1763627,0,Tarjeta de Débito,Online
4063,2023-01-19,1018,18,8,1,1042885,0,Tarjeta de Crédito,Online
4064,2024-05-20,1858,21,12,2,1989781,0,Tarjeta de Crédito,Sucursal
4065,2024-07-13,750,20,12,1,2236130,0,Mercado Pago,Online
4066,2022-01-29,351,14,16,1,2132068,10,Tarjeta de Crédito,Sucursal
4067,2025-12-03,200,8,3,2,1661179,0,Tarjeta de Crédito,Sucursal
4068,2025-07-16,1543,11,17,1,1298880,0,Tarjeta de Débito,Online
4069,2023-06-10,132,25,15,1,1853677,0,Tarjeta de Crédito,Online
4070,2025-01-15,906,8,8,1,1661179,10,Tarjeta de Débito,Online
4071,2026-04-06,1010,25,1,1,1853677,0,Tarjeta de Débito,Sucursal
4072,2024-08-09,780,4,13,1,2160479,5,Tarjeta de Crédito,Sucursal
4073,2022-09-02,405,2,15,1,1484902,10,Tarjeta de Crédito,Sucursal
4074,2023-09-13,964,9,1,1,944582,5,Tarjeta de Crédito,Sucursal
4075,2022-01-09,1118,5,11,1,658866,5,Tarjeta de Crédito,Sucursal
4076,2023-12-31,1756,20,12,1,2236130,0,Transferencia,Sucursal
4077,2025-02-02,807,20,19,1,2236130,20,Tarjeta de Crédito,Sucursal
4078,2023-03-23,1549,14,20,1,2132068,0,Mercado Pago,Online
4079,2024-10-28,695,10,8,1,2261684,5,Mercado Pago,Sucursal
4080,2021-09-15,859,6,11,1,1764687,0,Tarjeta de Débito,Online
4081,2022-03-28,886,6,9,4,1764687,10,Tarjeta de Crédito,Sucursal
4082,2023-07-30,864,7,16,1,1778736,0,Transferencia,Sucursal
4083,2023-07-28,890,11,9,1,1298880,0,Tarjeta de Crédito,Online
4084,2024-09-23,276,8,20,1,1661179,0,Tarjeta de Débito,Sucursal
4085,2022-07-27,1858,13,8,2,1102174,30,Tarjeta de Débito,Sucursal
4086,2025-02-25,92,14,18,2,2132068,0,Mercado Pago,Sucursal
4087,2024-05-21,833,22,19,1,1797606,0,Tarjeta de Débito,Sucursal
4088,2023-02-23,1301,10,4,1,2261684,0,Tarjeta de Crédito,Online
4089,2026-02-08,1324,19,14,1,1030169,0,Tarjeta de Débito,Sucursal
4090,2021-12-15,987,14,14,1,2132068,5,Tarjeta de Débito,Online
4091,2026-01-28,824,18,7,1,1042885,0,Mercado Pago,Sucursal
4092,2024-05-07,142,18,3,1,1042885,0,Transferencia,Online
4093,2023-05-15,1033,8,10,1,1661179,15,Tarjeta de Crédito,Sucursal
4094,2023-09-29,491,25,7,1,1853677,10,Tarjeta de Crédito,Online
4095,2024-01-06,522,15,17,3,2254306,0,Mercado Pago,Sucursal
4096,2021-12-24,1362,11,20,1,1298880,0,Efectivo,Online
4097,2021-10-26,1963,3,5,1,1748036,15,Transferencia,Online
4098,2022-11-19,1881,24,8,1,1763627,0,Tarjeta de Débito,Sucursal
4099,2025-04-01,804,20,1,1,2236130,0,Mercado Pago,Online
4100,2025-05-09,1456,3,17,1,1748036,10,Tarjeta de Crédito,Sucursal
4101,2026-01-28,859,3,14,1,1748036,0,Tarjeta de Crédito,Online
4102,2023-01-06,928,2,9,1,1484902,0,Tarjeta de Crédito,Online
4103,2023-12-09,1266,18,12,2,1042885,0,Mercado Pago,Sucursal
4104,2022-03-04,1676,2,4,1,1484902,0,Mercado Pago,Sucursal
4105,2023-08-09,888,22,13,3,1797606,0,Transferencia,Online
4106,2022-07-08,896,10,14,1,2261684,0,Tarjeta de Débito,Online
4107,2022-11-16,1487,8,6,1,1661179,0,Tarjeta de Débito,Sucursal
4108,2022-06-12,596,2,6,4,1484902,5,Tarjeta de Crédito,Sucursal
4109,2022-05-05,1376,23,17,1,1928958,0,Mercado Pago,Sucursal
4110,2025-05-09,442,13,10,1,1102174,10,Mercado Pago,Sucursal
4111,2025-01-12,1799,7,3,2,1778736,0,Tarjeta de Crédito,Online
4112,2026-03-01,527,12,4,1,1844344,0,Tarjeta de Crédito,Sucursal
4113,2021-09-18,711,10,17,1,2261684,0,Tarjeta de Crédito,Sucursal
4114,2026-05-02,779,24,16,2,1763627,10,Tarjeta de Débito,Online
4115,2022-01-08,336,13,4,1,1102174,0,Efectivo,Online
4116,2022-09-08,557,15,6,2,2254306,15,Tarjeta de Crédito,Online
4117,2025-02-18,1251,13,15,1,1102174,0,Tarjeta de Débito,Online
4118,2022-03-05,466,4,14,1,2160479,10,Tarjeta de Débito,Online
4119,2021-08-29,814,22,16,3,1797606,5,Transferencia,Sucursal
4120,2022-01-30,1859,6,14,1,1764687,5,Tarjeta de Débito,Sucursal
4121,2022-12-11,1781,4,7,1,2160479,5,Transferencia,Sucursal
4122,2023-06-26,775,24,4,2,1763627,0,Mercado Pago,Sucursal
4123,2023-06-02,1970,8,2,2,1661179,0,Tarjeta de Crédito,Sucursal
4124,2022-03-06,969,21,10,2,1989781,10,Transferencia,Sucursal
4125,2026-06-03,1561,2,10,2,1484902,0,Mercado Pago,Sucursal
4126,2026-01-09,923,13,18,1,1102174,15,Mercado Pago,Sucursal
4127,2023-08-19,295,20,17,1,2236130,10,Tarjeta de Débito,Sucursal
4128,2024-09-13,54,19,12,3,1030169,10,Tarjeta de Crédito,Sucursal
4129,2025-05-20,592,19,1,3,1030169,0,Mercado Pago,Sucursal
4130,2026-05-13,1801,7,13,1,1778736,15,Tarjeta de Crédito,Sucursal
4131,2023-07-18,1935,2,7,1,1484902,10,Tarjeta de Crédito,Sucursal
4132,2022-03-23,1182,19,18,1,1030169,0,Tarjeta de Crédito,Sucursal
4133,2021-12-31,224,6,3,1,1764687,10,Tarjeta de Crédito,Sucursal
4134,2024-05-17,1966,4,13,1,2160479,0,Tarjeta de Débito,Sucursal
4135,2025-04-25,1169,12,20,2,1844344,0,Tarjeta de Crédito,Sucursal
4136,2025-09-10,403,23,19,1,1928958,0,Tarjeta de Crédito,Sucursal
4137,2025-05-10,1037,13,16,1,1102174,10,Efectivo,Sucursal
4138,2021-12-20,1336,22,4,1,1797606,5,Tarjeta de Débito,Sucursal
4139,2022-08-01,717,1,20,1,934942,0,Transferencia,Sucursal
4140,2025-03-17,696,1,9,1,934942,0,Mercado Pago,Online
4141,2022-11-05,218,6,4,2,1764687,5,Transferencia,Sucursal
4142,2025-08-05,1676,9,6,2,944582,5,Tarjeta de Crédito,Sucursal
4143,2023-04-08,99,14,8,1,2132068,30,Transferencia,Sucursal
4144,2022-02-07,651,19,20,1,1030169,10,Tarjeta de Crédito,Online
4145,2024-04-03,439,16,19,1,954116,10,Tarjeta de Crédito,Sucursal
4146,2022-05-15,429,21,10,1,1989781,0,Tarjeta de Crédito,Online
4147,2026-01-02,1594,21,3,1,1989781,0,Tarjeta de Débito,Online
4148,2025-09-25,1199,2,3,3,1484902,0,Tarjeta de Crédito,Online
4149,2024-06-05,1826,23,2,1,1928958,10,Tarjeta de Crédito,Online
4150,2021-11-13,309,3,5,1,1748036,10,Tarjeta de Débito,Sucursal
4151,2023-03-01,1015,10,5,1,2261684,15,Tarjeta de Débito,Sucursal
4152,2021-12-25,1135,13,8,1,1102174,0,Efectivo,Sucursal
4153,2024-01-26,100,9,3,1,944582,5,Mercado Pago,Sucursal
4154,2023-10-06,1690,24,7,1,1763627,0,Mercado Pago,Sucursal
4155,2026-06-18,203,9,17,3,944582,10,Efectivo,Sucursal
4156,2021-12-12,1950,1,15,4,934942,15,Tarjeta de Crédito,Sucursal
4157,2024-04-04,1480,18,20,1,1042885,0,Efectivo,Sucursal
4158,2023-07-18,238,13,15,1,1102174,5,Mercado Pago,Online
4159,2022-02-05,1761,9,12,1,944582,0,Mercado Pago,Sucursal
4160,2025-02-12,164,24,20,1,1763627,0,Tarjeta de Crédito,Online
4161,2024-11-04,1921,11,16,1,1298880,20,Tarjeta de Crédito,Online
4162,2025-05-07,1875,6,7,2,1764687,30,Mercado Pago,Sucursal
4163,2023-07-01,1791,14,4,2,2132068,10,Tarjeta de Crédito,Sucursal
4164,2024-03-14,539,15,9,1,2254306,0,Tarjeta de Crédito,Sucursal
4165,2022-09-12,93,24,3,1,1763627,0,Tarjeta de Crédito,Sucursal
4166,2026-02-25,1029,23,4,1,1928958,0,Mercado Pago,Sucursal
4167,2022-10-21,921,20,19,2,2236130,0,Tarjeta de Débito,Online
4168,2025-05-27,1529,11,8,1,1298880,0,Tarjeta de Débito,Sucursal
4169,2021-10-28,1954,22,2,1,1797606,0,Tarjeta de Crédito,Online
4170,2023-05-05,272,20,5,2,2236130,0,Tarjeta de Débito,Online
4171,2024-08-22,695,15,6,2,2254306,5,Tarjeta de Débito,Sucursal
4172,2025-04-29,1227,15,15,2,2254306,0,Mercado Pago,Sucursal
4173,2026-04-29,1568,2,14,2,1484902,10,Tarjeta de Crédito,Online
4174,2022-02-09,1468,16,5,1,954116,0,Tarjeta de Crédito,Sucursal
4175,2025-01-15,1205,14,7,1,2132068,0,Tarjeta de Débito,Online
4176,2026-01-11,1511,9,12,1,944582,0,Mercado Pago,Sucursal
4177,2022-07-27,829,20,5,1,2236130,0,Tarjeta de Débito,Online
4178,2024-05-21,80,3,6,1,1748036,5,Tarjeta de Débito,Online
4179,2022-04-17,1147,4,4,1,2160479,0,Mercado Pago,Sucursal
4180,2023-09-01,1723,23,9,1,1928958,15,Tarjeta de Débito,Sucursal
4181,2021-10-15,470,16,6,1,954116,0,Tarjeta de Crédito,Online
4182,2024-06-28,1883,20,15,1,2236130,10,Tarjeta de Débito,Sucursal
4183,2024-10-16,862,4,16,1,2160479,0,Transferencia,Sucursal
4184,2024-04-26,1195,21,14,1,1989781,5,Tarjeta de Débito,Sucursal
4185,2021-10-26,683,14,2,1,2132068,0,Tarjeta de Débito,Online
4186,2024-06-23,327,19,4,1,1030169,0,Tarjeta de Crédito,Sucursal
4187,2026-06-16,677,23,5,1,1928958,5,Tarjeta de Crédito,Sucursal
4188,2026-04-08,44,25,2,1,1853677,0,Tarjeta de Crédito,Sucursal
4189,2024-03-31,1049,24,5,1,1763627,0,Tarjeta de Crédito,Online
4190,2026-04-04,1120,14,17,1,2132068,10,Tarjeta de Débito,Sucursal
4191,2021-08-08,444,5,2,1,658866,0,Tarjeta de Crédito,Online
4192,2022-10-10,1107,21,18,1,1989781,0,Tarjeta de Crédito,Sucursal
4193,2023-06-07,1664,6,13,2,1764687,15,Mercado Pago,Sucursal
4194,2025-04-26,1433,21,1,1,1989781,0,Tarjeta de Crédito,Online
4195,2022-07-31,1048,13,11,1,1102174,10,Efectivo,Sucursal
4196,2024-01-11,1784,18,19,1,1042885,0,Tarjeta de Crédito,Online
4197,2021-10-01,169,17,14,1,1455169,5,Tarjeta de Crédito,Sucursal
4198,2025-10-17,1535,9,10,1,944582,0,Tarjeta de Débito,Sucursal
4199,2024-02-02,1638,25,1,1,1853677,20,Tarjeta de Crédito,Sucursal
4200,2022-07-19,1044,9,18,1,944582,0,Tarjeta de Crédito,Sucursal
4201,2025-12-29,1460,3,3,2,1748036,15,Transferencia,Sucursal
4202,2023-02-15,113,4,12,3,2160479,0,Tarjeta de Débito,Online
4203,2025-12-30,140,8,19,2,1661179,0,Tarjeta de Crédito,Sucursal
4204,2025-12-29,86,6,10,1,1764687,0,Tarjeta de Débito,Sucursal
4205,2023-03-02,1228,25,6,2,1853677,0,Tarjeta de Crédito,Sucursal
4206,2024-09-09,1244,17,9,1,1455169,0,Tarjeta de Crédito,Sucursal
4207,2021-11-08,1016,23,1,2,1928958,20,Transferencia,Online
4208,2022-12-13,599,20,7,2,2236130,0,Tarjeta de Crédito,Sucursal
4209,2025-01-12,201,16,7,1,954116,0,Tarjeta de Crédito,Online
4210,2023-02-13,490,1,9,1,934942,20,Tarjeta de Débito,Sucursal
4211,2022-09-26,1905,11,15,1,1298880,0,Tarjeta de Crédito,Online
4212,2023-06-01,1867,16,20,1,954116,15,Tarjeta de Crédito,Sucursal
4213,2025-08-10,713,2,16,1,1484902,0,Transferencia,Sucursal
4214,2025-05-22,1295,3,7,1,1748036,15,Tarjeta de Crédito,Online
4215,2021-12-12,39,16,17,1,954116,0,Transferencia,Online
4216,2026-04-05,1715,17,2,1,1455169,0,Tarjeta de Crédito,Sucursal
4217,2022-03-01,325,24,6,1,1763627,0,Mercado Pago,Sucursal
4218,2022-10-06,581,18,14,2,1042885,0,Tarjeta de Débito,Sucursal
4219,2023-09-19,1114,3,2,3,1748036,0,Tarjeta de Crédito,Sucursal
4220,2025-06-15,1678,13,4,4,1102174,0,Mercado Pago,Sucursal
4221,2023-12-09,1477,11,1,1,1298880,5,Tarjeta de Crédito,Sucursal
4222,2024-10-26,1023,4,18,1,2160479,10,Transferencia,Sucursal
4223,2025-10-16,839,12,7,1,1844344,5,Mercado Pago,Sucursal
4224,2024-01-01,50,12,15,1,1844344,20,Tarjeta de Crédito,Sucursal
4225,2025-09-03,883,22,20,1,1797606,0,Tarjeta de Crédito,Online
4226,2023-05-03,1604,5,4,1,658866,0,Tarjeta de Débito,Online
4227,2024-01-13,165,25,1,2,1853677,0,Tarjeta de Débito,Sucursal
4228,2025-08-01,455,18,4,1,1042885,0,Transferencia,Online
4229,2025-12-09,1463,15,7,1,2254306,0,Tarjeta de Crédito,Online
4230,2024-02-22,1470,1,19,2,934942,5,Tarjeta de Débito,Online
4231,2024-09-28,1133,15,19,1,2254306,20,Tarjeta de Crédito,Online
4232,2025-12-18,1730,23,4,2,1928958,5,Transferencia,Sucursal
4233,2022-08-01,624,8,3,1,1661179,0,Tarjeta de Crédito,Sucursal
4234,2025-12-15,719,10,1,1,2261684,0,Tarjeta de Crédito,Sucursal
4235,2024-01-16,82,24,6,3,1763627,15,Mercado Pago,Sucursal
4236,2022-06-10,557,22,6,1,1797606,0,Tarjeta de Débito,Sucursal
4237,2026-06-19,71,12,14,1,1844344,10,Tarjeta de Débito,Sucursal
4238,2021-07-21,1403,21,18,1,1989781,20,Tarjeta de Crédito,Sucursal
4239,2022-07-10,1697,24,4,4,1763627,0,Tarjeta de Crédito,Sucursal
4240,2025-11-28,16,5,11,3,658866,30,Efectivo,Online
4241,2021-10-13,1833,2,4,2,1484902,15,Tarjeta de Débito,Sucursal
4242,2024-03-20,518,8,20,2,1661179,5,Tarjeta de Crédito,Online
4243,2024-11-28,439,7,1,1,1778736,0,Mercado Pago,Sucursal
4244,2021-09-15,732,11,13,1,1298880,10,Tarjeta de Crédito,Online
4245,2023-09-25,1692,5,10,1,658866,0,Tarjeta de Crédito,Online
4246,2025-09-05,1549,12,16,2,1844344,5,Tarjeta de Crédito,Online
4247,2025-05-30,720,16,19,1,954116,0,Tarjeta de Crédito,Online
4248,2021-12-08,1992,25,19,1,1853677,10,Tarjeta de Débito,Online
4249,2021-10-31,849,25,14,1,1853677,0,Tarjeta de Crédito,Online
4250,2023-02-11,1334,11,12,1,1298880,0,Tarjeta de Crédito,Sucursal
4251,2023-10-22,1035,12,2,2,1844344,0,Tarjeta de Débito,Sucursal
4252,2023-02-14,1817,20,10,1,2236130,0,Efectivo,Sucursal
4253,2025-09-19,1532,21,11,4,1989781,10,Tarjeta de Crédito,Sucursal
4254,2023-04-08,1545,17,14,1,1455169,5,Tarjeta de Crédito,Online
4255,2025-10-06,801,11,18,1,1298880,0,Tarjeta de Crédito,Sucursal
4256,2025-08-23,251,25,4,1,1853677,0,Tarjeta de Crédito,Sucursal
4257,2025-08-10,870,20,5,1,2236130,5,Mercado Pago,Online
4258,2022-01-28,866,23,14,1,1928958,0,Tarjeta de Crédito,Online
4259,2024-09-12,1043,22,1,1,1797606,0,Tarjeta de Débito,Sucursal
4260,2024-09-28,979,8,1,1,1661179,20,Tarjeta de Débito,Sucursal
4261,2023-12-05,40,16,6,1,954116,0,Mercado Pago,Sucursal
4262,2024-07-11,1550,20,5,1,2236130,0,Transferencia,Sucursal
4263,2025-03-24,1472,17,10,1,1455169,20,Transferencia,Online
4264,2024-06-09,898,13,10,1,1102174,0,Tarjeta de Crédito,Online
4265,2021-09-30,1279,24,14,1,1763627,10,Tarjeta de Débito,Sucursal
4266,2023-04-11,1512,25,7,2,1853677,20,Tarjeta de Crédito,Sucursal
4267,2024-10-29,1359,18,2,1,1042885,15,Tarjeta de Débito,Online
4268,2026-05-22,51,1,11,1,934942,10,Mercado Pago,Online
4269,2024-09-08,944,17,6,1,1455169,5,Tarjeta de Crédito,Online
4270,2025-01-07,1009,24,8,2,1763627,5,Transferencia,Sucursal
4271,2024-12-29,1653,9,15,2,944582,0,Tarjeta de Crédito,Sucursal
4272,2026-03-20,944,25,18,1,1853677,0,Mercado Pago,Online
4273,2025-08-13,1262,19,14,1,1030169,10,Mercado Pago,Online
4274,2024-12-28,1231,12,14,1,1844344,0,Mercado Pago,Online
4275,2024-10-23,434,3,15,2,1748036,15,Tarjeta de Débito,Sucursal
4276,2024-12-22,910,18,19,2,1042885,30,Tarjeta de Débito,Sucursal
4277,2024-03-23,819,6,12,1,1764687,5,Tarjeta de Débito,Sucursal
4278,2026-03-01,1733,16,14,1,954116,10,Tarjeta de Crédito,Online
4279,2026-04-25,1003,13,11,1,1102174,0,Tarjeta de Crédito,Online
4280,2024-03-12,1815,19,1,1,1030169,0,Mercado Pago,Sucursal
4281,2025-07-02,1659,21,15,1,1989781,10,Mercado Pago,Sucursal
4282,2024-02-12,991,14,5,1,2132068,10,Tarjeta de Débito,Sucursal
4283,2026-04-13,1302,23,13,1,1928958,0,Tarjeta de Débito,Online
4284,2022-08-24,714,19,18,3,1030169,5,Tarjeta de Débito,Sucursal
4285,2024-11-01,34,9,12,1,944582,0,Transferencia,Sucursal
4286,2024-12-22,1766,8,1,1,1661179,0,Tarjeta de Crédito,Sucursal
4287,2023-06-12,810,20,16,1,2236130,0,Efectivo,Online
4288,2024-08-04,1140,4,1,1,2160479,0,Tarjeta de Débito,Sucursal
4289,2023-01-24,1976,25,20,1,1853677,5,Tarjeta de Crédito,Sucursal
4290,2022-10-27,1784,2,17,2,1484902,0,Transferencia,Sucursal
4291,2023-03-20,1503,25,17,1,1853677,0,Transferencia,Sucursal
4292,2023-02-17,382,22,19,1,1797606,10,Mercado Pago,Sucursal
4293,2026-04-14,1432,23,12,3,1928958,5,Mercado Pago,Online
4294,2024-10-08,1559,15,19,2,2254306,0,Mercado Pago,Sucursal
4295,2023-09-26,287,3,18,2,1748036,15,Mercado Pago,Online
4296,2022-09-01,504,19,19,2,1030169,0,Tarjeta de Crédito,Sucursal
4297,2023-07-27,430,6,14,1,1764687,0,Tarjeta de Débito,Sucursal
4298,2023-10-16,291,13,14,2,1102174,0,Tarjeta de Crédito,Sucursal
4299,2025-05-25,115,14,2,1,2132068,30,Mercado Pago,Sucursal
4300,2021-12-05,801,6,2,1,1764687,0,Tarjeta de Crédito,Online
4301,2025-11-24,1036,7,17,2,1778736,10,Tarjeta de Débito,Online
4302,2026-03-14,1044,16,5,1,954116,0,Tarjeta de Crédito,Online
4303,2022-04-13,1501,24,9,1,1763627,15,Transferencia,Sucursal
4304,2024-08-27,403,21,17,1,1989781,0,Tarjeta de Crédito,Sucursal
4305,2023-05-13,1572,20,11,2,2236130,0,Efectivo,Sucursal
4306,2022-05-17,1138,13,4,3,1102174,0,Tarjeta de Crédito,Sucursal
4307,2026-06-29,1327,20,6,1,2236130,20,Tarjeta de Crédito,Sucursal
4308,2026-03-04,1899,7,2,1,1778736,0,Tarjeta de Crédito,Sucursal
4309,2024-04-13,1909,3,12,1,1748036,0,Tarjeta de Crédito,Online
4310,2024-07-16,1848,5,10,1,658866,10,Tarjeta de Débito,Sucursal
4311,2023-09-21,1571,24,2,3,1763627,0,Transferencia,Online
4312,2022-03-08,1848,23,2,1,1928958,5,Tarjeta de Débito,Online
4313,2022-06-04,1323,23,9,1,1928958,0,Mercado Pago,Sucursal
4314,2021-09-01,872,19,11,1,1030169,10,Mercado Pago,Online
4315,2022-06-08,92,2,13,1,1484902,10,Tarjeta de Crédito,Sucursal
4316,2025-02-07,1803,21,2,2,1989781,0,Tarjeta de Crédito,Sucursal
4317,2024-10-21,1662,17,14,1,1455169,0,Efectivo,Sucursal
4318,2024-09-01,936,20,8,1,2236130,0,Mercado Pago,Online
4319,2023-11-16,1801,11,9,1,1298880,0,Transferencia,Sucursal
4320,2024-09-06,936,3,14,2,1748036,0,Tarjeta de Crédito,Sucursal
4321,2021-08-23,885,9,11,1,944582,15,Mercado Pago,Sucursal
4322,2024-04-01,761,20,18,1,2236130,0,Mercado Pago,Sucursal
4323,2025-01-28,1986,8,7,2,1661179,0,Mercado Pago,Online
4324,2025-10-24,718,8,8,2,1661179,0,Tarjeta de Débito,Sucursal
4325,2025-03-27,251,20,20,3,2236130,15,Mercado Pago,Sucursal
4326,2021-07-15,84,5,9,1,658866,10,Mercado Pago,Sucursal
4327,2021-09-21,710,14,8,2,2132068,0,Mercado Pago,Online
4328,2022-04-19,513,10,5,1,2261684,10,Tarjeta de Débito,Sucursal
4329,2021-10-31,1601,22,16,1,1797606,0,Tarjeta de Crédito,Sucursal
4330,2023-05-17,1710,5,15,2,658866,0,Tarjeta de Débito,Sucursal
4331,2021-08-07,692,1,2,2,934942,5,Tarjeta de Débito,Sucursal
4332,2023-10-17,1989,20,11,2,2236130,0,Mercado Pago,Online
4333,2021-09-06,4,23,13,1,1928958,0,Mercado Pago,Sucursal
4334,2025-08-03,1485,13,8,1,1102174,10,Tarjeta de Crédito,Sucursal
4335,2024-04-20,1864,23,18,1,1928958,20,Tarjeta de Crédito,Online
4336,2023-01-30,692,21,1,1,1989781,10,Mercado Pago,Online
4337,2024-08-17,634,6,10,1,1764687,5,Mercado Pago,Sucursal
4338,2024-02-25,1466,17,5,1,1455169,15,Tarjeta de Débito,Sucursal
4339,2022-07-17,1051,5,14,1,658866,0,Tarjeta de Crédito,Online
4340,2024-11-02,1883,1,19,1,934942,0,Tarjeta de Débito,Sucursal
4341,2024-07-27,922,4,9,2,2160479,0,Tarjeta de Débito,Sucursal
4342,2023-06-11,1469,7,14,3,1778736,0,Mercado Pago,Sucursal
4343,2023-03-07,1288,9,10,1,944582,0,Tarjeta de Crédito,Online
4344,2022-10-12,987,14,15,1,2132068,20,Tarjeta de Crédito,Online
4345,2025-07-31,1186,17,20,1,1455169,0,Tarjeta de Crédito,Sucursal
4346,2021-12-02,996,5,17,1,658866,5,Tarjeta de Crédito,Sucursal
4347,2022-04-18,647,10,1,1,2261684,15,Mercado Pago,Online
4348,2025-01-27,678,20,14,1,2236130,0,Efectivo,Online
4349,2026-02-20,1046,22,5,2,1797606,0,Tarjeta de Débito,Online
4350,2025-10-18,662,4,8,3,2160479,30,Tarjeta de Crédito,Online
4351,2021-11-18,1496,8,4,1,1661179,0,Efectivo,Sucursal
4352,2025-07-21,307,9,19,1,944582,0,Tarjeta de Débito,Sucursal
4353,2025-07-20,1573,13,20,2,1102174,0,Tarjeta de Débito,Online
4354,2025-08-20,1588,23,8,1,1928958,20,Tarjeta de Crédito,Sucursal
4355,2025-11-05,1958,5,17,1,658866,20,Tarjeta de Crédito,Sucursal
4356,2023-10-27,879,3,2,5,1748036,0,Tarjeta de Crédito,Sucursal
4357,2026-06-11,1636,1,3,2,934942,15,Tarjeta de Crédito,Sucursal
4358,2021-10-12,445,12,18,1,1844344,10,Tarjeta de Débito,Sucursal
4359,2024-09-21,1109,10,20,3,2261684,0,Tarjeta de Débito,Online
4360,2026-04-16,1000,8,4,1,1661179,0,Tarjeta de Crédito,Sucursal
4361,2021-09-15,855,15,10,1,2254306,0,Efectivo,Sucursal
4362,2024-01-26,1896,12,11,2,1844344,5,Tarjeta de Débito,Sucursal
4363,2022-12-18,1678,18,14,1,1042885,15,Mercado Pago,Online
4364,2024-12-04,1477,20,9,4,2236130,0,Tarjeta de Crédito,Sucursal
4365,2025-12-27,234,14,17,1,2132068,0,Tarjeta de Crédito,Sucursal
4366,2025-07-10,127,16,8,1,954116,0,Tarjeta de Crédito,Sucursal
4367,2026-01-21,475,17,12,1,1455169,0,Transferencia,Sucursal
4368,2025-08-28,1973,1,8,1,934942,10,Tarjeta de Crédito,Sucursal
4369,2023-07-31,446,22,17,1,1797606,10,Tarjeta de Crédito,Online
4370,2026-01-18,1390,11,13,1,1298880,0,Efectivo,Sucursal
4371,2022-08-06,628,8,16,2,1661179,10,Tarjeta de Débito,Sucursal
4372,2024-12-18,647,3,8,1,1748036,0,Tarjeta de Débito,Sucursal
4373,2025-12-20,1239,13,5,2,1102174,10,Mercado Pago,Sucursal
4374,2023-02-04,1540,4,12,1,2160479,0,Tarjeta de Crédito,Sucursal
4375,2021-12-31,1534,20,13,5,2236130,0,Mercado Pago,Online
4376,2023-08-17,1820,8,20,1,1661179,0,Tarjeta de Crédito,Online
4377,2026-06-15,532,14,13,1,2132068,0,Mercado Pago,Online
4378,2021-12-24,1642,4,9,1,2160479,5,Transferencia,Online
4379,2021-07-17,47,17,13,3,1455169,0,Tarjeta de Crédito,Online
4380,2024-04-26,1400,14,12,4,2132068,0,Tarjeta de Crédito,Sucursal
4381,2025-08-10,1159,20,10,2,2236130,0,Tarjeta de Crédito,Online
4382,2024-03-12,1252,24,3,1,1763627,5,Transferencia,Sucursal
4383,2025-02-16,969,14,17,2,2132068,10,Tarjeta de Crédito,Sucursal
4384,2024-02-01,252,18,5,4,1042885,10,Tarjeta de Crédito,Sucursal
4385,2023-02-05,366,18,5,1,1042885,0,Mercado Pago,Sucursal
4386,2026-04-17,1643,9,2,1,944582,0,Tarjeta de Crédito,Sucursal
4387,2022-11-10,1178,1,20,1,934942,5,Mercado Pago,Sucursal
4388,2022-09-07,1806,23,14,1,1928958,0,Tarjeta de Crédito,Sucursal
4389,2021-12-28,1769,12,2,1,1844344,0,Mercado Pago,Sucursal
4390,2025-09-21,566,6,19,2,1764687,0,Efectivo,Online
4391,2022-03-18,1508,12,18,1,1844344,0,Mercado Pago,Online
4392,2024-08-03,51,24,12,1,1763627,0,Tarjeta de Débito,Sucursal
4393,2022-03-05,1606,4,13,2,2160479,0,Transferencia,Sucursal
4394,2023-11-28,1762,17,5,1,1455169,0,Tarjeta de Débito,Sucursal
4395,2023-03-22,689,3,18,1,1748036,0,Tarjeta de Crédito,Sucursal
4396,2024-11-06,194,4,11,1,2160479,0,Transferencia,Online
4397,2024-02-08,803,23,19,1,1928958,0,Tarjeta de Crédito,Sucursal
4398,2023-01-10,1171,19,8,1,1030169,0,Mercado Pago,Sucursal
4399,2026-03-20,1231,14,1,1,2132068,10,Mercado Pago,Online
4400,2023-12-04,325,18,16,1,1042885,15,Tarjeta de Crédito,Online
4401,2021-12-23,1987,15,13,1,2254306,5,Mercado Pago,Sucursal
4402,2026-03-05,1646,9,3,1,944582,0,Tarjeta de Crédito,Sucursal
4403,2024-07-12,143,12,8,1,1844344,5,Efectivo,Sucursal
4404,2024-08-27,1290,22,2,3,1797606,10,Transferencia,Sucursal
4405,2021-08-29,908,13,9,3,1102174,10,Tarjeta de Crédito,Online
4406,2024-05-03,1078,5,5,1,658866,15,Mercado Pago,Sucursal
4407,2024-07-06,1376,8,20,2,1661179,0,Tarjeta de Crédito,Sucursal
4408,2025-08-16,188,25,1,4,1853677,15,Mercado Pago,Sucursal
4409,2022-03-29,667,20,15,1,2236130,30,Transferencia,Online
4410,2022-02-28,74,5,19,3,658866,0,Tarjeta de Crédito,Sucursal
4411,2026-04-17,30,7,17,1,1778736,0,Tarjeta de Crédito,Online
4412,2024-08-25,230,20,5,1,2236130,0,Transferencia,Sucursal
4413,2022-08-11,1088,10,15,1,2261684,0,Tarjeta de Crédito,Online
4414,2024-02-09,1417,25,3,1,1853677,30,Tarjeta de Crédito,Sucursal
4415,2023-02-12,1989,12,20,1,1844344,5,Tarjeta de Débito,Sucursal
4416,2023-12-12,580,18,5,2,1042885,5,Tarjeta de Crédito,Online
4417,2022-05-08,1137,20,19,2,2236130,0,Tarjeta de Débito,Sucursal
4418,2021-12-09,1018,2,3,1,1484902,20,Mercado Pago,Sucursal
4419,2021-11-18,1866,16,17,4,954116,0,Tarjeta de Crédito,Online
4420,2021-08-27,1582,24,9,4,1763627,10,Efectivo,Online
4421,2024-07-14,599,23,8,1,1928958,15,Tarjeta de Débito,Online
4422,2024-08-25,1435,14,18,1,2132068,10,Tarjeta de Crédito,Sucursal
4423,2021-09-16,240,11,1,1,1298880,15,Tarjeta de Crédito,Online
4424,2022-01-20,1593,14,15,1,2132068,5,Tarjeta de Crédito,Sucursal
4425,2021-10-07,1765,8,13,1,1661179,0,Tarjeta de Crédito,Sucursal
4426,2023-02-12,1968,10,5,1,2261684,0,Tarjeta de Débito,Sucursal
4427,2022-08-26,935,5,19,1,658866,20,Tarjeta de Crédito,Sucursal
4428,2024-03-30,451,23,5,1,1928958,0,Mercado Pago,Online
4429,2021-09-24,911,1,15,2,934942,0,Tarjeta de Crédito,Online
4430,2023-01-31,1820,19,13,3,1030169,15,Tarjeta de Débito,Online
4431,2026-02-16,16,12,10,1,1844344,20,Tarjeta de Crédito,Sucursal
4432,2024-09-27,647,6,10,4,1764687,10,Tarjeta de Crédito,Sucursal
4433,2023-02-23,375,4,10,1,2160479,10,Tarjeta de Débito,Online
4434,2025-03-20,1143,19,18,1,1030169,5,Tarjeta de Crédito,Sucursal
4435,2025-12-05,1657,17,12,1,1455169,20,Tarjeta de Crédito,Online
4436,2025-01-14,625,14,6,3,2132068,10,Tarjeta de Crédito,Online
4437,2021-08-20,981,22,5,2,1797606,0,Tarjeta de Crédito,Online
4438,2023-01-04,1883,4,3,1,2160479,15,Tarjeta de Crédito,Sucursal
4439,2023-01-15,929,2,2,1,1484902,10,Tarjeta de Crédito,Sucursal
4440,2023-05-03,1754,18,1,1,1042885,20,Tarjeta de Débito,Sucursal
4441,2026-04-27,1495,15,4,1,2254306,5,Tarjeta de Débito,Sucursal
4442,2023-01-06,1757,25,2,1,1853677,30,Mercado Pago,Online
4443,2026-05-12,1482,15,5,1,2254306,0,Tarjeta de Crédito,Online
4444,2023-12-03,1588,5,13,1,658866,5,Transferencia,Online
4445,2024-04-07,1538,22,19,1,1797606,0,Tarjeta de Crédito,Online
4446,2024-06-27,18,3,11,1,1748036,15,Transferencia,Sucursal
4447,2025-12-14,543,3,13,1,1748036,5,Tarjeta de Débito,Sucursal
4448,2025-08-11,209,20,10,1,2236130,5,Tarjeta de Crédito,Online
4449,2025-10-18,1972,4,5,1,2160479,15,Tarjeta de Crédito,Sucursal
4450,2025-06-23,1099,9,14,2,944582,20,Tarjeta de Débito,Sucursal
4451,2023-04-16,498,3,10,1,1748036,30,Tarjeta de Crédito,Sucursal
4452,2025-06-02,680,5,15,2,658866,10,Transferencia,Online
4453,2023-09-20,1592,4,7,1,2160479,0,Tarjeta de Crédito,Sucursal
4454,2026-06-28,967,11,16,1,1298880,0,Tarjeta de Crédito,Sucursal
4455,2022-01-15,1452,2,13,1,1484902,0,Mercado Pago,Sucursal
4456,2023-06-06,1974,11,5,1,1298880,0,Tarjeta de Crédito,Online
4457,2023-05-28,1114,16,18,2,954116,30,Transferencia,Sucursal
4458,2022-10-22,455,5,12,1,658866,0,Tarjeta de Débito,Online
4459,2024-12-12,111,19,8,1,1030169,10,Mercado Pago,Sucursal
4460,2023-02-03,1566,24,14,2,1763627,10,Transferencia,Sucursal
4461,2022-08-26,1981,8,4,1,1661179,0,Tarjeta de Crédito,Sucursal
4462,2025-03-12,1444,12,7,5,1844344,0,Tarjeta de Crédito,Sucursal
4463,2026-05-03,1600,23,16,1,1928958,0,Tarjeta de Crédito,Sucursal
4464,2025-04-14,1712,10,5,1,2261684,0,Tarjeta de Débito,Sucursal
4465,2025-07-08,931,16,3,1,954116,10,Mercado Pago,Online
4466,2022-10-20,1556,2,9,1,1484902,15,Tarjeta de Crédito,Sucursal
4467,2023-09-25,522,12,11,1,1844344,0,Tarjeta de Crédito,Sucursal
4468,2023-02-08,761,15,16,1,2254306,10,Tarjeta de Débito,Sucursal
4469,2023-10-08,1676,12,1,1,1844344,0,Tarjeta de Crédito,Online
4470,2024-03-16,1263,2,18,1,1484902,0,Transferencia,Sucursal
4471,2022-12-22,1241,22,1,1,1797606,0,Mercado Pago,Online
4472,2024-09-18,630,3,1,1,1748036,5,Tarjeta de Crédito,Online
4473,2022-03-26,467,3,4,1,1748036,0,Efectivo,Sucursal
4474,2021-12-26,39,16,20,1,954116,5,Mercado Pago,Online
4475,2022-11-03,974,20,19,1,2236130,0,Mercado Pago,Sucursal
4476,2022-03-20,428,15,8,1,2254306,0,Mercado Pago,Sucursal
4477,2024-03-02,261,17,16,1,1455169,5,Transferencia,Sucursal
4478,2023-07-30,1227,7,5,1,1778736,0,Tarjeta de Débito,Online
4479,2025-05-12,419,21,14,1,1989781,0,Tarjeta de Crédito,Online
4480,2021-11-22,680,11,17,1,1298880,10,Tarjeta de Débito,Sucursal
4481,2022-07-19,1307,10,10,1,2261684,15,Tarjeta de Débito,Sucursal
4482,2024-12-04,923,17,13,1,1455169,0,Mercado Pago,Sucursal
4483,2024-06-09,1440,19,4,1,1030169,0,Mercado Pago,Sucursal
4484,2026-06-23,5,10,13,1,2261684,0,Mercado Pago,Sucursal
4485,2023-08-27,632,11,4,1,1298880,10,Tarjeta de Débito,Sucursal
4486,2025-08-05,221,9,3,1,944582,0,Tarjeta de Crédito,Online
4487,2024-02-13,1266,14,16,2,2132068,10,Tarjeta de Débito,Sucursal
4488,2024-08-23,1256,10,14,1,2261684,0,Tarjeta de Crédito,Online
4489,2024-08-07,1271,7,19,2,1778736,10,Tarjeta de Crédito,Online
4490,2021-07-18,569,7,4,2,1778736,0,Tarjeta de Débito,Online
4491,2022-01-08,335,2,16,1,1484902,0,Tarjeta de Débito,Sucursal
4492,2023-04-15,916,13,14,1,1102174,0,Tarjeta de Crédito,Sucursal
4493,2025-01-18,106,8,4,1,1661179,0,Tarjeta de Crédito,Sucursal
4494,2023-10-11,246,10,12,2,2261684,0,Tarjeta de Crédito,Sucursal
4495,2023-08-01,1537,24,20,1,1763627,0,Efectivo,Sucursal
4496,2022-11-13,400,21,14,1,1989781,20,Mercado Pago,Sucursal
4497,2022-05-13,1220,15,6,1,2254306,0,Tarjeta de Crédito,Sucursal
4498,2025-11-16,276,9,7,1,944582,10,Tarjeta de Débito,Online
4499,2023-06-05,1878,19,7,1,1030169,10,Tarjeta de Crédito,Online
4500,2021-09-27,328,21,18,1,1989781,0,Tarjeta de Débito,Sucursal
4501,2026-02-08,785,25,9,2,1853677,5,Mercado Pago,Sucursal
4502,2024-01-28,1159,14,20,2,2132068,0,Tarjeta de Crédito,Online
4503,2023-09-19,1010,18,3,1,1042885,0,Tarjeta de Crédito,Online
4504,2024-06-18,1396,9,2,1,944582,5,Tarjeta de Crédito,Online
4505,2024-09-09,625,16,8,1,954116,0,Efectivo,Sucursal
4506,2023-09-17,749,16,2,4,954116,0,Tarjeta de Crédito,Sucursal
4507,2023-03-09,559,5,4,3,658866,5,Tarjeta de Crédito,Online
4508,2021-07-29,560,22,19,3,1797606,15,Tarjeta de Crédito,Online
4509,2022-08-29,1145,10,7,2,2261684,0,Tarjeta de Crédito,Sucursal
4510,2025-12-23,1024,12,6,1,1844344,5,Tarjeta de Crédito,Online
4511,2021-11-30,207,18,4,2,1042885,15,Tarjeta de Crédito,Online
4512,2025-03-13,1067,5,13,1,658866,0,Mercado Pago,Sucursal
4513,2023-08-20,392,2,8,1,1484902,0,Tarjeta de Crédito,Sucursal
4514,2023-09-02,102,10,9,2,2261684,10,Mercado Pago,Sucursal
4515,2023-05-11,958,14,1,2,2132068,5,Tarjeta de Crédito,Sucursal
4516,2023-06-09,1354,18,15,1,1042885,10,Tarjeta de Crédito,Online
4517,2025-05-24,252,17,11,1,1455169,10,Tarjeta de Crédito,Online
4518,2022-08-02,1644,10,2,1,2261684,0,Tarjeta de Crédito,Online
4519,2026-02-17,867,14,16,1,2132068,0,Tarjeta de Débito,Sucursal
4520,2023-05-27,1663,14,1,1,2132068,0,Transferencia,Sucursal
4521,2021-08-22,1996,21,4,1,1989781,0,Tarjeta de Crédito,Sucursal
4522,2022-06-23,310,5,20,2,658866,0,Tarjeta de Débito,Online
4523,2025-06-26,977,3,14,1,1748036,0,Tarjeta de Crédito,Sucursal
4524,2025-09-21,611,24,20,2,1763627,0,Tarjeta de Débito,Sucursal
4525,2026-02-05,1098,7,10,1,1778736,0,Tarjeta de Crédito,Sucursal
4526,2024-08-21,1643,13,2,1,1102174,0,Tarjeta de Crédito,Sucursal
4527,2023-09-24,853,15,6,2,2254306,0,Tarjeta de Crédito,Sucursal
4528,2025-03-14,1219,25,15,1,1853677,10,Tarjeta de Crédito,Online
4529,2023-02-10,820,16,19,1,954116,0,Tarjeta de Crédito,Sucursal
4530,2021-08-10,1126,6,4,1,1764687,10,Tarjeta de Crédito,Online
4531,2024-02-17,666,24,2,1,1763627,0,Tarjeta de Crédito,Sucursal
4532,2022-08-30,1712,7,8,1,1778736,5,Tarjeta de Crédito,Online
4533,2024-01-08,1219,14,4,1,2132068,0,Tarjeta de Débito,Sucursal
4534,2025-12-05,1343,6,19,3,1764687,10,Transferencia,Sucursal
4535,2023-02-15,767,2,12,1,1484902,15,Tarjeta de Crédito,Sucursal
4536,2024-07-24,364,7,11,1,1778736,10,Tarjeta de Débito,Sucursal
4537,2024-05-26,698,4,9,4,2160479,0,Tarjeta de Crédito,Sucursal
4538,2025-04-24,57,25,1,1,1853677,30,Transferencia,Sucursal
4539,2026-06-18,25,19,7,1,1030169,5,Tarjeta de Débito,Sucursal
4540,2023-09-12,296,7,4,1,1778736,30,Tarjeta de Crédito,Sucursal
4541,2026-02-28,313,6,2,1,1764687,0,Mercado Pago,Sucursal
4542,2026-06-05,1134,19,12,1,1030169,5,Tarjeta de Crédito,Sucursal
4543,2023-01-01,945,11,16,1,1298880,0,Mercado Pago,Sucursal
4544,2026-03-31,864,23,3,1,1928958,0,Tarjeta de Débito,Online
4545,2022-02-19,1381,1,17,3,934942,10,Tarjeta de Débito,Sucursal
4546,2023-05-17,76,15,3,1,2254306,10,Tarjeta de Débito,Sucursal
4547,2021-12-16,1112,5,2,1,658866,0,Tarjeta de Crédito,Sucursal
4548,2024-12-31,1790,24,2,1,1763627,5,Tarjeta de Débito,Sucursal
4549,2023-11-25,865,22,12,4,1797606,0,Transferencia,Sucursal
4550,2026-04-02,141,16,4,1,954116,0,Tarjeta de Crédito,Sucursal
4551,2021-12-03,1145,3,2,1,1748036,0,Tarjeta de Débito,Sucursal
4552,2024-08-31,1076,16,18,1,954116,15,Tarjeta de Crédito,Online
4553,2024-03-09,523,1,11,2,934942,5,Tarjeta de Crédito,Sucursal
4554,2022-01-10,1982,20,9,1,2236130,0,Transferencia,Sucursal
4555,2022-04-28,668,6,2,2,1764687,5,Tarjeta de Crédito,Sucursal
4556,2021-09-19,546,24,18,1,1763627,0,Tarjeta de Débito,Online
4557,2022-05-18,87,20,17,2,2236130,0,Tarjeta de Débito,Sucursal
4558,2024-10-12,1836,14,10,1,2132068,0,Transferencia,Sucursal
4559,2024-12-22,1714,15,16,3,2254306,10,Tarjeta de Crédito,Sucursal
4560,2022-04-11,998,25,11,1,1853677,0,Efectivo,Online
4561,2025-03-29,988,24,4,1,1763627,15,Transferencia,Sucursal
4562,2026-05-03,1084,8,7,1,1661179,0,Tarjeta de Débito,Sucursal
4563,2024-01-30,1234,11,19,1,1298880,0,Mercado Pago,Sucursal
4564,2022-07-09,466,5,6,1,658866,15,Transferencia,Online
4565,2024-09-22,367,8,19,1,1661179,5,Tarjeta de Crédito,Sucursal
4566,2021-12-31,540,25,11,1,1853677,0,Tarjeta de Débito,Sucursal
4567,2021-12-28,1276,4,13,1,2160479,0,Tarjeta de Débito,Sucursal
4568,2025-01-11,1625,19,12,1,1030169,0,Mercado Pago,Online
4569,2024-07-14,1259,16,18,2,954116,20,Tarjeta de Crédito,Online
4570,2022-11-15,784,23,16,2,1928958,10,Mercado Pago,Online
4571,2022-05-08,1185,24,20,1,1763627,10,Tarjeta de Débito,Sucursal
4572,2021-10-28,510,12,20,1,1844344,0,Tarjeta de Crédito,Online
4573,2024-04-10,1337,5,3,2,658866,0,Tarjeta de Crédito,Sucursal
4574,2025-03-17,779,19,9,1,1030169,10,Tarjeta de Crédito,Sucursal
4575,2026-07-04,499,10,15,1,2261684,10,Mercado Pago,Online
4576,2024-05-25,1735,17,4,2,1455169,0,Efectivo,Online
4577,2021-12-14,683,4,1,1,2160479,0,Efectivo,Sucursal
4578,2026-04-20,674,16,15,1,954116,20,Efectivo,Online
4579,2025-11-02,874,8,9,2,1661179,10,Tarjeta de Débito,Sucursal
4580,2026-03-05,265,3,4,5,1748036,0,Mercado Pago,Online
4581,2024-03-28,577,7,6,1,1778736,0,Tarjeta de Crédito,Sucursal
4582,2022-05-13,1509,22,5,1,1797606,0,Tarjeta de Crédito,Sucursal
4583,2025-04-26,1217,4,1,1,2160479,5,Transferencia,Sucursal
4584,2021-10-02,609,23,9,2,1928958,10,Mercado Pago,Sucursal
4585,2021-11-13,1293,17,10,5,1455169,10,Tarjeta de Débito,Sucursal
4586,2023-02-19,1389,4,13,3,2160479,0,Tarjeta de Crédito,Sucursal
4587,2023-01-06,1274,21,11,1,1989781,0,Transferencia,Sucursal
4588,2026-05-31,598,19,5,1,1030169,0,Tarjeta de Crédito,Sucursal
4589,2024-11-20,1240,13,5,2,1102174,5,Efectivo,Online
4590,2024-10-19,1702,6,16,3,1764687,0,Tarjeta de Débito,Sucursal
4591,2025-05-14,1354,10,14,1,2261684,15,Tarjeta de Crédito,Online
4592,2026-02-01,491,14,13,1,2132068,20,Tarjeta de Débito,Sucursal
4593,2025-08-06,1095,9,2,1,944582,0,Mercado Pago,Online
4594,2025-07-15,1374,25,17,1,1853677,5,Tarjeta de Débito,Sucursal
4595,2021-08-07,1270,5,20,2,658866,5,Mercado Pago,Online
4596,2025-10-11,1273,14,15,1,2132068,0,Transferencia,Online
4597,2022-09-11,246,23,12,1,1928958,10,Tarjeta de Crédito,Sucursal
4598,2024-02-13,575,17,9,1,1455169,0,Tarjeta de Crédito,Sucursal
4599,2022-01-10,527,21,3,2,1989781,10,Mercado Pago,Sucursal
4600,2023-10-13,672,5,13,4,658866,0,Tarjeta de Crédito,Sucursal
4601,2023-05-25,1686,7,18,1,1778736,0,Mercado Pago,Sucursal
4602,2023-09-20,1494,25,14,1,1853677,0,Tarjeta de Crédito,Online
4603,2022-12-24,385,16,18,1,954116,0,Tarjeta de Crédito,Sucursal
4604,2025-08-10,893,18,3,1,1042885,0,Tarjeta de Crédito,Sucursal
4605,2024-07-06,1119,22,14,1,1797606,10,Tarjeta de Crédito,Sucursal
4606,2025-05-19,1853,7,6,3,1778736,0,Tarjeta de Débito,Sucursal
4607,2022-04-14,199,24,4,3,1763627,5,Tarjeta de Crédito,Sucursal
4608,2026-05-19,1856,1,4,1,934942,5,Transferencia,Online
4609,2024-06-30,1516,24,14,1,1763627,0,Mercado Pago,Sucursal
4610,2024-07-14,1939,7,12,1,1778736,0,Tarjeta de Débito,Online
4611,2023-09-30,689,23,14,1,1928958,10,Tarjeta de Crédito,Online
4612,2025-06-04,598,12,9,2,1844344,20,Tarjeta de Crédito,Sucursal
4613,2024-02-25,1279,16,11,1,954116,0,Tarjeta de Crédito,Sucursal
4614,2022-10-25,1279,5,1,1,658866,0,Tarjeta de Crédito,Sucursal
4615,2024-07-27,1579,19,18,1,1030169,0,Tarjeta de Débito,Sucursal
4616,2025-09-23,1609,4,1,1,2160479,15,Efectivo,Sucursal
4617,2025-08-03,751,24,11,1,1763627,0,Mercado Pago,Online
4618,2022-01-19,1317,12,13,1,1844344,0,Mercado Pago,Sucursal
4619,2024-03-26,1955,22,12,1,1797606,0,Efectivo,Online
4620,2021-08-31,480,13,8,1,1102174,5,Mercado Pago,Sucursal
4621,2025-12-03,347,14,3,3,2132068,0,Tarjeta de Crédito,Online
4622,2024-06-17,1770,9,10,1,944582,15,Mercado Pago,Sucursal
4623,2025-08-08,734,3,8,2,1748036,10,Mercado Pago,Online
4624,2025-08-20,558,5,12,1,658866,5,Mercado Pago,Sucursal
4625,2023-11-27,956,3,13,1,1748036,0,Tarjeta de Crédito,Online
4626,2025-04-16,247,1,2,5,934942,5,Mercado Pago,Sucursal
4627,2024-09-23,1172,23,2,2,1928958,0,Tarjeta de Crédito,Sucursal
4628,2023-02-09,1759,25,4,1,1853677,0,Transferencia,Online
4629,2025-01-02,595,22,19,1,1797606,10,Mercado Pago,Sucursal
4630,2021-09-12,733,21,7,3,1989781,0,Tarjeta de Crédito,Sucursal
4631,2022-02-19,268,9,7,1,944582,0,Transferencia,Sucursal
4632,2024-06-15,505,25,6,2,1853677,10,Transferencia,Sucursal
4633,2026-02-07,1560,2,2,1,1484902,15,Tarjeta de Crédito,Online
4634,2026-03-20,465,15,11,1,2254306,5,Tarjeta de Crédito,Online
4635,2022-12-27,7,7,11,1,1778736,5,Tarjeta de Débito,Sucursal
4636,2025-06-16,1435,13,11,4,1102174,5,Tarjeta de Débito,Sucursal
4637,2022-02-23,388,17,4,3,1455169,0,Efectivo,Sucursal
4638,2026-06-04,1883,14,14,1,2132068,10,Tarjeta de Débito,Online
4639,2022-02-27,132,16,2,2,954116,5,Tarjeta de Crédito,Sucursal
4640,2025-03-14,1190,16,16,4,954116,0,Transferencia,Sucursal
4641,2023-09-15,766,1,6,1,934942,0,Tarjeta de Crédito,Sucursal
4642,2025-12-02,1655,5,3,1,658866,0,Transferencia,Sucursal
4643,2024-10-23,1453,5,5,3,658866,5,Mercado Pago,Sucursal
4644,2025-01-17,1844,2,16,3,1484902,0,Tarjeta de Crédito,Sucursal
4645,2021-11-27,233,22,19,1,1797606,5,Mercado Pago,Sucursal
4646,2023-12-23,1016,5,2,1,658866,10,Tarjeta de Crédito,Sucursal
4647,2024-06-22,1916,12,7,1,1844344,10,Tarjeta de Crédito,Online
4648,2021-11-02,1639,12,14,1,1844344,0,Tarjeta de Crédito,Online
4649,2021-11-01,982,11,18,2,1298880,0,Tarjeta de Crédito,Sucursal
4650,2023-12-27,1574,20,17,1,2236130,0,Tarjeta de Débito,Sucursal
4651,2025-11-12,1514,4,7,2,2160479,10,Mercado Pago,Online
4652,2024-03-20,1761,16,9,2,954116,0,Tarjeta de Débito,Sucursal
4653,2025-03-07,1150,17,16,1,1455169,15,Tarjeta de Crédito,Sucursal
4654,2023-03-03,818,9,6,1,944582,15,Mercado Pago,Online
4655,2023-08-26,1025,1,17,1,934942,10,Mercado Pago,Sucursal
4656,2026-02-03,873,8,4,1,1661179,15,Mercado Pago,Sucursal
4657,2023-09-29,911,10,13,1,2261684,5,Tarjeta de Débito,Online
4658,2024-09-09,1263,10,10,1,2261684,10,Transferencia,Sucursal
4659,2023-11-21,1270,3,17,3,1748036,5,Tarjeta de Crédito,Sucursal
4660,2026-02-06,439,15,12,1,2254306,5,Mercado Pago,Sucursal
4661,2025-05-28,1537,21,20,1,1989781,0,Mercado Pago,Online
4662,2026-01-17,686,2,10,1,1484902,5,Mercado Pago,Sucursal
4663,2024-10-22,1827,10,14,3,2261684,5,Mercado Pago,Sucursal
4664,2026-02-18,700,5,14,2,658866,10,Efectivo,Sucursal
4665,2022-03-17,300,24,10,1,1763627,0,Transferencia,Sucursal
4666,2023-10-17,1886,11,16,2,1298880,15,Tarjeta de Crédito,Sucursal
4667,2024-01-20,1919,25,4,2,1853677,5,Tarjeta de Crédito,Sucursal
4668,2023-02-08,1011,5,8,1,658866,5,Tarjeta de Crédito,Online
4669,2026-01-21,1787,13,20,1,1102174,0,Tarjeta de Crédito,Sucursal
4670,2026-01-12,11,12,15,1,1844344,0,Transferencia,Sucursal
4671,2023-11-20,1886,1,10,3,934942,0,Tarjeta de Crédito,Sucursal
4672,2025-01-21,329,11,14,1,1298880,10,Tarjeta de Crédito,Sucursal
4673,2021-12-12,172,25,13,1,1853677,20,Efectivo,Sucursal
4674,2025-06-27,305,25,2,2,1853677,0,Efectivo,Online
4675,2024-04-11,1518,24,2,1,1763627,5,Tarjeta de Crédito,Sucursal
4676,2025-11-08,1574,24,4,1,1763627,0,Tarjeta de Débito,Sucursal
4677,2021-12-22,1554,18,7,1,1042885,15,Tarjeta de Débito,Sucursal
4678,2023-12-10,1253,2,11,1,1484902,10,Tarjeta de Crédito,Sucursal
4679,2023-07-01,596,6,17,1,1764687,0,Mercado Pago,Online
4680,2025-03-01,1868,12,16,2,1844344,20,Transferencia,Sucursal
4681,2023-08-28,1615,17,9,1,1455169,0,Tarjeta de Crédito,Sucursal
4682,2021-09-30,1263,17,12,2,1455169,0,Tarjeta de Débito,Sucursal
4683,2023-07-07,427,24,11,1,1763627,0,Tarjeta de Crédito,Sucursal
4684,2022-10-13,944,8,16,1,1661179,0,Tarjeta de Crédito,Sucursal
4685,2023-02-25,1152,1,19,1,934942,0,Tarjeta de Débito,Sucursal
4686,2022-01-26,1089,13,16,2,1102174,0,Tarjeta de Crédito,Online
4687,2023-01-03,630,13,8,2,1102174,0,Tarjeta de Crédito,Online
4688,2021-09-06,1284,8,14,1,1661179,10,Tarjeta de Crédito,Online
4689,2023-05-11,1599,13,4,1,1102174,0,Tarjeta de Débito,Online
4690,2025-10-12,1745,13,8,1,1102174,0,Tarjeta de Débito,Sucursal
4691,2024-01-12,1818,8,9,1,1661179,10,Tarjeta de Crédito,Sucursal
4692,2022-01-16,567,22,9,2,1797606,0,Tarjeta de Crédito,Online
4693,2022-02-14,1122,14,17,2,2132068,0,Tarjeta de Crédito,Sucursal
4694,2024-01-10,1606,10,15,1,2261684,10,Tarjeta de Débito,Online
4695,2023-08-26,461,7,8,1,1778736,5,Tarjeta de Crédito,Sucursal
4696,2026-04-19,1898,25,14,1,1853677,0,Tarjeta de Crédito,Sucursal
4697,2025-06-28,1387,22,13,1,1797606,20,Tarjeta de Crédito,Sucursal
4698,2021-09-12,1014,22,5,1,1797606,10,Tarjeta de Crédito,Sucursal
4699,2024-11-03,500,15,15,3,2254306,0,Mercado Pago,Sucursal
4700,2022-10-03,558,24,14,1,1763627,0,Tarjeta de Débito,Sucursal
4701,2025-12-09,1101,12,12,1,1844344,0,Tarjeta de Débito,Online
4702,2023-03-15,518,12,11,1,1844344,10,Tarjeta de Débito,Sucursal
4703,2025-10-10,132,3,11,2,1748036,5,Tarjeta de Crédito,Sucursal
4704,2025-09-19,1211,20,15,4,2236130,10,Tarjeta de Crédito,Sucursal
4705,2023-02-14,703,22,6,1,1797606,0,Tarjeta de Crédito,Sucursal
4706,2026-03-15,1609,21,9,1,1989781,0,Tarjeta de Débito,Online
4707,2022-06-05,1359,23,4,2,1928958,0,Tarjeta de Crédito,Sucursal
4708,2022-04-02,626,25,4,2,1853677,10,Tarjeta de Débito,Sucursal
4709,2024-06-24,744,1,2,1,934942,0,Mercado Pago,Sucursal
4710,2024-12-07,352,8,3,1,1661179,0,Mercado Pago,Sucursal
4711,2025-06-01,797,6,14,1,1764687,0,Tarjeta de Débito,Online
4712,2024-04-23,1863,25,11,1,1853677,0,Tarjeta de Crédito,Online
4713,2024-10-12,1800,1,12,5,934942,10,Tarjeta de Débito,Sucursal
4714,2023-08-19,621,18,5,1,1042885,0,Mercado Pago,Online
4715,2022-09-29,488,15,2,1,2254306,5,Transferencia,Online
4716,2023-05-26,1003,11,12,1,1298880,0,Tarjeta de Crédito,Sucursal
4717,2024-02-25,761,18,12,1,1042885,0,Transferencia,Sucursal
4718,2022-05-11,934,19,17,1,1030169,10,Tarjeta de Crédito,Online
4719,2026-02-17,227,21,8,1,1989781,0,Tarjeta de Crédito,Online
4720,2023-03-05,187,20,6,2,2236130,0,Mercado Pago,Sucursal
4721,2023-02-11,1672,20,2,3,2236130,0,Tarjeta de Crédito,Sucursal
4722,2024-12-01,850,15,18,1,2254306,10,Tarjeta de Crédito,Sucursal
4723,2022-08-02,562,18,11,4,1042885,5,Tarjeta de Crédito,Online
4724,2025-05-18,1660,17,2,2,1455169,10,Efectivo,Sucursal
4725,2022-01-22,19,13,2,1,1102174,20,Tarjeta de Crédito,Sucursal
4726,2024-03-14,597,1,1,1,934942,0,Efectivo,Online
4727,2022-08-09,1150,20,10,2,2236130,0,Mercado Pago,Online
4728,2024-10-07,206,23,3,1,1928958,15,Mercado Pago,Sucursal
4729,2022-01-24,1844,22,19,1,1797606,5,Transferencia,Sucursal
4730,2022-12-28,9,13,20,1,1102174,0,Tarjeta de Crédito,Online
4731,2025-03-05,1030,3,4,2,1748036,10,Tarjeta de Crédito,Sucursal
4732,2022-06-21,1648,12,17,1,1844344,0,Transferencia,Online
4733,2023-04-05,941,9,7,1,944582,20,Tarjeta de Débito,Sucursal
4734,2023-01-20,1978,7,15,1,1778736,15,Mercado Pago,Online
4735,2023-12-31,1849,21,3,1,1989781,0,Tarjeta de Crédito,Sucursal
4736,2025-02-05,301,21,9,1,1989781,0,Efectivo,Sucursal
4737,2022-08-24,1891,24,3,1,1763627,0,Efectivo,Sucursal
4738,2022-04-21,731,9,12,1,944582,10,Tarjeta de Crédito,Sucursal
4739,2022-04-20,327,15,6,1,2254306,5,Transferencia,Online
4740,2024-04-10,943,6,16,2,1764687,10,Tarjeta de Crédito,Sucursal
4741,2022-04-04,946,1,16,1,934942,15,Tarjeta de Crédito,Sucursal
4742,2023-01-30,1295,22,13,1,1797606,5,Tarjeta de Crédito,Sucursal
4743,2022-06-04,1561,9,16,1,944582,0,Tarjeta de Crédito,Sucursal
4744,2021-11-18,1030,7,19,1,1778736,5,Tarjeta de Débito,Sucursal
4745,2025-01-13,839,15,3,1,2254306,0,Tarjeta de Débito,Sucursal
4746,2024-09-09,1743,9,18,1,944582,0,Transferencia,Sucursal
4747,2023-12-03,356,17,19,1,1455169,20,Mercado Pago,Sucursal
4748,2026-03-30,467,5,18,1,658866,0,Tarjeta de Crédito,Online
4749,2025-06-01,170,14,13,1,2132068,0,Tarjeta de Crédito,Online
4750,2023-12-13,143,3,10,1,1748036,0,Tarjeta de Crédito,Sucursal
4751,2022-12-13,830,19,12,2,1030169,20,Tarjeta de Crédito,Sucursal
4752,2022-02-11,78,24,18,1,1763627,0,Tarjeta de Crédito,Sucursal
4753,2022-07-30,1674,21,2,2,1989781,0,Tarjeta de Crédito,Sucursal
4754,2024-08-13,1762,7,17,1,1778736,15,Tarjeta de Crédito,Sucursal
4755,2022-01-18,245,10,16,1,2261684,0,Tarjeta de Crédito,Sucursal
4756,2024-12-20,260,23,1,1,1928958,0,Transferencia,Sucursal
4757,2026-02-03,1861,15,5,2,2254306,0,Tarjeta de Crédito,Sucursal
4758,2022-09-05,676,25,4,1,1853677,0,Tarjeta de Débito,Online
4759,2025-03-18,151,21,12,2,1989781,0,Tarjeta de Crédito,Sucursal
4760,2022-12-15,401,15,17,1,2254306,0,Efectivo,Online
4761,2021-09-03,510,22,1,2,1797606,0,Tarjeta de Crédito,Sucursal
4762,2023-06-06,1618,10,18,1,2261684,0,Tarjeta de Crédito,Sucursal
4763,2023-03-14,1433,17,6,1,1455169,20,Tarjeta de Crédito,Sucursal
4764,2026-03-08,1406,4,17,1,2160479,0,Tarjeta de Débito,Online
4765,2025-07-10,414,21,19,1,1989781,0,Tarjeta de Crédito,Online
4766,2023-07-05,1986,21,8,1,1989781,0,Tarjeta de Crédito,Online
4767,2023-07-17,1786,2,4,1,1484902,10,Tarjeta de Crédito,Sucursal
4768,2025-04-13,548,2,11,2,1484902,10,Mercado Pago,Sucursal
4769,2025-03-05,1118,1,16,1,934942,0,Mercado Pago,Sucursal
4770,2026-01-09,581,2,15,1,1484902,10,Mercado Pago,Sucursal
4771,2023-02-10,1840,13,20,2,1102174,10,Tarjeta de Crédito,Online
4772,2023-01-12,32,25,15,1,1853677,0,Tarjeta de Crédito,Online
4773,2024-12-18,1100,1,2,1,934942,0,Transferencia,Sucursal
4774,2021-12-27,1928,16,11,1,954116,0,Tarjeta de Débito,Sucursal
4775,2023-07-01,1420,12,12,1,1844344,0,Tarjeta de Débito,Online
4776,2024-05-11,1820,10,17,1,2261684,0,Tarjeta de Crédito,Sucursal
4777,2026-03-22,208,24,8,1,1763627,5,Mercado Pago,Sucursal
4778,2022-05-13,223,8,15,2,1661179,15,Tarjeta de Débito,Online
4779,2022-06-02,563,22,7,1,1797606,0,Tarjeta de Crédito,Sucursal
4780,2024-09-18,589,10,5,1,2261684,10,Tarjeta de Crédito,Sucursal
4781,2024-08-03,519,7,7,1,1778736,15,Mercado Pago,Online
4782,2023-05-03,692,11,17,3,1298880,10,Transferencia,Sucursal
4783,2026-03-02,916,9,17,1,944582,5,Mercado Pago,Sucursal
4784,2022-01-18,326,13,18,1,1102174,20,Tarjeta de Crédito,Sucursal
4785,2025-11-06,492,3,3,1,1748036,0,Transferencia,Online
4786,2023-01-11,463,22,2,2,1797606,5,Tarjeta de Débito,Online
4787,2021-12-25,1575,16,18,1,954116,10,Tarjeta de Crédito,Sucursal
4788,2025-02-28,1901,2,11,1,1484902,0,Tarjeta de Crédito,Sucursal
4789,2025-09-02,786,20,8,1,2236130,0,Tarjeta de Crédito,Online
4790,2022-05-15,1432,24,7,1,1763627,10,Tarjeta de Crédito,Online
4791,2023-07-09,624,22,6,1,1797606,0,Mercado Pago,Online
4792,2024-03-08,1857,16,5,2,954116,5,Tarjeta de Crédito,Sucursal
4793,2024-02-29,603,7,6,1,1778736,0,Mercado Pago,Sucursal
4794,2021-11-29,360,11,14,1,1298880,0,Tarjeta de Crédito,Sucursal
4795,2024-04-22,1400,13,1,2,1102174,15,Tarjeta de Crédito,Online
4796,2021-12-23,201,15,10,1,2254306,0,Tarjeta de Débito,Sucursal
4797,2022-11-05,1436,8,9,4,1661179,5,Mercado Pago,Sucursal
4798,2023-07-09,626,2,12,1,1484902,10,Tarjeta de Crédito,Sucursal
4799,2023-05-01,1662,15,20,1,2254306,0,Tarjeta de Débito,Sucursal
4800,2022-01-25,1092,8,2,1,1661179,0,Tarjeta de Crédito,Online
4801,2025-01-14,1749,6,20,2,1764687,0,Tarjeta de Crédito,Online
4802,2022-03-10,776,8,4,1,1661179,15,Mercado Pago,Online
4803,2026-02-18,817,23,16,1,1928958,0,Efectivo,Sucursal
4804,2023-03-01,1934,19,19,1,1030169,5,Tarjeta de Crédito,Sucursal
4805,2021-10-08,1281,19,8,2,1030169,10,Tarjeta de Crédito,Sucursal
4806,2025-02-03,1081,3,10,1,1748036,10,Tarjeta de Crédito,Sucursal
4807,2021-08-12,1244,8,5,1,1661179,0,Mercado Pago,Online
4808,2022-02-18,1898,22,15,1,1797606,0,Mercado Pago,Sucursal
4809,2024-10-05,763,16,16,1,954116,5,Mercado Pago,Sucursal
4810,2026-01-28,705,3,6,1,1748036,0,Tarjeta de Débito,Sucursal
4811,2022-11-30,1483,11,10,1,1298880,0,Tarjeta de Débito,Online
4812,2022-05-01,458,1,14,2,934942,0,Tarjeta de Débito,Sucursal
4813,2022-01-05,1712,1,7,1,934942,15,Tarjeta de Crédito,Sucursal
4814,2024-12-12,1193,7,5,1,1778736,0,Mercado Pago,Sucursal
4815,2024-01-31,1334,20,8,3,2236130,0,Tarjeta de Crédito,Sucursal
4816,2025-01-06,770,1,4,1,934942,0,Tarjeta de Crédito,Sucursal
4817,2025-09-06,1917,13,13,1,1102174,20,Mercado Pago,Online
4818,2026-04-16,1895,14,13,1,2132068,0,Mercado Pago,Sucursal
4819,2022-08-08,1203,22,10,1,1797606,20,Tarjeta de Crédito,Sucursal
4820,2023-09-17,89,16,5,1,954116,10,Transferencia,Online
4821,2025-08-03,391,18,7,3,1042885,15,Mercado Pago,Sucursal
4822,2025-08-28,689,3,8,2,1748036,0,Tarjeta de Crédito,Sucursal
4823,2022-08-12,977,12,8,1,1844344,5,Tarjeta de Débito,Sucursal
4824,2023-10-02,688,8,1,1,1661179,10,Mercado Pago,Sucursal
4825,2026-05-03,826,13,17,1,1102174,0,Mercado Pago,Online
4826,2025-10-15,1629,13,1,3,1102174,0,Tarjeta de Débito,Sucursal
4827,2021-08-26,176,5,16,3,658866,20,Tarjeta de Crédito,Sucursal
4828,2025-08-29,138,11,15,2,1298880,0,Tarjeta de Crédito,Sucursal
4829,2023-03-11,1934,20,14,1,2236130,0,Tarjeta de Débito,Sucursal
4830,2024-12-21,1445,5,18,1,658866,15,Efectivo,Sucursal
4831,2023-03-27,414,23,13,2,1928958,5,Mercado Pago,Online
4832,2022-10-17,1078,14,11,1,2132068,5,Tarjeta de Crédito,Sucursal
4833,2024-05-10,1088,6,12,1,1764687,5,Tarjeta de Débito,Sucursal
4834,2025-12-17,88,6,19,1,1764687,10,Tarjeta de Débito,Sucursal
4835,2022-02-20,848,25,5,1,1853677,0,Mercado Pago,Online
4836,2026-02-07,1431,19,3,2,1030169,0,Tarjeta de Crédito,Sucursal
4837,2022-10-26,1690,2,14,1,1484902,15,Tarjeta de Crédito,Sucursal
4838,2024-03-27,540,8,6,1,1661179,0,Tarjeta de Crédito,Sucursal
4839,2026-06-07,1044,9,2,1,944582,0,Tarjeta de Crédito,Sucursal
4840,2025-08-22,816,23,5,2,1928958,0,Tarjeta de Crédito,Sucursal
4841,2025-12-08,885,18,13,3,1042885,0,Tarjeta de Débito,Sucursal
4842,2022-11-17,1735,22,20,1,1797606,0,Tarjeta de Crédito,Online
4843,2022-07-06,873,21,16,1,1989781,10,Tarjeta de Crédito,Sucursal
4844,2025-01-01,1953,17,11,1,1455169,15,Tarjeta de Crédito,Sucursal
4845,2021-08-22,1034,8,9,1,1661179,5,Tarjeta de Débito,Sucursal
4846,2025-11-21,772,2,11,4,1484902,0,Tarjeta de Crédito,Sucursal
4847,2025-04-16,423,24,13,3,1763627,10,Tarjeta de Débito,Sucursal
4848,2023-09-29,339,25,15,1,1853677,10,Tarjeta de Crédito,Sucursal
4849,2024-07-22,1488,14,12,1,2132068,10,Tarjeta de Crédito,Sucursal
4850,2023-03-16,676,11,20,4,1298880,0,Tarjeta de Crédito,Online
4851,2025-02-10,1833,12,17,1,1844344,0,Efectivo,Sucursal
4852,2026-06-09,814,9,15,1,944582,10,Tarjeta de Débito,Sucursal
4853,2026-06-14,591,1,1,1,934942,10,Tarjeta de Crédito,Sucursal
4854,2025-10-22,1309,5,14,1,658866,0,Tarjeta de Crédito,Sucursal
4855,2025-05-31,411,23,9,1,1928958,10,Mercado Pago,Online
4856,2021-12-24,1588,25,17,1,1853677,0,Tarjeta de Débito,Sucursal
4857,2021-08-08,1642,16,17,4,954116,0,Mercado Pago,Sucursal
4858,2022-03-04,1900,21,10,1,1989781,0,Tarjeta de Crédito,Online
4859,2023-12-11,595,12,12,1,1844344,0,Mercado Pago,Sucursal
4860,2024-03-23,1373,11,18,1,1298880,0,Mercado Pago,Sucursal
4861,2024-02-23,354,1,12,1,934942,0,Mercado Pago,Sucursal
4862,2023-07-03,825,20,11,1,2236130,0,Tarjeta de Crédito,Online
4863,2023-04-04,776,11,5,1,1298880,15,Tarjeta de Crédito,Online
4864,2025-08-17,1599,15,18,1,2254306,0,Transferencia,Online
4865,2022-02-06,1345,11,4,1,1298880,0,Mercado Pago,Sucursal
4866,2024-01-19,758,15,19,3,2254306,0,Tarjeta de Crédito,Sucursal
4867,2024-06-12,1225,15,11,1,2254306,10,Mercado Pago,Sucursal
4868,2025-04-25,1483,12,5,1,1844344,5,Mercado Pago,Sucursal
4869,2022-02-21,1858,12,7,1,1844344,20,Tarjeta de Débito,Sucursal
4870,2024-11-16,1972,2,13,1,1484902,20,Transferencia,Online
4871,2024-02-27,1788,11,20,5,1298880,5,Tarjeta de Débito,Sucursal
4872,2026-05-26,369,3,10,1,1748036,0,Tarjeta de Crédito,Sucursal
4873,2025-10-19,1767,19,7,1,1030169,5,Mercado Pago,Online
4874,2024-11-14,689,8,14,1,1661179,0,Mercado Pago,Sucursal
4875,2024-03-21,1548,16,2,1,954116,0,Tarjeta de Débito,Sucursal
4876,2022-07-19,720,11,19,1,1298880,10,Transferencia,Online
4877,2025-02-09,1401,23,19,1,1928958,0,Tarjeta de Débito,Sucursal
4878,2024-02-15,1970,1,18,2,934942,0,Tarjeta de Débito,Online
4879,2025-12-28,152,7,15,2,1778736,5,Tarjeta de Débito,Sucursal
4880,2023-07-29,501,18,11,2,1042885,0,Tarjeta de Débito,Online
4881,2024-04-14,1510,4,10,1,2160479,0,Transferencia,Sucursal
4882,2022-01-10,944,7,11,3,1778736,20,Tarjeta de Crédito,Sucursal
4883,2025-05-26,649,21,15,2,1989781,0,Tarjeta de Crédito,Sucursal
4884,2021-11-22,88,18,7,4,1042885,0,Transferencia,Sucursal
4885,2025-09-27,1802,18,12,2,1042885,0,Tarjeta de Débito,Sucursal
4886,2024-08-08,970,6,11,1,1764687,0,Tarjeta de Débito,Sucursal
4887,2023-04-08,1163,23,14,1,1928958,15,Tarjeta de Crédito,Sucursal
4888,2021-11-22,1990,24,3,4,1763627,0,Tarjeta de Crédito,Sucursal
4889,2022-02-28,1825,21,13,1,1989781,5,Tarjeta de Crédito,Online
4890,2026-04-09,1081,23,10,1,1928958,5,Tarjeta de Débito,Sucursal
4891,2026-06-06,1339,10,12,1,2261684,0,Mercado Pago,Online
4892,2022-08-22,206,21,5,1,1989781,10,Mercado Pago,Sucursal
4893,2025-12-01,901,20,14,5,2236130,0,Tarjeta de Crédito,Online
4894,2021-12-30,1540,6,19,1,1764687,0,Tarjeta de Débito,Sucursal
4895,2025-07-20,724,21,10,1,1989781,0,Tarjeta de Débito,Sucursal
4896,2026-02-24,1861,4,14,1,2160479,0,Tarjeta de Crédito,Sucursal
4897,2023-09-22,108,5,14,1,658866,0,Tarjeta de Crédito,Sucursal
4898,2022-08-16,786,20,8,2,2236130,0,Efectivo,Online
4899,2023-02-28,1028,2,10,2,1484902,0,Tarjeta de Débito,Online
4900,2023-10-24,425,2,15,1,1484902,0,Tarjeta de Débito,Sucursal
4901,2021-11-02,1862,8,2,1,1661179,5,Tarjeta de Crédito,Sucursal
4902,2024-04-18,238,1,1,1,934942,0,Mercado Pago,Online
4903,2022-06-22,1152,3,17,2,1748036,20,Tarjeta de Crédito,Sucursal
4904,2023-09-26,1167,5,13,1,658866,5,Tarjeta de Crédito,Sucursal
4905,2023-03-02,1541,6,4,1,1764687,5,Tarjeta de Crédito,Online
4906,2025-10-10,299,16,1,2,954116,0,Tarjeta de Crédito,Sucursal
4907,2022-08-29,1554,5,7,1,658866,10,Mercado Pago,Sucursal
4908,2022-02-27,1447,16,3,1,954116,20,Tarjeta de Crédito,Sucursal
4909,2023-05-02,541,4,8,1,2160479,0,Tarjeta de Crédito,Sucursal
4910,2024-01-13,1450,19,1,2,1030169,0,Transferencia,Sucursal
4911,2026-02-25,1404,7,7,3,1778736,0,Mercado Pago,Sucursal
4912,2021-12-16,774,19,20,1,1030169,0,Mercado Pago,Sucursal
4913,2025-07-30,509,19,2,1,1030169,0,Transferencia,Online
4914,2025-09-10,541,3,16,2,1748036,20,Mercado Pago,Sucursal
4915,2021-07-08,1690,12,10,1,1844344,10,Tarjeta de Crédito,Online
4916,2023-07-06,266,24,20,2,1763627,10,Tarjeta de Débito,Sucursal
4917,2024-01-27,433,25,14,1,1853677,15,Mercado Pago,Sucursal
4918,2022-11-29,1743,25,16,1,1853677,0,Mercado Pago,Sucursal
4919,2024-08-06,864,11,3,1,1298880,0,Tarjeta de Crédito,Sucursal
4920,2025-12-22,308,15,2,1,2254306,30,Tarjeta de Crédito,Online
4921,2023-11-09,1726,5,2,4,658866,0,Transferencia,Online
4922,2022-07-27,819,22,8,1,1797606,0,Mercado Pago,Sucursal
4923,2024-03-12,1847,22,15,2,1797606,0,Tarjeta de Crédito,Sucursal
4924,2025-08-27,1178,1,14,1,934942,0,Transferencia,Sucursal
4925,2022-04-05,1392,14,20,1,2132068,0,Tarjeta de Crédito,Sucursal
4926,2022-05-03,1979,14,11,3,2132068,0,Transferencia,Sucursal
4927,2022-10-27,871,11,1,3,1298880,0,Tarjeta de Débito,Online
4928,2023-10-16,682,4,16,2,2160479,0,Mercado Pago,Online
4929,2021-12-21,1114,17,2,1,1455169,10,Efectivo,Online
4930,2023-09-24,393,21,15,1,1989781,15,Efectivo,Online
4931,2024-10-23,1225,5,2,1,658866,10,Tarjeta de Crédito,Online
4932,2026-02-18,1011,17,20,1,1455169,0,Tarjeta de Crédito,Sucursal
4933,2025-01-20,1749,8,11,1,1661179,5,Transferencia,Sucursal
4934,2023-05-08,1434,10,17,2,2261684,0,Tarjeta de Débito,Sucursal
4935,2024-12-31,571,22,16,1,1797606,5,Tarjeta de Crédito,Online
4936,2022-03-08,695,23,5,2,1928958,0,Tarjeta de Crédito,Sucursal
4937,2026-03-10,423,16,9,2,954116,0,Transferencia,Online
4938,2025-03-25,1103,14,5,2,2132068,0,Tarjeta de Crédito,Sucursal
4939,2024-10-09,78,1,9,1,934942,0,Tarjeta de Débito,Sucursal
4940,2021-08-27,1801,25,12,1,1853677,0,Tarjeta de Crédito,Sucursal
4941,2025-08-12,71,12,20,1,1844344,30,Efectivo,Sucursal
4942,2021-11-05,177,23,3,1,1928958,0,Tarjeta de Débito,Sucursal
4943,2023-04-18,374,21,8,1,1989781,0,Tarjeta de Débito,Sucursal
4944,2023-06-29,1952,16,3,2,954116,0,Tarjeta de Débito,Sucursal
4945,2026-04-23,797,12,16,1,1844344,0,Transferencia,Sucursal
4946,2024-12-12,428,15,20,1,2254306,15,Tarjeta de Crédito,Sucursal
4947,2023-08-25,558,17,20,1,1455169,15,Tarjeta de Débito,Online
4948,2026-04-30,70,5,18,2,658866,10,Tarjeta de Débito,Online
4949,2023-10-26,575,8,8,1,1661179,10,Mercado Pago,Sucursal
4950,2022-01-25,731,20,5,3,2236130,0,Mercado Pago,Sucursal
4951,2023-04-12,256,22,16,1,1797606,0,Tarjeta de Crédito,Sucursal
4952,2025-06-25,1129,20,6,1,2236130,0,Tarjeta de Débito,Sucursal
4953,2026-06-01,454,6,1,1,1764687,0,Tarjeta de Crédito,Sucursal
4954,2023-10-12,764,2,20,2,1484902,0,Mercado Pago,Online
4955,2023-05-09,23,11,19,1,1298880,0,Tarjeta de Crédito,Sucursal
4956,2022-03-30,1189,17,10,1,1455169,0,Tarjeta de Crédito,Sucursal
4957,2024-08-01,118,10,11,5,2261684,0,Tarjeta de Crédito,Online
4958,2024-01-26,1674,12,8,1,1844344,0,Tarjeta de Débito,Online
4959,2025-04-09,1370,13,14,2,1102174,0,Mercado Pago,Sucursal
4960,2025-02-02,1490,5,2,1,658866,0,Tarjeta de Débito,Sucursal
4961,2022-01-20,1182,14,10,1,2132068,0,Tarjeta de Crédito,Sucursal
4962,2023-03-21,1247,6,19,2,1764687,5,Mercado Pago,Sucursal
4963,2021-08-14,241,16,20,2,954116,0,Mercado Pago,Online
4964,2026-01-10,1877,25,4,1,1853677,10,Tarjeta de Crédito,Online
4965,2023-04-18,1838,7,10,1,1778736,10,Tarjeta de Crédito,Sucursal
4966,2026-02-09,1269,3,5,1,1748036,0,Tarjeta de Débito,Online
4967,2023-03-20,1590,20,1,1,2236130,0,Tarjeta de Débito,Sucursal
4968,2024-01-06,390,8,11,2,1661179,0,Tarjeta de Débito,Sucursal
4969,2023-03-06,1448,6,11,2,1764687,0,Tarjeta de Débito,Sucursal
4970,2021-08-05,192,17,12,1,1455169,5,Tarjeta de Débito,Sucursal
4971,2026-05-31,1054,11,3,1,1298880,0,Tarjeta de Débito,Sucursal
4972,2026-01-18,1671,15,19,2,2254306,0,Mercado Pago,Sucursal
4973,2023-05-26,350,25,7,1,1853677,0,Tarjeta de Débito,Online
4974,2024-02-20,1389,5,19,1,658866,10,Tarjeta de Débito,Sucursal
4975,2025-04-18,1648,7,3,1,1778736,0,Tarjeta de Crédito,Sucursal
4976,2023-06-20,1662,23,16,1,1928958,10,Efectivo,Online
4977,2025-01-01,1069,16,2,1,954116,5,Tarjeta de Crédito,Sucursal
4978,2023-09-04,650,14,17,1,2132068,0,Mercado Pago,Sucursal
4979,2021-07-13,841,5,20,1,658866,15,Mercado Pago,Online
4980,2025-12-13,1270,24,2,2,1763627,10,Tarjeta de Crédito,Sucursal
4981,2025-02-02,1191,10,14,1,2261684,0,Mercado Pago,Sucursal
4982,2021-07-11,688,8,2,1,1661179,0,Tarjeta de Débito,Online
4983,2021-07-21,321,18,2,1,1042885,15,Tarjeta de Débito,Online
4984,2023-06-23,1858,20,5,1,2236130,5,Tarjeta de Débito,Sucursal
4985,2023-12-21,1298,4,17,1,2160479,0,Tarjeta de Crédito,Sucursal
4986,2026-04-30,435,22,9,1,1797606,20,Tarjeta de Débito,Online
4987,2022-05-04,189,10,4,1,2261684,30,Tarjeta de Débito,Sucursal
4988,2025-05-08,624,13,5,3,1102174,0,Tarjeta de Débito,Sucursal
4989,2024-11-05,631,9,7,1,944582,0,Mercado Pago,Online
4990,2022-08-02,10,13,3,1,1102174,5,Efectivo,Sucursal
4991,2023-08-09,1031,4,20,1,2160479,0,Tarjeta de Crédito,Online
4992,2024-01-04,1867,17,14,1,1455169,0,Mercado Pago,Sucursal
4993,2023-05-19,1622,19,18,1,1030169,0,Tarjeta de Débito,Online
4994,2024-08-17,743,20,14,1,2236130,5,Tarjeta de Crédito,Sucursal
4995,2024-09-22,1004,23,3,1,1928958,5,Tarjeta de Crédito,Sucursal
4996,2021-09-17,1487,18,1,1,1042885,5,Tarjeta de Crédito,Sucursal
4997,2021-07-29,354,10,16,2,2261684,15,Tarjeta de Débito,Sucursal
4998,2026-05-21,1668,17,12,1,1455169,5,Tarjeta de Crédito,Online
4999,2025-03-07,624,14,13,1,2132068,5,Tarjeta de Crédito,Online
5000,2026-02-08,1923,14,4,2,2132068,20,Mercado Pago,Sucursal
5001,2024-01-03,1490,11,8,1,1298880,0,Mercado Pago,Sucursal
5002,2023-11-04,850,4,4,1,2160479,0,Tarjeta de Crédito,Online
5003,2022-01-14,1322,5,5,1,658866,0,Transferencia,Online
5004,2022-10-10,593,25,14,4,1853677,10,Tarjeta de Débito,Online
5005,2025-08-12,1629,23,15,1,1928958,5,Tarjeta de Crédito,Sucursal
5006,2022-04-18,757,15,4,2,2254306,0,Tarjeta de Crédito,Sucursal
5007,2026-05-07,1608,23,7,1,1928958,0,Tarjeta de Crédito,Sucursal
5008,2025-03-27,45,13,4,2,1102174,5,Mercado Pago,Sucursal
5009,2026-03-11,1806,8,7,1,1661179,0,Tarjeta de Crédito,Sucursal
5010,2023-07-29,1479,23,9,1,1928958,0,Tarjeta de Crédito,Online
5011,2021-11-08,44,22,12,1,1797606,0,Tarjeta de Crédito,Sucursal
5012,2021-09-16,1388,15,18,1,2254306,0,Tarjeta de Crédito,Sucursal
5013,2024-11-30,1987,23,6,2,1928958,0,Tarjeta de Crédito,Online
5014,2023-09-06,356,7,3,1,1778736,0,Transferencia,Sucursal
5015,2022-03-04,1841,4,19,1,2160479,10,Mercado Pago,Online
5016,2021-10-09,263,14,1,1,2132068,10,Tarjeta de Crédito,Sucursal
5017,2025-03-06,1401,22,5,1,1797606,5,Tarjeta de Crédito,Sucursal
5018,2022-05-13,1930,15,16,1,2254306,0,Tarjeta de Crédito,Online
5019,2025-06-14,530,4,12,1,2160479,0,Tarjeta de Crédito,Sucursal
5020,2024-05-24,463,7,12,1,1778736,20,Tarjeta de Crédito,Sucursal
5021,2021-08-25,1612,1,18,3,934942,0,Transferencia,Online
5022,2022-09-01,1470,20,7,1,2236130,0,Mercado Pago,Online
5023,2022-11-24,354,9,4,2,944582,0,Tarjeta de Débito,Online
5024,2022-06-27,1658,6,14,1,1764687,0,Mercado Pago,Online
5025,2023-04-21,1360,16,7,1,954116,0,Efectivo,Online
5026,2024-11-25,1394,13,18,1,1102174,10,Efectivo,Sucursal
5027,2023-09-25,1810,5,10,2,658866,10,Mercado Pago,Online
5028,2023-09-25,507,22,14,1,1797606,0,Mercado Pago,Online
5029,2022-11-30,1698,2,18,1,1484902,0,Tarjeta de Crédito,Sucursal
5030,2023-09-19,912,7,13,1,1778736,0,Mercado Pago,Sucursal
5031,2026-02-26,568,7,8,1,1778736,0,Tarjeta de Crédito,Sucursal
5032,2024-10-05,1363,13,17,1,1102174,0,Mercado Pago,Sucursal
5033,2025-06-15,859,24,4,1,1763627,5,Tarjeta de Débito,Online
5034,2025-12-09,1208,9,12,1,944582,0,Transferencia,Sucursal
5035,2022-07-17,1558,25,13,1,1853677,5,Tarjeta de Débito,Online
5036,2022-04-26,1655,17,11,2,1455169,10,Tarjeta de Débito,Online
5037,2022-01-17,665,19,1,1,1030169,0,Tarjeta de Crédito,Sucursal
5038,2021-08-31,901,15,4,2,2254306,0,Transferencia,Online
5039,2023-01-04,291,6,11,1,1764687,0,Tarjeta de Débito,Sucursal
5040,2026-06-24,1617,7,1,1,1778736,0,Mercado Pago,Online
5041,2024-07-08,704,25,16,2,1853677,0,Tarjeta de Débito,Sucursal
5042,2025-02-12,485,9,10,1,944582,15,Mercado Pago,Sucursal
5043,2024-09-19,1380,18,11,1,1042885,0,Tarjeta de Crédito,Sucursal
5044,2025-02-11,1918,8,14,1,1661179,5,Mercado Pago,Sucursal
5045,2023-08-13,388,14,3,1,2132068,0,Tarjeta de Crédito,Sucursal
5046,2025-08-30,696,4,2,1,2160479,10,Tarjeta de Crédito,Sucursal
5047,2026-05-09,824,17,7,2,1455169,10,Transferencia,Sucursal
5048,2024-05-23,848,2,12,1,1484902,10,Tarjeta de Crédito,Sucursal
5049,2022-08-28,864,24,13,1,1763627,5,Tarjeta de Crédito,Sucursal
5050,2022-05-23,1185,8,19,1,1661179,0,Tarjeta de Débito,Sucursal
5051,2025-10-18,377,3,9,1,1748036,0,Tarjeta de Débito,Sucursal
5052,2021-08-27,290,14,4,1,2132068,0,Tarjeta de Débito,Online
5053,2024-11-17,239,17,12,2,1455169,15,Mercado Pago,Sucursal
5054,2026-04-12,243,1,20,2,934942,0,Mercado Pago,Online
5055,2023-08-15,1626,23,17,1,1928958,0,Tarjeta de Crédito,Online
5056,2022-09-27,829,21,13,2,1989781,0,Tarjeta de Crédito,Online
5057,2022-05-08,1458,8,15,1,1661179,15,Tarjeta de Crédito,Sucursal
5058,2022-08-14,327,24,17,2,1763627,0,Mercado Pago,Online
5059,2025-02-28,732,7,1,1,1778736,5,Tarjeta de Crédito,Sucursal
5060,2025-08-15,595,2,3,1,1484902,0,Mercado Pago,Sucursal
5061,2025-12-22,1024,22,20,1,1797606,0,Tarjeta de Crédito,Sucursal
5062,2023-07-18,894,20,19,1,2236130,0,Efectivo,Sucursal
5063,2022-08-22,1326,3,20,1,1748036,0,Tarjeta de Débito,Online
5064,2024-06-05,714,25,1,2,1853677,30,Transferencia,Online
5065,2023-09-19,1539,1,7,2,934942,5,Mercado Pago,Online
5066,2023-02-02,1977,9,13,1,944582,0,Tarjeta de Crédito,Sucursal
5067,2022-12-01,588,22,7,1,1797606,5,Mercado Pago,Sucursal
5068,2022-06-29,165,18,2,1,1042885,0,Tarjeta de Débito,Online
5069,2022-09-07,733,21,14,1,1989781,0,Tarjeta de Crédito,Online
5070,2024-10-15,1106,4,13,1,2160479,0,Transferencia,Sucursal
5071,2021-10-08,533,15,8,1,2254306,10,Tarjeta de Crédito,Sucursal
5072,2024-04-01,433,24,4,1,1763627,15,Tarjeta de Crédito,Sucursal
5073,2023-08-08,1508,4,17,1,2160479,20,Tarjeta de Débito,Sucursal
5074,2024-12-16,536,19,17,1,1030169,10,Transferencia,Sucursal
5075,2026-01-20,986,13,4,2,1102174,5,Tarjeta de Crédito,Sucursal
5076,2024-10-17,1666,9,6,2,944582,15,Tarjeta de Crédito,Sucursal
5077,2026-02-24,945,9,5,1,944582,10,Tarjeta de Crédito,Online
5078,2024-04-26,1015,14,5,1,2132068,15,Tarjeta de Crédito,Sucursal
5079,2025-09-09,925,6,10,1,1764687,10,Tarjeta de Crédito,Sucursal
5080,2025-04-25,1211,13,16,2,1102174,10,Transferencia,Online
5081,2025-07-07,421,11,10,1,1298880,0,Tarjeta de Crédito,Sucursal
5082,2026-01-24,991,19,8,1,1030169,5,Mercado Pago,Sucursal
5083,2023-12-01,1158,11,14,1,1298880,0,Mercado Pago,Online
5084,2024-04-14,945,16,4,1,954116,0,Tarjeta de Débito,Online
5085,2024-01-20,1389,23,5,2,1928958,0,Mercado Pago,Online
5086,2023-06-02,1630,19,3,2,1030169,0,Tarjeta de Crédito,Online
5087,2022-08-23,1126,21,16,1,1989781,20,Mercado Pago,Sucursal
5088,2023-07-07,1789,13,10,3,1102174,5,Tarjeta de Débito,Online
5089,2023-12-11,894,17,5,3,1455169,5,Tarjeta de Crédito,Online
5090,2024-01-02,1417,7,20,1,1778736,5,Tarjeta de Crédito,Sucursal
5091,2025-05-12,842,24,6,1,1763627,0,Transferencia,Online
5092,2025-11-24,185,16,4,2,954116,0,Tarjeta de Crédito,Sucursal
5093,2025-07-30,84,17,18,1,1455169,5,Transferencia,Online
5094,2024-09-07,1648,20,19,1,2236130,0,Mercado Pago,Sucursal
5095,2023-07-23,633,24,19,1,1763627,0,Tarjeta de Crédito,Sucursal
5096,2022-12-11,15,5,14,1,658866,0,Tarjeta de Débito,Online
5097,2025-08-05,168,20,7,2,2236130,0,Tarjeta de Débito,Sucursal
5098,2022-08-19,1694,16,3,1,954116,20,Mercado Pago,Online
5099,2025-06-13,950,2,5,3,1484902,0,Tarjeta de Crédito,Online
5100,2025-08-15,415,7,4,1,1778736,0,Transferencia,Sucursal
5101,2025-09-03,1836,14,7,1,2132068,0,Tarjeta de Crédito,Sucursal
5102,2021-09-02,1603,7,5,1,1778736,0,Tarjeta de Débito,Sucursal
5103,2022-01-08,962,14,19,1,2132068,10,Mercado Pago,Online
5104,2021-08-05,1973,7,4,1,1778736,10,Tarjeta de Crédito,Online
5105,2022-07-14,562,13,19,1,1102174,0,Mercado Pago,Sucursal
5106,2022-04-23,1445,14,2,3,2132068,0,Tarjeta de Crédito,Sucursal
5107,2025-07-07,1609,14,15,1,2132068,0,Transferencia,Sucursal
5108,2026-04-02,1451,9,13,1,944582,0,Tarjeta de Débito,Online
5109,2023-04-09,197,6,1,1,1764687,10,Tarjeta de Débito,Online
5110,2022-10-10,1583,13,17,1,1102174,0,Tarjeta de Débito,Sucursal
5111,2022-11-17,942,10,14,1,2261684,5,Tarjeta de Débito,Online
5112,2026-02-09,1748,5,8,2,658866,0,Tarjeta de Débito,Sucursal
5113,2025-09-25,726,23,9,2,1928958,0,Tarjeta de Crédito,Online
5114,2024-09-24,644,13,20,4,1102174,0,Tarjeta de Crédito,Sucursal
5115,2022-11-10,1917,7,9,1,1778736,0,Tarjeta de Crédito,Online
5116,2025-04-15,1399,25,17,1,1853677,15,Tarjeta de Crédito,Sucursal
5117,2023-08-01,307,13,8,1,1102174,10,Tarjeta de Crédito,Sucursal
5118,2026-06-04,1426,14,16,1,2132068,0,Tarjeta de Débito,Sucursal
5119,2022-07-20,100,8,17,1,1661179,0,Tarjeta de Débito,Online
5120,2023-05-19,1359,7,3,1,1778736,0,Tarjeta de Crédito,Sucursal
5121,2023-08-18,1235,8,19,1,1661179,5,Tarjeta de Crédito,Sucursal
5122,2024-12-02,1337,25,9,1,1853677,5,Tarjeta de Crédito,Sucursal
5123,2023-08-18,1116,9,15,2,944582,20,Tarjeta de Crédito,Online
5124,2024-06-20,437,21,4,1,1989781,10,Tarjeta de Crédito,Sucursal
5125,2023-12-06,1741,5,13,1,658866,5,Tarjeta de Crédito,Online
5126,2022-12-28,818,21,4,4,1989781,5,Mercado Pago,Sucursal
5127,2026-05-31,815,9,1,1,944582,10,Transferencia,Sucursal
5128,2025-10-16,1455,25,10,4,1853677,5,Tarjeta de Crédito,Sucursal
5129,2024-08-17,808,8,8,1,1661179,5,Tarjeta de Crédito,Sucursal
5130,2026-06-12,1139,7,5,2,1778736,0,Mercado Pago,Online
5131,2025-05-18,1139,9,13,1,944582,0,Tarjeta de Crédito,Sucursal
5132,2022-10-28,821,5,16,1,658866,5,Tarjeta de Crédito,Sucursal
5133,2024-11-21,1437,16,11,2,954116,15,Mercado Pago,Sucursal
5134,2023-06-12,1859,10,1,1,2261684,5,Tarjeta de Crédito,Sucursal
5135,2025-06-29,1904,12,1,1,1844344,0,Tarjeta de Débito,Online
5136,2025-03-18,778,17,8,1,1455169,5,Tarjeta de Crédito,Sucursal
5137,2021-10-13,1339,21,17,2,1989781,10,Mercado Pago,Sucursal
5138,2022-10-07,1346,24,3,3,1763627,5,Tarjeta de Crédito,Sucursal
5139,2022-02-22,1883,3,9,3,1748036,0,Efectivo,Sucursal
5140,2025-06-26,388,21,12,1,1989781,30,Tarjeta de Crédito,Sucursal
5141,2021-08-19,60,7,19,1,1778736,5,Tarjeta de Crédito,Online
5142,2022-01-06,904,18,20,2,1042885,5,Tarjeta de Débito,Sucursal
5143,2025-04-24,1548,5,1,1,658866,0,Tarjeta de Crédito,Sucursal
5144,2025-10-13,1641,20,17,1,2236130,0,Tarjeta de Crédito,Online
5145,2022-08-10,584,23,20,1,1928958,0,Tarjeta de Crédito,Online
5146,2025-07-17,1337,7,17,1,1778736,20,Tarjeta de Débito,Sucursal
5147,2023-03-04,16,23,4,3,1928958,5,Tarjeta de Débito,Sucursal
5148,2024-04-07,240,18,5,3,1042885,15,Transferencia,Online
5149,2024-07-14,1370,10,10,1,2261684,0,Mercado Pago,Sucursal
5150,2026-03-03,251,1,1,1,934942,15,Transferencia,Sucursal
5151,2025-03-12,411,25,19,2,1853677,5,Tarjeta de Débito,Sucursal
5152,2024-12-19,1778,13,14,1,1102174,5,Mercado Pago,Online
5153,2024-12-25,1501,3,19,2,1748036,0,Mercado Pago,Online
5154,2024-07-15,485,17,20,1,1455169,15,Tarjeta de Crédito,Sucursal
5155,2023-06-07,1212,13,2,3,1102174,5,Tarjeta de Crédito,Sucursal
5156,2025-07-10,1520,17,11,2,1455169,5,Tarjeta de Crédito,Sucursal
5157,2024-11-12,1731,10,10,2,2261684,10,Transferencia,Online
5158,2022-12-26,1587,17,10,1,1455169,0,Efectivo,Online
5159,2025-11-13,622,13,9,2,1102174,5,Mercado Pago,Online
5160,2022-06-28,1770,19,20,1,1030169,15,Tarjeta de Crédito,Sucursal
5161,2025-11-08,1451,8,3,1,1661179,0,Tarjeta de Débito,Online
5162,2021-12-13,1350,19,4,1,1030169,0,Tarjeta de Débito,Sucursal
5163,2025-09-01,1005,6,3,1,1764687,15,Tarjeta de Débito,Sucursal
5164,2024-04-06,613,9,7,1,944582,0,Tarjeta de Crédito,Sucursal
5165,2021-07-11,144,22,18,1,1797606,0,Tarjeta de Crédito,Online
5166,2025-01-28,1255,11,3,1,1298880,0,Tarjeta de Crédito,Sucursal
5167,2024-06-05,803,17,10,2,1455169,15,Tarjeta de Crédito,Online
5168,2025-05-21,320,12,13,1,1844344,10,Tarjeta de Crédito,Sucursal
5169,2021-12-30,900,4,4,1,2160479,0,Efectivo,Online
5170,2025-12-09,942,14,17,1,2132068,0,Mercado Pago,Online
5171,2024-05-18,1471,13,17,2,1102174,0,Tarjeta de Débito,Sucursal
5172,2022-09-08,184,12,18,1,1844344,0,Tarjeta de Débito,Online
5173,2024-10-05,911,12,16,2,1844344,0,Tarjeta de Crédito,Sucursal
5174,2023-01-18,752,21,5,1,1989781,0,Mercado Pago,Sucursal
5175,2023-01-14,400,20,16,1,2236130,0,Tarjeta de Crédito,Sucursal
5176,2025-12-05,984,18,6,2,1042885,0,Mercado Pago,Online
5177,2025-12-06,506,8,5,2,1661179,0,Tarjeta de Débito,Online
5178,2025-02-12,1167,23,3,1,1928958,20,Tarjeta de Crédito,Sucursal
5179,2023-07-29,629,11,16,1,1298880,0,Tarjeta de Crédito,Sucursal
5180,2026-06-24,415,20,4,2,2236130,0,Transferencia,Sucursal
5181,2024-01-04,343,3,4,1,1748036,0,Tarjeta de Crédito,Sucursal
5182,2024-10-31,1552,20,20,1,2236130,10,Tarjeta de Crédito,Online
5183,2022-06-30,307,4,4,1,2160479,0,Tarjeta de Crédito,Online
5184,2022-12-18,676,12,13,1,1844344,0,Efectivo,Sucursal
5185,2023-08-05,1188,25,5,2,1853677,0,Efectivo,Sucursal
5186,2023-10-09,141,5,14,1,658866,5,Tarjeta de Débito,Sucursal
5187,2025-05-13,341,24,18,1,1763627,15,Tarjeta de Crédito,Sucursal
5188,2025-07-09,363,24,6,1,1763627,0,Tarjeta de Crédito,Online
5189,2026-02-25,1169,2,20,2,1484902,15,Tarjeta de Débito,Online
5190,2024-07-04,694,25,2,1,1853677,0,Tarjeta de Crédito,Online
5191,2025-02-20,1441,4,1,1,2160479,0,Tarjeta de Débito,Online
5192,2023-01-15,1434,19,19,1,1030169,5,Tarjeta de Crédito,Sucursal
5193,2024-01-11,770,12,3,2,1844344,0,Tarjeta de Débito,Sucursal
5194,2021-07-15,229,4,11,1,2160479,0,Mercado Pago,Online
5195,2025-03-07,1680,19,13,1,1030169,5,Tarjeta de Crédito,Sucursal
5196,2023-10-24,1626,13,11,1,1102174,0,Tarjeta de Débito,Online
5197,2024-12-28,60,2,1,1,1484902,0,Tarjeta de Crédito,Sucursal
5198,2023-09-10,1497,15,12,2,2254306,10,Tarjeta de Débito,Sucursal
5199,2023-08-02,1796,16,19,1,954116,10,Mercado Pago,Online
5200,2023-12-05,1471,2,11,1,1484902,0,Tarjeta de Crédito,Online
5201,2022-07-17,1418,22,20,2,1797606,15,Transferencia,Sucursal
5202,2023-08-11,438,14,11,1,2132068,0,Tarjeta de Crédito,Sucursal
5203,2022-12-03,936,25,4,1,1853677,10,Tarjeta de Débito,Online
5204,2024-08-21,941,10,1,2,2261684,0,Transferencia,Sucursal
5205,2024-06-29,1084,3,8,1,1748036,0,Tarjeta de Débito,Sucursal
5206,2023-04-09,1216,17,14,5,1455169,15,Tarjeta de Crédito,Sucursal
5207,2023-03-29,167,19,4,2,1030169,0,Mercado Pago,Sucursal
5208,2022-07-12,1074,7,7,4,1778736,10,Efectivo,Online
5209,2024-04-25,43,24,17,1,1763627,0,Efectivo,Sucursal
5210,2022-07-12,1419,2,1,2,1484902,5,Efectivo,Sucursal
5211,2023-04-26,205,8,19,1,1661179,10,Efectivo,Sucursal
5212,2025-05-25,1844,6,16,1,1764687,15,Tarjeta de Crédito,Sucursal
5213,2025-04-06,1480,11,15,1,1298880,0,Tarjeta de Crédito,Online
5214,2022-09-01,616,21,16,2,1989781,15,Efectivo,Online
5215,2026-06-28,486,7,19,1,1778736,0,Tarjeta de Crédito,Sucursal
5216,2022-08-25,1480,15,16,2,2254306,0,Transferencia,Online
5217,2023-02-28,286,5,2,1,658866,0,Tarjeta de Crédito,Online
5218,2022-09-28,1842,18,15,5,1042885,0,Mercado Pago,Sucursal
5219,2022-10-11,1006,7,11,1,1778736,0,Tarjeta de Crédito,Sucursal
5220,2024-08-31,1856,25,6,1,1853677,15,Tarjeta de Crédito,Online
5221,2021-12-07,1178,22,13,1,1797606,20,Tarjeta de Crédito,Sucursal
5222,2022-09-11,483,14,11,1,2132068,0,Tarjeta de Débito,Sucursal
5223,2022-09-15,138,4,16,1,2160479,0,Tarjeta de Débito,Sucursal
5224,2025-08-06,304,3,20,1,1748036,5,Tarjeta de Crédito,Sucursal
5225,2024-03-07,158,23,17,1,1928958,10,Tarjeta de Débito,Online
5226,2022-03-01,312,16,18,1,954116,5,Tarjeta de Crédito,Sucursal
5227,2021-11-22,267,25,8,1,1853677,20,Tarjeta de Crédito,Online
5228,2025-07-14,1784,17,1,1,1455169,5,Tarjeta de Débito,Sucursal
5229,2022-01-13,1701,20,9,2,2236130,20,Mercado Pago,Sucursal
5230,2023-04-27,1497,13,15,2,1102174,0,Transferencia,Sucursal
5231,2022-01-04,372,8,7,1,1661179,10,Tarjeta de Crédito,Sucursal
5232,2025-08-07,1332,23,13,1,1928958,0,Mercado Pago,Sucursal
5233,2025-10-08,583,4,16,1,2160479,0,Mercado Pago,Sucursal
5234,2021-12-03,1235,14,9,1,2132068,5,Mercado Pago,Online
5235,2022-03-30,995,10,3,1,2261684,20,Tarjeta de Crédito,Online
5236,2026-06-16,264,19,8,1,1030169,0,Tarjeta de Débito,Online
5237,2023-08-05,1732,14,10,2,2132068,0,Mercado Pago,Sucursal
5238,2026-02-06,1783,14,14,1,2132068,5,Mercado Pago,Sucursal
5239,2021-08-16,420,3,19,1,1748036,10,Mercado Pago,Sucursal
5240,2024-05-16,638,15,9,1,2254306,5,Tarjeta de Débito,Sucursal
5241,2021-07-15,451,8,12,1,1661179,20,Tarjeta de Débito,Online
5242,2022-12-23,98,4,11,2,2160479,0,Transferencia,Sucursal
5243,2021-10-20,991,9,19,1,944582,0,Tarjeta de Crédito,Online
5244,2024-07-19,1458,18,3,1,1042885,10,Transferencia,Online
5245,2022-04-08,1326,21,5,1,1989781,0,Tarjeta de Débito,Sucursal
5246,2025-04-09,1279,21,10,1,1989781,0,Transferencia,Sucursal
5247,2024-03-07,755,25,16,1,1853677,0,Tarjeta de Débito,Online
5248,2023-09-12,834,24,8,1,1763627,20,Tarjeta de Crédito,Online
5249,2023-07-17,1345,17,16,1,1455169,15,Tarjeta de Crédito,Online
5250,2025-08-07,1054,10,5,1,2261684,5,Tarjeta de Crédito,Sucursal
5251,2023-06-07,1525,17,11,1,1455169,0,Mercado Pago,Sucursal
5252,2024-10-30,615,5,1,1,658866,0,Tarjeta de Crédito,Sucursal
5253,2025-06-07,1325,7,10,2,1778736,0,Tarjeta de Débito,Sucursal
5254,2022-05-11,463,2,5,4,1484902,0,Mercado Pago,Online
5255,2023-03-18,1010,16,16,2,954116,5,Tarjeta de Crédito,Online
5256,2025-04-26,1723,9,12,2,944582,0,Tarjeta de Crédito,Sucursal
5257,2025-09-08,987,4,8,1,2160479,5,Mercado Pago,Sucursal
5258,2024-12-02,397,2,17,1,1484902,20,Transferencia,Online
5259,2025-05-18,1155,15,6,1,2254306,5,Tarjeta de Crédito,Online
5260,2024-08-11,1954,25,8,1,1853677,5,Efectivo,Online
5261,2022-04-16,1418,20,19,2,2236130,0,Tarjeta de Débito,Sucursal
5262,2025-10-18,134,9,10,1,944582,0,Tarjeta de Crédito,Online
5263,2024-04-02,261,22,2,1,1797606,15,Tarjeta de Crédito,Sucursal
5264,2023-01-28,1556,6,12,1,1764687,0,Efectivo,Sucursal
5265,2024-06-26,1774,5,13,4,658866,0,Mercado Pago,Sucursal
5266,2026-01-21,918,19,10,1,1030169,5,Mercado Pago,Sucursal
5267,2025-05-05,901,25,17,1,1853677,5,Efectivo,Sucursal
5268,2024-02-19,1905,23,16,3,1928958,0,Transferencia,Sucursal
5269,2023-06-04,31,19,13,1,1030169,0,Tarjeta de Crédito,Online
5270,2022-09-21,30,14,13,1,2132068,0,Mercado Pago,Online
5271,2025-03-14,225,21,4,2,1989781,0,Tarjeta de Crédito,Sucursal
5272,2022-03-25,520,1,10,3,934942,0,Mercado Pago,Online
5273,2025-09-07,1546,20,15,4,2236130,5,Mercado Pago,Online
5274,2024-04-13,550,12,18,1,1844344,0,Tarjeta de Débito,Online
5275,2026-04-28,148,10,6,2,2261684,15,Efectivo,Sucursal
5276,2023-04-19,753,6,6,1,1764687,0,Tarjeta de Crédito,Sucursal
5277,2025-10-25,344,8,20,1,1661179,20,Tarjeta de Débito,Sucursal
5278,2024-05-16,1307,8,9,1,1661179,5,Tarjeta de Crédito,Online
5279,2025-01-09,1248,19,9,1,1030169,30,Mercado Pago,Online
5280,2024-11-11,1382,7,15,1,1778736,0,Tarjeta de Crédito,Sucursal
5281,2021-10-02,1547,6,12,1,1764687,0,Tarjeta de Débito,Sucursal
5282,2023-12-03,270,22,19,1,1797606,0,Transferencia,Sucursal
5283,2022-01-20,837,10,19,2,2261684,10,Tarjeta de Crédito,Sucursal
5284,2022-06-27,1938,11,4,1,1298880,0,Tarjeta de Débito,Sucursal
5285,2024-09-30,934,3,3,1,1748036,10,Tarjeta de Crédito,Online
5286,2023-11-06,799,13,19,1,1102174,0,Tarjeta de Crédito,Sucursal
5287,2024-09-20,1749,17,10,4,1455169,0,Tarjeta de Crédito,Sucursal
5288,2022-10-29,1062,23,12,2,1928958,5,Efectivo,Sucursal
5289,2023-02-09,524,16,17,1,954116,0,Transferencia,Sucursal
5290,2024-06-08,1485,15,14,1,2254306,0,Efectivo,Sucursal
5291,2025-07-08,1256,4,11,1,2160479,0,Mercado Pago,Sucursal
5292,2026-05-14,1583,14,14,1,2132068,0,Mercado Pago,Sucursal
5293,2022-05-27,1536,18,2,1,1042885,0,Mercado Pago,Online
5294,2024-02-28,1201,19,1,1,1030169,0,Tarjeta de Débito,Sucursal
5295,2024-10-06,1592,7,17,2,1778736,0,Tarjeta de Crédito,Sucursal
5296,2023-03-20,1519,21,3,1,1989781,30,Tarjeta de Crédito,Online
5297,2024-09-16,1302,23,15,1,1928958,0,Tarjeta de Crédito,Online
5298,2024-02-12,1627,13,15,1,1102174,15,Tarjeta de Crédito,Sucursal
5299,2024-01-11,1363,16,7,1,954116,0,Tarjeta de Débito,Sucursal
5300,2022-09-24,682,21,10,1,1989781,10,Mercado Pago,Sucursal
5301,2025-09-04,590,25,8,3,1853677,0,Tarjeta de Crédito,Online
5302,2026-04-20,1036,12,18,2,1844344,0,Tarjeta de Crédito,Sucursal
5303,2025-02-17,729,4,14,1,2160479,0,Mercado Pago,Sucursal
5304,2025-01-20,135,3,12,2,1748036,15,Tarjeta de Crédito,Online
5305,2025-01-26,1298,20,8,1,2236130,0,Mercado Pago,Sucursal
5306,2025-11-06,498,11,12,1,1298880,0,Mercado Pago,Sucursal
5307,2023-07-13,292,9,5,1,944582,5,Tarjeta de Crédito,Sucursal
5308,2023-05-14,1139,23,17,1,1928958,0,Tarjeta de Crédito,Sucursal
5309,2024-11-14,321,4,10,1,2160479,0,Tarjeta de Crédito,Online
5310,2023-07-01,777,6,2,3,1764687,10,Mercado Pago,Sucursal
5311,2024-09-05,861,19,4,1,1030169,0,Mercado Pago,Online
5312,2021-07-15,1147,22,19,1,1797606,0,Tarjeta de Crédito,Sucursal
5313,2022-06-06,1158,17,17,1,1455169,0,Mercado Pago,Online
5314,2023-11-08,1669,17,11,1,1455169,0,Tarjeta de Crédito,Sucursal
5315,2022-04-13,1224,14,9,3,2132068,0,Tarjeta de Crédito,Sucursal
5316,2026-07-03,1278,12,18,1,1844344,0,Tarjeta de Débito,Sucursal
5317,2021-08-11,1131,16,20,1,954116,0,Tarjeta de Débito,Sucursal
5318,2022-10-04,703,2,2,1,1484902,0,Mercado Pago,Online
5319,2022-02-18,820,9,17,1,944582,15,Tarjeta de Débito,Online
5320,2026-06-20,1691,7,12,2,1778736,15,Tarjeta de Crédito,Online
5321,2024-11-01,512,14,16,1,2132068,0,Tarjeta de Crédito,Online
5322,2021-11-16,1886,3,9,1,1748036,0,Transferencia,Online
5323,2023-07-31,1457,1,16,5,934942,10,Efectivo,Sucursal
5324,2024-06-01,72,22,12,1,1797606,0,Tarjeta de Crédito,Sucursal
5325,2023-11-22,1296,1,10,1,934942,0,Tarjeta de Crédito,Sucursal
5326,2024-03-02,182,12,13,2,1844344,10,Tarjeta de Crédito,Sucursal
5327,2024-01-25,1578,19,14,1,1030169,0,Tarjeta de Débito,Sucursal
5328,2021-12-12,494,10,11,2,2261684,20,Tarjeta de Débito,Sucursal
5329,2025-02-22,1343,11,11,2,1298880,15,Tarjeta de Crédito,Online
5330,2022-07-30,5,2,7,1,1484902,0,Efectivo,Online
5331,2023-09-25,1177,19,13,1,1030169,0,Tarjeta de Crédito,Online
5332,2022-06-02,327,16,7,1,954116,0,Tarjeta de Crédito,Sucursal
5333,2021-10-08,1053,5,2,1,658866,10,Tarjeta de Crédito,Online
5334,2022-11-29,1909,12,12,2,1844344,20,Tarjeta de Crédito,Online
5335,2024-10-17,298,24,2,2,1763627,0,Tarjeta de Débito,Sucursal
5336,2021-11-01,469,5,18,1,658866,20,Transferencia,Sucursal
5337,2026-04-10,1114,20,17,2,2236130,5,Tarjeta de Crédito,Online
5338,2022-11-27,1149,20,15,2,2236130,10,Tarjeta de Crédito,Sucursal
5339,2026-06-21,1160,3,8,1,1748036,0,Tarjeta de Crédito,Sucursal
5340,2023-03-21,990,25,11,2,1853677,0,Tarjeta de Débito,Sucursal
5341,2025-06-12,938,3,1,1,1748036,0,Tarjeta de Crédito,Online
5342,2023-07-13,66,20,9,2,2236130,0,Tarjeta de Crédito,Online
5343,2024-02-18,193,11,9,2,1298880,15,Tarjeta de Crédito,Sucursal
5344,2023-04-08,613,22,6,2,1797606,10,Tarjeta de Crédito,Online
5345,2021-12-30,1876,9,12,1,944582,10,Tarjeta de Débito,Sucursal
5346,2024-10-09,21,24,17,1,1763627,0,Mercado Pago,Sucursal
5347,2023-03-18,320,7,18,3,1778736,0,Tarjeta de Crédito,Sucursal
5348,2025-08-29,147,15,15,1,2254306,15,Tarjeta de Débito,Sucursal
5349,2025-07-30,1273,23,3,1,1928958,5,Transferencia,Sucursal
5350,2021-08-17,355,21,9,2,1989781,0,Transferencia,Online
5351,2023-02-04,849,5,17,4,658866,0,Tarjeta de Crédito,Sucursal
5352,2022-01-31,715,24,19,1,1763627,0,Tarjeta de Débito,Sucursal
5353,2022-03-05,182,17,12,2,1455169,0,Mercado Pago,Sucursal
5354,2025-11-24,1949,11,8,2,1298880,5,Tarjeta de Crédito,Online
5355,2023-12-03,917,11,11,4,1298880,0,Mercado Pago,Sucursal
5356,2023-09-26,657,21,17,1,1989781,0,Transferencia,Online
5357,2022-08-10,275,11,17,1,1298880,0,Tarjeta de Crédito,Online
5358,2022-04-17,688,11,9,1,1298880,5,Mercado Pago,Sucursal
5359,2024-04-08,1012,22,18,1,1797606,5,Tarjeta de Crédito,Sucursal
5360,2024-03-18,1638,21,14,1,1989781,0,Mercado Pago,Sucursal
5361,2021-11-14,1583,15,9,1,2254306,0,Tarjeta de Crédito,Sucursal
5362,2024-08-21,418,11,20,1,1298880,10,Mercado Pago,Sucursal
5363,2022-10-22,1436,17,15,1,1455169,0,Mercado Pago,Sucursal
5364,2023-10-09,1204,24,10,1,1763627,5,Tarjeta de Crédito,Sucursal
5365,2021-09-11,1989,3,6,1,1748036,0,Tarjeta de Crédito,Online
5366,2021-08-29,904,13,6,2,1102174,15,Tarjeta de Crédito,Sucursal
5367,2025-01-08,638,20,9,1,2236130,10,Mercado Pago,Sucursal
5368,2023-06-02,69,8,2,1,1661179,0,Mercado Pago,Sucursal
5369,2023-02-09,1931,22,11,2,1797606,10,Tarjeta de Crédito,Sucursal
5370,2022-05-27,1864,17,15,1,1455169,10,Tarjeta de Débito,Online
5371,2023-12-20,709,25,2,1,1853677,0,Tarjeta de Crédito,Sucursal
5372,2023-06-23,1287,5,16,2,658866,0,Tarjeta de Crédito,Online
5373,2021-12-25,473,2,12,1,1484902,0,Tarjeta de Crédito,Sucursal
5374,2022-07-30,1192,4,9,1,2160479,10,Tarjeta de Crédito,Sucursal
5375,2025-07-07,478,22,10,2,1797606,0,Efectivo,Sucursal
5376,2025-12-06,1696,7,19,1,1778736,0,Tarjeta de Crédito,Sucursal
5377,2023-09-13,61,19,9,1,1030169,30,Tarjeta de Crédito,Sucursal
5378,2026-06-11,1848,17,17,1,1455169,10,Mercado Pago,Online
5379,2024-12-24,348,6,7,1,1764687,0,Tarjeta de Débito,Online
5380,2024-08-22,1402,5,4,1,658866,0,Tarjeta de Crédito,Sucursal
5381,2024-12-14,386,22,7,1,1797606,0,Tarjeta de Crédito,Sucursal
5382,2024-12-19,366,15,14,1,2254306,5,Tarjeta de Crédito,Sucursal
5383,2023-09-14,1425,5,13,1,658866,15,Tarjeta de Débito,Sucursal
5384,2023-07-12,1008,14,5,1,2132068,0,Mercado Pago,Sucursal
5385,2024-02-08,4,7,12,2,1778736,0,Mercado Pago,Online
5386,2023-09-18,296,17,18,4,1455169,0,Tarjeta de Crédito,Sucursal
5387,2025-12-29,1115,23,1,1,1928958,15,Tarjeta de Débito,Online
5388,2023-05-24,350,4,2,1,2160479,30,Mercado Pago,Sucursal
5389,2022-08-03,510,20,11,1,2236130,0,Mercado Pago,Sucursal
5390,2024-06-18,1741,7,6,1,1778736,0,Tarjeta de Crédito,Sucursal
5391,2023-02-24,1476,15,17,1,2254306,0,Mercado Pago,Sucursal
5392,2025-05-10,172,14,11,2,2132068,0,Tarjeta de Crédito,Sucursal
5393,2021-11-27,1642,15,18,1,2254306,10,Tarjeta de Crédito,Sucursal
5394,2022-01-22,21,18,8,1,1042885,0,Tarjeta de Débito,Sucursal
5395,2021-08-23,1880,10,12,2,2261684,0,Tarjeta de Crédito,Sucursal
5396,2026-02-10,1113,8,16,1,1661179,0,Transferencia,Sucursal
5397,2021-12-11,1704,3,18,2,1748036,0,Tarjeta de Débito,Online
5398,2024-12-30,668,5,11,1,658866,0,Mercado Pago,Online
5399,2025-02-06,1520,25,13,1,1853677,0,Tarjeta de Crédito,Sucursal
5400,2025-07-02,1623,25,13,3,1853677,0,Mercado Pago,Online
5401,2022-06-04,1747,2,3,2,1484902,0,Tarjeta de Crédito,Sucursal
5402,2022-12-02,589,15,14,2,2254306,10,Tarjeta de Crédito,Online
5403,2023-10-20,1895,20,10,1,2236130,0,Tarjeta de Crédito,Sucursal
5404,2022-05-14,910,25,10,1,1853677,0,Tarjeta de Débito,Sucursal
5405,2025-12-30,194,15,10,1,2254306,10,Tarjeta de Crédito,Sucursal
5406,2024-11-03,196,22,13,1,1797606,0,Tarjeta de Débito,Online
5407,2025-12-20,823,3,9,1,1748036,0,Tarjeta de Crédito,Sucursal
5408,2025-10-22,1495,21,8,1,1989781,0,Mercado Pago,Sucursal
5409,2025-03-15,438,8,16,1,1661179,10,Tarjeta de Crédito,Sucursal
5410,2022-05-29,1611,2,11,1,1484902,5,Tarjeta de Crédito,Online
5411,2026-05-21,1727,18,1,1,1042885,5,Tarjeta de Débito,Sucursal
5412,2021-11-23,1779,2,5,1,1484902,15,Tarjeta de Débito,Sucursal
5413,2026-06-28,3,3,5,1,1748036,15,Tarjeta de Crédito,Sucursal
5414,2023-02-28,1739,24,9,1,1763627,0,Mercado Pago,Online
5415,2022-11-22,1679,4,17,1,2160479,0,Tarjeta de Débito,Sucursal
5416,2026-05-05,1053,3,20,1,1748036,20,Tarjeta de Crédito,Sucursal
5417,2021-08-21,730,21,2,1,1989781,5,Tarjeta de Crédito,Online
5418,2025-06-23,677,4,19,1,2160479,0,Tarjeta de Crédito,Online
5419,2025-07-30,423,24,19,2,1763627,0,Mercado Pago,Online
5420,2025-02-25,275,4,3,3,2160479,5,Tarjeta de Débito,Online
5421,2023-11-17,300,22,10,1,1797606,0,Tarjeta de Crédito,Online
5422,2025-11-14,1317,4,15,1,2160479,0,Mercado Pago,Sucursal
5423,2022-03-09,689,19,19,2,1030169,5,Tarjeta de Crédito,Sucursal
5424,2022-01-14,837,18,14,2,1042885,5,Tarjeta de Crédito,Sucursal
5425,2022-02-20,1032,7,1,1,1778736,5,Tarjeta de Crédito,Sucursal
5426,2024-07-05,1163,1,12,2,934942,30,Tarjeta de Crédito,Sucursal
5427,2022-01-12,996,20,3,2,2236130,0,Tarjeta de Débito,Sucursal
5428,2024-12-18,883,1,6,2,934942,5,Tarjeta de Crédito,Sucursal
5429,2023-07-22,785,7,4,3,1778736,0,Efectivo,Sucursal
5430,2023-05-12,1196,21,11,2,1989781,0,Tarjeta de Crédito,Sucursal
5431,2023-07-02,1326,23,10,1,1928958,0,Mercado Pago,Sucursal
5432,2024-06-15,823,8,1,2,1661179,0,Transferencia,Sucursal
5433,2023-04-02,1753,5,11,1,658866,10,Efectivo,Online
5434,2024-08-05,199,7,13,1,1778736,0,Tarjeta de Débito,Sucursal
5435,2023-02-18,1034,4,8,1,2160479,30,Tarjeta de Crédito,Sucursal
5436,2026-01-04,1062,6,17,1,1764687,0,Mercado Pago,Online
5437,2025-01-25,741,17,4,1,1455169,0,Tarjeta de Crédito,Online
5438,2022-04-02,1177,19,11,1,1030169,20,Tarjeta de Débito,Sucursal
5439,2023-01-28,1572,2,18,2,1484902,0,Tarjeta de Crédito,Online
5440,2023-10-31,1747,6,5,3,1764687,0,Mercado Pago,Sucursal
5441,2024-08-30,1239,6,9,1,1764687,15,Efectivo,Sucursal
5442,2023-05-25,697,2,19,2,1484902,20,Tarjeta de Crédito,Sucursal
5443,2023-09-14,348,18,5,1,1042885,0,Tarjeta de Crédito,Online
5444,2024-11-09,336,10,9,5,2261684,0,Tarjeta de Crédito,Sucursal
5445,2021-10-08,628,8,17,2,1661179,15,Tarjeta de Crédito,Sucursal
5446,2023-10-30,1953,13,15,1,1102174,0,Transferencia,Sucursal
5447,2022-03-23,759,21,18,1,1989781,0,Tarjeta de Crédito,Sucursal
5448,2021-08-27,1995,3,4,1,1748036,15,Tarjeta de Crédito,Sucursal
5449,2021-12-01,1691,23,11,1,1928958,0,Tarjeta de Crédito,Online
5450,2026-04-28,1184,22,18,1,1797606,5,Tarjeta de Débito,Sucursal
5451,2021-08-06,1637,17,1,2,1455169,0,Tarjeta de Débito,Sucursal
5452,2024-11-13,1228,13,5,1,1102174,15,Mercado Pago,Sucursal
5453,2022-04-12,1703,14,10,2,2132068,10,Mercado Pago,Sucursal
5454,2021-10-02,741,7,2,3,1778736,10,Tarjeta de Crédito,Online
5455,2025-10-30,1746,8,17,2,1661179,10,Tarjeta de Débito,Sucursal
5456,2021-10-20,374,25,14,1,1853677,15,Tarjeta de Crédito,Online
5457,2023-10-01,753,8,18,2,1661179,0,Tarjeta de Crédito,Sucursal
5458,2024-11-12,830,10,13,1,2261684,5,Tarjeta de Crédito,Online
5459,2021-09-09,388,5,13,1,658866,20,Tarjeta de Crédito,Online
5460,2021-09-05,928,4,4,1,2160479,0,Tarjeta de Crédito,Online
5461,2026-01-04,1736,1,9,2,934942,0,Mercado Pago,Online
5462,2025-10-18,1083,19,17,1,1030169,5,Tarjeta de Crédito,Sucursal
5463,2023-03-27,923,4,9,1,2160479,10,Mercado Pago,Sucursal
5464,2023-02-17,1330,18,13,2,1042885,5,Mercado Pago,Sucursal
5465,2023-01-20,1019,1,1,1,934942,0,Tarjeta de Crédito,Sucursal
5466,2023-07-22,716,2,17,1,1484902,0,Tarjeta de Crédito,Sucursal
5467,2024-03-21,1987,12,13,1,1844344,5,Tarjeta de Crédito,Online
5468,2026-03-16,316,25,18,1,1853677,0,Efectivo,Sucursal
5469,2021-07-11,1687,14,15,1,2132068,20,Efectivo,Sucursal
5470,2023-12-07,260,2,5,1,1484902,10,Transferencia,Online
5471,2024-03-23,528,13,4,1,1102174,0,Mercado Pago,Sucursal
5472,2021-11-03,1047,4,20,4,2160479,5,Tarjeta de Crédito,Sucursal
5473,2025-12-22,1175,14,10,1,2132068,5,Tarjeta de Crédito,Sucursal
5474,2025-09-18,1665,7,10,1,1778736,0,Mercado Pago,Sucursal
5475,2024-12-08,1137,3,9,1,1748036,0,Mercado Pago,Sucursal
5476,2025-02-26,1628,11,18,2,1298880,5,Tarjeta de Crédito,Sucursal
5477,2023-01-28,1890,23,11,1,1928958,5,Tarjeta de Crédito,Sucursal
5478,2026-06-21,645,10,5,1,2261684,0,Efectivo,Sucursal
5479,2023-11-10,817,13,14,1,1102174,0,Tarjeta de Débito,Online
5480,2025-07-11,538,9,14,1,944582,0,Tarjeta de Débito,Sucursal
5481,2025-11-25,908,10,5,1,2261684,0,Tarjeta de Crédito,Online
5482,2024-11-15,1058,13,9,3,1102174,15,Efectivo,Sucursal
5483,2023-08-11,849,4,9,2,2160479,5,Mercado Pago,Sucursal
5484,2023-09-05,1163,1,18,1,934942,10,Mercado Pago,Online
5485,2022-05-20,1449,18,7,4,1042885,5,Tarjeta de Crédito,Sucursal
5486,2025-02-08,583,3,4,1,1748036,10,Tarjeta de Débito,Sucursal
5487,2023-04-23,1248,8,16,1,1661179,0,Transferencia,Sucursal
5488,2024-06-16,1466,9,9,1,944582,0,Tarjeta de Crédito,Online
5489,2025-01-21,840,14,1,1,2132068,0,Tarjeta de Débito,Online
5490,2025-11-26,1646,16,5,1,954116,0,Tarjeta de Crédito,Sucursal
5491,2024-10-03,1806,6,14,2,1764687,0,Mercado Pago,Online
5492,2024-03-06,1251,19,5,2,1030169,0,Tarjeta de Crédito,Online
5493,2022-09-26,761,6,15,1,1764687,0,Tarjeta de Crédito,Sucursal
5494,2026-03-02,313,22,10,2,1797606,15,Mercado Pago,Sucursal
5495,2024-03-04,1423,10,3,1,2261684,20,Mercado Pago,Sucursal
5496,2023-04-13,956,25,18,1,1853677,0,Tarjeta de Crédito,Online
5497,2022-07-11,963,16,16,1,954116,5,Tarjeta de Crédito,Sucursal
5498,2021-10-26,706,5,9,1,658866,0,Tarjeta de Crédito,Sucursal
5499,2026-05-21,80,22,7,1,1797606,0,Mercado Pago,Sucursal
5500,2026-06-30,126,8,20,1,1661179,15,Mercado Pago,Sucursal
5501,2023-01-29,127,20,5,1,2236130,0,Tarjeta de Crédito,Online
5502,2026-05-17,736,25,5,1,1853677,10,Tarjeta de Débito,Sucursal
5503,2021-07-08,459,13,5,1,1102174,0,Tarjeta de Crédito,Sucursal
5504,2026-02-22,889,22,19,1,1797606,0,Tarjeta de Crédito,Online
5505,2023-03-24,734,24,11,1,1763627,20,Mercado Pago,Online
5506,2025-01-27,101,8,18,1,1661179,0,Tarjeta de Crédito,Sucursal
5507,2022-05-22,592,25,14,1,1853677,5,Tarjeta de Débito,Sucursal
5508,2021-09-01,327,22,16,2,1797606,0,Tarjeta de Crédito,Sucursal
5509,2025-06-23,829,16,1,1,954116,5,Transferencia,Sucursal
5510,2022-01-27,1949,7,7,3,1778736,15,Tarjeta de Crédito,Online
5511,2025-05-05,16,23,12,1,1928958,10,Tarjeta de Crédito,Sucursal
5512,2022-04-16,1132,10,10,1,2261684,30,Mercado Pago,Sucursal
5513,2025-03-04,1617,10,20,1,2261684,5,Tarjeta de Débito,Sucursal
5514,2025-05-28,1450,9,16,1,944582,10,Tarjeta de Crédito,Sucursal
5515,2024-01-29,995,5,14,2,658866,0,Tarjeta de Débito,Sucursal
5516,2025-07-24,1107,21,5,1,1989781,0,Tarjeta de Crédito,Sucursal
5517,2023-02-07,1076,12,4,2,1844344,20,Tarjeta de Débito,Sucursal
5518,2023-10-04,1049,7,15,1,1778736,15,Tarjeta de Crédito,Online
5519,2026-01-23,1428,8,9,1,1661179,0,Transferencia,Online
5520,2021-07-06,1369,15,7,2,2254306,0,Tarjeta de Crédito,Sucursal
5521,2026-05-31,1207,6,12,1,1764687,0,Tarjeta de Crédito,Sucursal
5522,2025-04-05,175,2,8,1,1484902,0,Tarjeta de Débito,Sucursal
5523,2024-03-20,1893,8,20,1,1661179,0,Tarjeta de Crédito,Online
5524,2025-11-27,349,16,9,2,954116,0,Tarjeta de Crédito,Online
5525,2026-04-14,867,20,4,1,2236130,0,Mercado Pago,Sucursal
5526,2023-08-19,1278,11,18,1,1298880,5,Tarjeta de Débito,Online
5527,2025-05-17,1728,17,20,1,1455169,0,Tarjeta de Débito,Sucursal
5528,2024-06-07,1340,7,16,1,1778736,0,Tarjeta de Débito,Sucursal
5529,2025-10-21,1992,11,14,1,1298880,5,Tarjeta de Crédito,Sucursal
5530,2024-12-09,1143,10,9,1,2261684,0,Tarjeta de Crédito,Sucursal
5531,2024-02-10,1877,25,6,2,1853677,0,Tarjeta de Débito,Sucursal
5532,2021-10-21,1814,22,1,1,1797606,0,Tarjeta de Crédito,Sucursal
5533,2025-09-03,774,6,20,2,1764687,0,Tarjeta de Crédito,Sucursal
5534,2025-10-01,1226,2,2,1,1484902,0,Tarjeta de Crédito,Online
5535,2024-06-17,826,6,13,1,1764687,0,Tarjeta de Débito,Online
5536,2024-01-21,371,25,9,1,1853677,5,Tarjeta de Débito,Sucursal
5537,2024-06-09,1386,8,3,2,1661179,0,Transferencia,Sucursal
5538,2022-11-15,1021,23,12,1,1928958,0,Tarjeta de Crédito,Sucursal
5539,2024-06-27,71,20,3,2,2236130,5,Tarjeta de Crédito,Online
5540,2024-08-18,1709,7,5,1,1778736,0,Tarjeta de Débito,Sucursal
5541,2022-05-14,247,25,9,1,1853677,0,Transferencia,Sucursal
5542,2024-12-04,721,23,18,1,1928958,0,Tarjeta de Crédito,Online
5543,2025-04-26,1566,14,8,2,2132068,0,Tarjeta de Crédito,Online
5544,2024-03-29,1485,14,2,1,2132068,15,Tarjeta de Crédito,Online
5545,2021-08-09,386,5,11,1,658866,0,Tarjeta de Crédito,Sucursal
5546,2025-06-28,1550,14,6,3,2132068,0,Tarjeta de Crédito,Sucursal
5547,2025-03-05,1924,3,4,1,1748036,5,Efectivo,Online
5548,2025-08-13,91,4,14,1,2160479,0,Mercado Pago,Sucursal
5549,2022-08-12,1379,20,19,1,2236130,20,Transferencia,Sucursal
5550,2025-05-19,1619,4,12,2,2160479,0,Mercado Pago,Sucursal
5551,2023-09-09,1529,16,20,1,954116,0,Transferencia,Sucursal
5552,2026-03-11,37,17,12,1,1455169,0,Efectivo,Online
5553,2024-01-07,490,10,4,1,2261684,5,Tarjeta de Crédito,Sucursal
5554,2022-03-05,773,23,17,1,1928958,5,Mercado Pago,Online
5555,2023-05-24,1401,24,20,1,1763627,0,Mercado Pago,Online
5556,2022-01-22,1452,22,19,1,1797606,20,Mercado Pago,Sucursal
5557,2024-08-27,963,21,10,2,1989781,10,Mercado Pago,Online
5558,2023-08-19,484,7,18,3,1778736,0,Tarjeta de Débito,Online
5559,2024-04-15,658,16,16,1,954116,5,Tarjeta de Débito,Sucursal
5560,2025-04-27,1634,23,20,1,1928958,0,Mercado Pago,Sucursal
5561,2024-12-18,1936,25,4,1,1853677,0,Transferencia,Sucursal
5562,2024-01-20,180,3,13,2,1748036,0,Tarjeta de Crédito,Online
5563,2024-03-23,1672,2,20,1,1484902,10,Tarjeta de Débito,Sucursal
5564,2022-05-02,474,17,19,1,1455169,0,Mercado Pago,Sucursal
5565,2022-09-02,1831,1,11,1,934942,0,Tarjeta de Débito,Sucursal
5566,2022-12-24,259,23,10,1,1928958,0,Mercado Pago,Online
5567,2023-12-25,70,8,14,1,1661179,15,Tarjeta de Crédito,Online
5568,2024-07-25,745,3,4,2,1748036,0,Tarjeta de Crédito,Online
5569,2021-12-02,1041,19,4,1,1030169,5,Efectivo,Sucursal
5570,2022-10-18,866,17,8,1,1455169,15,Tarjeta de Crédito,Online
5571,2026-05-19,821,23,19,2,1928958,20,Tarjeta de Débito,Sucursal
5572,2026-05-21,1538,18,13,1,1042885,0,Tarjeta de Débito,Online
5573,2026-02-17,10,22,11,2,1797606,0,Tarjeta de Débito,Sucursal
5574,2024-12-26,951,9,15,1,944582,0,Tarjeta de Crédito,Sucursal
5575,2023-09-29,57,20,19,1,2236130,0,Tarjeta de Débito,Sucursal
5576,2023-03-22,1797,17,18,1,1455169,0,Mercado Pago,Sucursal
5577,2023-05-18,1373,4,4,1,2160479,10,Tarjeta de Débito,Sucursal
5578,2022-09-24,149,24,7,2,1763627,0,Tarjeta de Débito,Sucursal
5579,2025-03-06,822,3,20,4,1748036,0,Tarjeta de Crédito,Sucursal
5580,2025-08-30,352,10,9,2,2261684,15,Tarjeta de Débito,Online
5581,2025-03-05,83,12,20,2,1844344,0,Mercado Pago,Sucursal
5582,2021-09-11,419,9,20,3,944582,0,Tarjeta de Crédito,Sucursal
5583,2022-11-29,1387,20,11,2,2236130,0,Tarjeta de Crédito,Online
5584,2025-01-18,223,21,7,2,1989781,10,Mercado Pago,Sucursal
5585,2023-11-22,1800,14,18,1,2132068,0,Tarjeta de Débito,Sucursal
5586,2022-09-27,54,19,20,3,1030169,0,Mercado Pago,Sucursal
5587,2026-02-18,1911,19,14,3,1030169,0,Tarjeta de Débito,Online
5588,2023-02-16,1132,5,20,1,658866,20,Mercado Pago,Sucursal
5589,2023-01-25,92,1,5,1,934942,10,Mercado Pago,Sucursal
5590,2022-06-12,1033,17,6,2,1455169,5,Tarjeta de Crédito,Sucursal
5591,2024-02-14,579,3,5,1,1748036,0,Mercado Pago,Sucursal
5592,2022-06-20,1821,24,1,1,1763627,5,Mercado Pago,Online
5593,2023-11-16,443,2,20,1,1484902,20,Mercado Pago,Sucursal
5594,2021-12-02,273,23,18,1,1928958,15,Tarjeta de Débito,Online
5595,2025-09-20,57,13,5,2,1102174,0,Mercado Pago,Online
5596,2025-09-29,711,15,2,5,2254306,0,Tarjeta de Débito,Online
5597,2023-02-15,1749,2,18,1,1484902,0,Tarjeta de Crédito,Online
5598,2025-04-03,1383,9,2,1,944582,0,Tarjeta de Crédito,Online
5599,2021-09-11,1163,3,5,1,1748036,10,Tarjeta de Débito,Online
5600,2021-10-25,1691,19,9,1,1030169,10,Transferencia,Sucursal
5601,2025-11-17,1039,12,7,1,1844344,10,Mercado Pago,Online
5602,2026-04-01,387,12,7,1,1844344,10,Efectivo,Sucursal
5603,2022-03-28,1749,4,11,1,2160479,5,Tarjeta de Crédito,Sucursal
5604,2023-02-02,1313,23,12,1,1928958,10,Tarjeta de Débito,Sucursal
5605,2026-03-18,1711,13,17,1,1102174,10,Tarjeta de Crédito,Sucursal
5606,2023-04-19,663,14,2,1,2132068,0,Tarjeta de Crédito,Sucursal
5607,2025-09-02,97,9,11,1,944582,0,Tarjeta de Crédito,Sucursal
5608,2026-06-03,1962,25,4,3,1853677,0,Mercado Pago,Sucursal
5609,2023-10-22,1303,24,1,1,1763627,10,Mercado Pago,Sucursal
5610,2021-07-28,493,11,20,1,1298880,15,Tarjeta de Crédito,Online
5611,2022-06-27,1033,20,18,2,2236130,0,Tarjeta de Crédito,Sucursal
5612,2026-05-05,664,22,15,1,1797606,10,Tarjeta de Crédito,Sucursal
5613,2025-01-20,1065,19,14,1,1030169,5,Tarjeta de Crédito,Sucursal
5614,2025-04-12,915,18,20,1,1042885,5,Tarjeta de Crédito,Online
5615,2022-05-27,1983,7,2,4,1778736,0,Tarjeta de Crédito,Sucursal
5616,2022-01-22,589,15,18,3,2254306,0,Tarjeta de Débito,Online
5617,2022-03-24,1598,2,4,1,1484902,15,Tarjeta de Crédito,Sucursal
5618,2021-11-20,1272,1,14,1,934942,10,Mercado Pago,Sucursal
5619,2022-06-04,421,3,15,1,1748036,5,Tarjeta de Crédito,Sucursal
5620,2022-07-17,884,8,5,1,1661179,0,Mercado Pago,Sucursal
5621,2021-10-02,1495,6,5,2,1764687,5,Tarjeta de Crédito,Online
5622,2024-06-20,309,8,12,1,1661179,5,Tarjeta de Crédito,Online
5623,2022-09-08,1797,20,19,3,2236130,20,Tarjeta de Débito,Sucursal
5624,2021-10-01,1378,13,1,2,1102174,5,Tarjeta de Crédito,Sucursal
5625,2024-04-10,1437,2,16,1,1484902,15,Mercado Pago,Sucursal
5626,2022-05-16,1280,21,5,1,1989781,10,Mercado Pago,Sucursal
5627,2024-10-25,1606,2,11,2,1484902,5,Mercado Pago,Sucursal
5628,2022-03-20,583,10,10,1,2261684,0,Mercado Pago,Online
5629,2026-02-07,31,21,1,2,1989781,5,Mercado Pago,Online
5630,2022-07-25,1265,23,18,1,1928958,0,Tarjeta de Crédito,Sucursal
5631,2024-04-28,1173,9,10,1,944582,0,Transferencia,Online
5632,2021-09-25,80,9,11,1,944582,5,Mercado Pago,Sucursal
5633,2024-03-23,1506,3,19,1,1748036,0,Tarjeta de Crédito,Online
5634,2022-01-20,749,14,3,1,2132068,10,Tarjeta de Crédito,Online
5635,2022-11-28,10,9,7,1,944582,0,Tarjeta de Crédito,Sucursal
5636,2022-01-13,1650,5,1,1,658866,10,Transferencia,Sucursal
5637,2022-12-14,809,11,20,1,1298880,0,Mercado Pago,Online
5638,2025-11-24,1165,24,12,1,1763627,0,Tarjeta de Crédito,Sucursal
5639,2023-02-15,1168,16,5,3,954116,10,Tarjeta de Crédito,Sucursal
5640,2023-08-08,1014,7,3,1,1778736,5,Tarjeta de Crédito,Sucursal
5641,2026-01-12,1476,15,13,1,2254306,30,Mercado Pago,Online
5642,2024-10-08,474,8,14,1,1661179,0,Mercado Pago,Online
5643,2025-09-11,1501,21,12,1,1989781,5,Mercado Pago,Sucursal
5644,2022-07-09,1798,10,5,1,2261684,5,Mercado Pago,Sucursal
5645,2024-12-23,149,7,8,3,1778736,0,Tarjeta de Crédito,Online
5646,2026-02-27,1144,6,17,1,1764687,0,Tarjeta de Crédito,Sucursal
5647,2026-04-02,325,9,14,1,944582,0,Tarjeta de Crédito,Online
5648,2023-09-14,562,24,4,2,1763627,0,Tarjeta de Crédito,Sucursal
5649,2022-07-20,34,3,13,1,1748036,20,Transferencia,Sucursal
5650,2023-12-24,943,8,6,1,1661179,0,Tarjeta de Crédito,Sucursal
5651,2025-10-29,355,21,3,1,1989781,0,Tarjeta de Crédito,Online
5652,2025-07-10,1659,25,14,1,1853677,10,Tarjeta de Crédito,Sucursal
5653,2024-05-06,1369,24,6,1,1763627,0,Tarjeta de Crédito,Online
5654,2022-05-09,1549,12,14,2,1844344,0,Mercado Pago,Sucursal
5655,2022-08-02,1085,12,19,1,1844344,0,Tarjeta de Crédito,Sucursal
5656,2025-09-08,1671,17,7,2,1455169,10,Transferencia,Sucursal
5657,2021-09-03,86,22,5,1,1797606,5,Tarjeta de Crédito,Sucursal
5658,2024-08-14,532,4,8,1,2160479,0,Tarjeta de Crédito,Sucursal
5659,2026-05-23,949,1,5,1,934942,30,Tarjeta de Crédito,Sucursal
5660,2024-10-24,439,3,14,1,1748036,0,Tarjeta de Crédito,Online
5661,2025-04-06,504,5,5,1,658866,20,Mercado Pago,Sucursal
5662,2022-05-10,1145,11,9,1,1298880,5,Mercado Pago,Sucursal
5663,2023-02-28,1476,10,6,1,2261684,0,Mercado Pago,Sucursal
5664,2025-07-31,1594,13,12,2,1102174,10,Tarjeta de Crédito,Sucursal
5665,2022-01-11,1444,4,15,1,2160479,0,Transferencia,Sucursal
5666,2024-01-29,23,7,17,3,1778736,5,Mercado Pago,Online
5667,2025-03-31,1470,21,10,1,1989781,0,Tarjeta de Crédito,Sucursal
5668,2023-11-09,1493,18,7,3,1042885,5,Mercado Pago,Online
5669,2022-07-10,883,13,8,1,1102174,0,Tarjeta de Crédito,Sucursal
5670,2023-09-22,1141,11,1,1,1298880,0,Tarjeta de Crédito,Online
5671,2023-02-15,255,1,12,1,934942,5,Tarjeta de Débito,Sucursal
5672,2021-08-28,374,5,9,2,658866,20,Tarjeta de Crédito,Sucursal
5673,2024-07-28,301,17,18,3,1455169,10,Tarjeta de Crédito,Online
5674,2022-08-04,89,2,19,1,1484902,5,Tarjeta de Crédito,Sucursal
5675,2025-12-04,660,22,4,3,1797606,0,Tarjeta de Débito,Sucursal
5676,2022-10-03,1021,8,19,1,1661179,0,Mercado Pago,Sucursal
5677,2024-12-23,1594,12,1,1,1844344,0,Mercado Pago,Sucursal
5678,2021-09-17,1325,16,20,1,954116,15,Tarjeta de Débito,Sucursal
5679,2023-06-13,602,11,15,1,1298880,0,Tarjeta de Crédito,Online
5680,2025-05-02,664,2,5,1,1484902,20,Tarjeta de Crédito,Sucursal
5681,2025-03-06,582,16,1,1,954116,10,Tarjeta de Crédito,Sucursal
5682,2025-08-27,11,19,17,1,1030169,0,Mercado Pago,Sucursal
5683,2023-09-11,418,20,11,1,2236130,20,Mercado Pago,Sucursal
5684,2023-03-11,1136,10,7,1,2261684,20,Tarjeta de Crédito,Online
5685,2025-10-12,976,13,10,2,1102174,0,Tarjeta de Crédito,Sucursal
5686,2022-12-10,778,19,17,1,1030169,0,Tarjeta de Crédito,Online
5687,2025-01-01,1675,1,1,1,934942,10,Mercado Pago,Online
5688,2026-05-05,1025,23,11,3,1928958,5,Tarjeta de Crédito,Sucursal
5689,2024-02-09,116,23,11,2,1928958,0,Tarjeta de Crédito,Sucursal
5690,2023-06-18,709,22,9,1,1797606,10,Tarjeta de Débito,Sucursal
5691,2025-02-04,239,2,13,3,1484902,5,Tarjeta de Crédito,Sucursal
5692,2023-07-31,704,16,14,1,954116,0,Tarjeta de Crédito,Online
5693,2021-10-06,1456,15,3,1,2254306,0,Tarjeta de Crédito,Sucursal
5694,2022-11-29,1060,17,10,1,1455169,0,Tarjeta de Crédito,Sucursal
5695,2023-07-17,147,9,6,1,944582,0,Tarjeta de Crédito,Sucursal
5696,2024-07-29,1443,10,13,1,2261684,0,Tarjeta de Débito,Online
5697,2022-04-23,627,17,13,2,1455169,0,Tarjeta de Crédito,Online
5698,2025-05-08,349,21,5,2,1989781,0,Mercado Pago,Sucursal
5699,2024-09-08,585,18,4,1,1042885,0,Tarjeta de Crédito,Sucursal
5700,2023-05-14,16,6,8,1,1764687,0,Tarjeta de Crédito,Sucursal
5701,2025-10-23,891,3,2,1,1748036,0,Tarjeta de Débito,Sucursal
5702,2024-12-28,1283,24,13,1,1763627,0,Tarjeta de Crédito,Sucursal
5703,2022-05-03,890,1,8,2,934942,0,Mercado Pago,Online
5704,2022-03-05,1099,12,2,2,1844344,0,Tarjeta de Crédito,Sucursal
5705,2021-08-20,743,2,19,1,1484902,20,Tarjeta de Débito,Sucursal
5706,2026-01-20,972,17,1,2,1455169,0,Efectivo,Online
5707,2025-06-16,914,12,4,1,1844344,0,Tarjeta de Débito,Sucursal
5708,2026-01-27,651,2,10,1,1484902,5,Mercado Pago,Online
5709,2021-07-09,871,8,19,1,1661179,0,Tarjeta de Débito,Online
5710,2025-05-06,682,25,20,1,1853677,10,Tarjeta de Crédito,Sucursal
5711,2023-09-10,1495,15,9,1,2254306,0,Tarjeta de Crédito,Online
5712,2022-07-04,301,15,15,1,2254306,0,Tarjeta de Crédito,Sucursal
5713,2024-03-23,636,6,18,1,1764687,5,Tarjeta de Crédito,Sucursal
5714,2021-07-28,1832,12,8,1,1844344,0,Tarjeta de Débito,Sucursal
5715,2022-10-01,169,6,16,1,1764687,0,Mercado Pago,Online
5716,2023-02-07,24,16,20,1,954116,10,Mercado Pago,Sucursal
5717,2023-09-04,282,5,17,1,658866,0,Tarjeta de Crédito,Sucursal
5718,2023-09-07,879,11,11,1,1298880,20,Mercado Pago,Online
5719,2023-07-09,1039,20,1,1,2236130,0,Tarjeta de Crédito,Sucursal
5720,2024-10-25,1458,9,6,2,944582,0,Mercado Pago,Online
5721,2023-04-20,467,2,2,1,1484902,0,Tarjeta de Débito,Sucursal
5722,2025-08-18,614,20,7,1,2236130,10,Tarjeta de Crédito,Sucursal
5723,2023-03-19,1234,15,12,2,2254306,15,Tarjeta de Débito,Sucursal
5724,2023-01-30,683,21,17,2,1989781,15,Transferencia,Online
5725,2026-03-05,416,19,15,1,1030169,0,Tarjeta de Crédito,Online
5726,2026-04-18,1357,13,5,3,1102174,5,Tarjeta de Crédito,Online
5727,2021-12-14,993,15,4,1,2254306,10,Mercado Pago,Online
5728,2026-04-10,1119,24,5,1,1763627,0,Tarjeta de Crédito,Online
5729,2025-11-30,82,13,1,1,1102174,0,Mercado Pago,Online
5730,2024-04-17,624,18,12,1,1042885,0,Tarjeta de Débito,Online
5731,2023-10-29,110,11,3,1,1298880,10,Tarjeta de Crédito,Sucursal
5732,2024-01-01,1902,13,5,1,1102174,0,Tarjeta de Crédito,Online
5733,2023-03-02,23,13,17,1,1102174,20,Tarjeta de Crédito,Sucursal
5734,2024-03-01,706,16,19,2,954116,0,Tarjeta de Crédito,Sucursal
5735,2022-09-11,456,19,1,2,1030169,0,Mercado Pago,Online
5736,2024-07-01,128,20,7,1,2236130,0,Efectivo,Sucursal
5737,2025-10-21,777,25,4,1,1853677,0,Tarjeta de Crédito,Sucursal
5738,2022-01-09,1463,4,16,1,2160479,0,Transferencia,Online
5739,2026-02-06,463,23,4,1,1928958,15,Efectivo,Online
5740,2023-02-07,1992,20,13,3,2236130,0,Tarjeta de Crédito,Sucursal
5741,2024-10-01,1077,15,11,1,2254306,0,Mercado Pago,Online
5742,2023-08-07,533,16,2,1,954116,0,Tarjeta de Crédito,Sucursal
5743,2021-09-23,1784,5,16,2,658866,0,Tarjeta de Débito,Sucursal
5744,2022-12-27,402,16,3,1,954116,0,Mercado Pago,Sucursal
5745,2023-06-10,750,18,19,1,1042885,0,Transferencia,Sucursal
5746,2024-04-27,80,23,6,1,1928958,10,Efectivo,Sucursal
5747,2022-09-03,1277,3,7,1,1748036,10,Tarjeta de Crédito,Sucursal
5748,2022-10-30,726,22,6,1,1797606,0,Tarjeta de Crédito,Sucursal
5749,2024-06-28,1551,8,7,1,1661179,0,Tarjeta de Débito,Online
5750,2025-03-25,773,21,5,1,1989781,0,Transferencia,Sucursal
5751,2024-08-13,1177,17,13,1,1455169,10,Tarjeta de Crédito,Sucursal
5752,2022-10-25,1617,23,12,1,1928958,15,Tarjeta de Débito,Sucursal
5753,2022-07-07,1833,24,16,1,1763627,10,Tarjeta de Crédito,Sucursal
5754,2023-05-22,1096,6,18,1,1764687,0,Tarjeta de Débito,Sucursal
5755,2023-01-16,52,15,1,1,2254306,0,Tarjeta de Crédito,Sucursal
5756,2025-06-06,1688,14,17,1,2132068,10,Tarjeta de Crédito,Sucursal
5757,2023-09-18,448,19,9,1,1030169,0,Mercado Pago,Online
5758,2023-09-23,1014,7,19,1,1778736,0,Mercado Pago,Sucursal
5759,2025-06-02,1083,21,3,1,1989781,10,Transferencia,Online
5760,2023-01-13,1433,2,14,1,1484902,0,Mercado Pago,Sucursal
5761,2023-07-17,1895,22,6,2,1797606,0,Efectivo,Sucursal
5762,2022-12-01,78,18,13,1,1042885,0,Mercado Pago,Online
5763,2023-09-18,1929,19,7,2,1030169,0,Mercado Pago,Sucursal
5764,2024-07-17,928,7,20,1,1778736,0,Tarjeta de Débito,Sucursal
5765,2022-08-11,588,6,14,1,1764687,20,Transferencia,Online
5766,2023-04-22,933,18,6,1,1042885,5,Transferencia,Sucursal
5767,2024-02-19,1985,3,1,2,1748036,5,Mercado Pago,Sucursal
5768,2022-05-25,927,21,16,2,1989781,10,Tarjeta de Crédito,Online
5769,2025-03-06,601,20,10,2,2236130,10,Mercado Pago,Online
5770,2023-08-02,454,14,16,2,2132068,0,Tarjeta de Crédito,Sucursal
5771,2025-08-04,185,24,1,1,1763627,0,Tarjeta de Crédito,Online
5772,2023-05-24,615,6,5,2,1764687,0,Tarjeta de Crédito,Sucursal
5773,2024-03-08,1529,5,6,1,658866,0,Tarjeta de Débito,Online
5774,2025-01-08,590,25,3,1,1853677,0,Mercado Pago,Sucursal
5775,2026-05-25,1395,11,1,1,1298880,0,Mercado Pago,Online
5776,2023-09-24,1434,10,13,1,2261684,0,Mercado Pago,Sucursal
5777,2024-04-13,616,13,19,1,1102174,0,Tarjeta de Crédito,Online
5778,2023-01-05,411,20,10,1,2236130,0,Tarjeta de Crédito,Online
5779,2022-09-09,1689,7,3,1,1778736,10,Transferencia,Sucursal
5780,2025-02-14,358,10,6,1,2261684,0,Mercado Pago,Sucursal
5781,2024-10-30,12,2,14,2,1484902,5,Tarjeta de Crédito,Sucursal
5782,2021-10-17,82,4,19,2,2160479,0,Tarjeta de Débito,Online
5783,2024-05-31,733,16,2,1,954116,10,Tarjeta de Crédito,Online
5784,2023-05-21,1972,21,8,1,1989781,0,Mercado Pago,Sucursal
5785,2025-11-29,254,23,9,1,1928958,0,Mercado Pago,Sucursal
5786,2022-12-26,450,17,12,3,1455169,0,Tarjeta de Crédito,Online
5787,2024-12-23,584,5,17,1,658866,0,Tarjeta de Crédito,Online
5788,2023-09-19,355,4,10,1,2160479,0,Tarjeta de Crédito,Sucursal
5789,2024-08-28,933,5,6,4,658866,5,Tarjeta de Débito,Sucursal
5790,2021-11-23,513,9,5,1,944582,30,Tarjeta de Crédito,Online
5791,2024-08-27,121,11,3,1,1298880,0,Tarjeta de Crédito,Sucursal
5792,2021-10-01,623,4,4,1,2160479,10,Mercado Pago,Sucursal
5793,2025-08-17,1065,8,12,1,1661179,5,Tarjeta de Débito,Online
5794,2023-09-26,1141,6,10,1,1764687,5,Tarjeta de Débito,Sucursal
5795,2026-04-11,1002,3,15,1,1748036,0,Mercado Pago,Sucursal
5796,2025-01-08,809,7,15,2,1778736,0,Tarjeta de Crédito,Sucursal
5797,2023-08-02,1712,12,11,1,1844344,0,Tarjeta de Crédito,Sucursal
5798,2024-03-08,86,14,10,1,2132068,0,Mercado Pago,Sucursal
5799,2024-05-21,877,13,3,1,1102174,15,Tarjeta de Crédito,Sucursal
5800,2022-12-07,1065,8,18,1,1661179,0,Mercado Pago,Sucursal
5801,2025-05-21,691,6,17,1,1764687,0,Tarjeta de Débito,Online
5802,2023-12-17,28,21,19,1,1989781,0,Mercado Pago,Sucursal
5803,2022-11-12,1979,4,19,1,2160479,10,Tarjeta de Débito,Online
5804,2024-12-21,1739,8,12,1,1661179,0,Mercado Pago,Sucursal
5805,2025-03-23,662,2,1,5,1484902,15,Tarjeta de Débito,Sucursal
5806,2023-11-13,259,4,7,2,2160479,0,Tarjeta de Crédito,Sucursal
5807,2025-10-04,263,10,14,1,2261684,20,Tarjeta de Crédito,Online
5808,2025-04-08,969,11,5,2,1298880,0,Tarjeta de Crédito,Online
5809,2024-09-12,1795,22,10,1,1797606,10,Tarjeta de Crédito,Sucursal
5810,2026-03-12,1413,17,12,1,1455169,15,Tarjeta de Crédito,Sucursal
5811,2022-12-08,990,22,6,1,1797606,0,Tarjeta de Crédito,Sucursal
5812,2024-11-04,1184,8,17,1,1661179,0,Tarjeta de Crédito,Sucursal
5813,2026-02-24,681,7,12,1,1778736,0,Mercado Pago,Sucursal
5814,2022-10-28,310,14,4,2,2132068,10,Tarjeta de Débito,Online
5815,2023-07-05,93,7,1,2,1778736,0,Tarjeta de Débito,Sucursal
5816,2026-06-20,1605,1,10,1,934942,5,Tarjeta de Débito,Online
5817,2023-07-12,511,11,14,1,1298880,0,Tarjeta de Débito,Online
5818,2021-11-25,443,13,10,1,1102174,0,Tarjeta de Crédito,Sucursal
5819,2025-12-05,1631,17,14,2,1455169,10,Mercado Pago,Sucursal
5820,2025-12-10,673,8,20,2,1661179,15,Tarjeta de Crédito,Sucursal
5821,2023-05-25,274,7,4,3,1778736,0,Mercado Pago,Sucursal
5822,2025-12-15,1699,11,8,1,1298880,10,Tarjeta de Crédito,Sucursal
5823,2026-03-02,480,8,5,3,1661179,15,Tarjeta de Débito,Sucursal
5824,2022-07-07,822,14,20,2,2132068,0,Tarjeta de Crédito,Sucursal
5825,2025-06-22,1431,12,12,1,1844344,0,Tarjeta de Crédito,Sucursal
5826,2021-09-13,1472,8,2,2,1661179,0,Tarjeta de Crédito,Sucursal
5827,2023-08-13,255,23,15,1,1928958,20,Tarjeta de Crédito,Online
5828,2024-01-03,97,20,16,1,2236130,0,Tarjeta de Crédito,Sucursal
5829,2022-02-28,707,7,17,1,1778736,10,Tarjeta de Crédito,Sucursal
5830,2024-06-09,413,8,13,1,1661179,5,Tarjeta de Débito,Sucursal
5831,2023-11-25,1651,24,11,1,1763627,20,Mercado Pago,Sucursal
5832,2023-05-05,1141,24,18,1,1763627,0,Tarjeta de Crédito,Sucursal
5833,2021-12-02,350,16,15,1,954116,10,Transferencia,Sucursal
5834,2024-11-23,1246,4,13,1,2160479,10,Mercado Pago,Sucursal
5835,2024-02-20,1788,11,5,1,1298880,15,Mercado Pago,Sucursal
5836,2023-08-24,868,1,5,1,934942,0,Mercado Pago,Online
5837,2023-06-11,1023,12,2,1,1844344,0,Mercado Pago,Online
5838,2024-03-22,1013,24,13,1,1763627,0,Tarjeta de Crédito,Sucursal
5839,2023-01-06,560,12,14,1,1844344,5,Tarjeta de Crédito,Sucursal
5840,2022-12-02,1081,12,5,1,1844344,0,Tarjeta de Débito,Online
5841,2024-09-04,233,6,12,1,1764687,15,Tarjeta de Crédito,Online
5842,2023-11-24,1145,12,19,2,1844344,0,Tarjeta de Crédito,Sucursal
5843,2025-12-10,1771,3,15,1,1748036,15,Tarjeta de Débito,Sucursal
5844,2025-11-05,1621,22,4,1,1797606,0,Tarjeta de Crédito,Sucursal
5845,2026-06-11,1730,6,18,2,1764687,10,Tarjeta de Crédito,Online
5846,2023-12-23,196,10,15,1,2261684,0,Efectivo,Online
5847,2023-02-04,9,18,6,1,1042885,0,Mercado Pago,Sucursal
5848,2025-04-06,576,21,8,1,1989781,0,Tarjeta de Crédito,Sucursal
5849,2022-11-26,768,19,4,1,1030169,0,Tarjeta de Débito,Sucursal
5850,2023-07-28,1794,24,1,1,1763627,0,Transferencia,Sucursal
5851,2023-12-16,1597,21,3,1,1989781,0,Mercado Pago,Sucursal
5852,2025-12-01,1413,15,8,1,2254306,0,Tarjeta de Crédito,Sucursal
5853,2023-10-30,1073,13,16,1,1102174,20,Mercado Pago,Sucursal
5854,2024-04-15,612,19,7,1,1030169,5,Mercado Pago,Sucursal
5855,2025-01-28,1284,19,10,1,1030169,0,Mercado Pago,Online
5856,2023-12-12,1445,7,3,1,1778736,0,Tarjeta de Débito,Sucursal
5857,2021-12-20,437,4,8,1,2160479,0,Efectivo,Sucursal
5858,2024-04-07,1577,18,1,1,1042885,5,Tarjeta de Débito,Sucursal
5859,2022-07-13,694,22,11,1,1797606,15,Tarjeta de Crédito,Sucursal
5860,2025-03-28,445,12,2,1,1844344,5,Mercado Pago,Sucursal
5861,2024-10-07,1489,22,10,2,1797606,0,Transferencia,Online
5862,2025-06-24,741,13,19,1,1102174,0,Transferencia,Sucursal
5863,2025-01-06,1188,25,15,1,1853677,0,Efectivo,Sucursal
5864,2023-07-28,1542,3,6,1,1748036,0,Tarjeta de Crédito,Online
5865,2021-10-27,1983,18,13,2,1042885,0,Tarjeta de Crédito,Sucursal
5866,2023-08-03,1034,25,1,2,1853677,5,Tarjeta de Crédito,Online
5867,2025-03-10,1503,12,3,2,1844344,0,Tarjeta de Débito,Sucursal
5868,2021-12-08,1067,11,13,2,1298880,0,Tarjeta de Débito,Sucursal
5869,2025-04-24,1104,25,10,2,1853677,15,Tarjeta de Crédito,Sucursal
5870,2025-01-01,1971,17,16,1,1455169,5,Tarjeta de Crédito,Sucursal
5871,2021-11-16,1678,13,14,1,1102174,5,Tarjeta de Crédito,Online
5872,2021-07-22,762,25,6,1,1853677,0,Transferencia,Sucursal
5873,2025-01-30,1955,3,17,1,1748036,0,Transferencia,Sucursal
5874,2022-10-05,663,20,3,2,2236130,0,Mercado Pago,Online
5875,2021-09-23,131,19,5,5,1030169,20,Tarjeta de Crédito,Sucursal
5876,2023-06-09,1134,20,7,1,2236130,15,Efectivo,Sucursal
5877,2025-04-15,395,1,15,1,934942,0,Tarjeta de Crédito,Sucursal
5878,2024-07-22,609,9,15,2,944582,0,Tarjeta de Crédito,Sucursal
5879,2025-05-21,1903,11,19,1,1298880,5,Tarjeta de Crédito,Sucursal
5880,2024-07-20,183,14,11,1,2132068,5,Tarjeta de Crédito,Sucursal
5881,2024-05-09,1405,5,8,1,658866,5,Tarjeta de Crédito,Sucursal
5882,2025-07-22,1278,14,3,2,2132068,10,Transferencia,Online
5883,2023-03-14,1954,6,1,1,1764687,0,Tarjeta de Crédito,Sucursal
5884,2024-01-03,1614,8,8,2,1661179,0,Mercado Pago,Online
5885,2023-04-17,1239,11,8,3,1298880,0,Tarjeta de Débito,Online
5886,2026-02-28,257,14,12,3,2132068,10,Tarjeta de Crédito,Online
5887,2023-12-30,312,18,8,1,1042885,0,Tarjeta de Crédito,Sucursal
5888,2023-03-04,112,11,16,1,1298880,0,Tarjeta de Débito,Online
5889,2023-04-06,1028,16,19,1,954116,15,Tarjeta de Crédito,Sucursal
5890,2024-10-25,448,15,17,3,2254306,0,Tarjeta de Crédito,Sucursal
5891,2021-11-12,1948,19,16,1,1030169,10,Tarjeta de Crédito,Sucursal
5892,2024-07-26,535,7,20,3,1778736,5,Tarjeta de Crédito,Online
5893,2024-08-18,1385,21,19,1,1989781,0,Tarjeta de Crédito,Sucursal
5894,2025-05-30,1050,15,20,1,2254306,0,Tarjeta de Débito,Sucursal
5895,2022-01-06,1510,17,9,2,1455169,0,Mercado Pago,Sucursal
5896,2026-06-03,966,6,18,1,1764687,0,Mercado Pago,Sucursal
5897,2022-11-12,1668,11,19,3,1298880,0,Tarjeta de Crédito,Sucursal
5898,2024-11-06,422,10,10,1,2261684,5,Tarjeta de Crédito,Sucursal
5899,2025-09-13,752,6,4,2,1764687,0,Tarjeta de Débito,Sucursal
5900,2021-11-28,748,8,6,2,1661179,0,Tarjeta de Débito,Sucursal
5901,2023-05-05,77,25,15,1,1853677,10,Tarjeta de Débito,Sucursal
5902,2026-06-21,970,24,15,1,1763627,0,Mercado Pago,Sucursal
5903,2024-12-04,1284,10,1,1,2261684,0,Mercado Pago,Online
5904,2022-07-28,751,23,13,1,1928958,10,Mercado Pago,Sucursal
5905,2024-02-15,1291,16,15,1,954116,15,Tarjeta de Crédito,Sucursal
5906,2022-09-02,533,8,11,1,1661179,0,Mercado Pago,Online
5907,2024-05-21,370,12,17,1,1844344,5,Tarjeta de Débito,Sucursal
5908,2024-12-04,1471,6,8,1,1764687,15,Mercado Pago,Sucursal
5909,2024-04-24,1545,22,1,1,1797606,30,Tarjeta de Crédito,Online
5910,2025-11-28,122,25,16,1,1853677,5,Tarjeta de Crédito,Sucursal
5911,2023-05-19,652,22,7,2,1797606,0,Tarjeta de Crédito,Online
5912,2026-06-07,1304,20,17,1,2236130,0,Mercado Pago,Sucursal
5913,2023-03-21,848,4,17,1,2160479,10,Tarjeta de Débito,Sucursal
5914,2025-10-05,877,10,18,1,2261684,0,Tarjeta de Crédito,Sucursal
5915,2021-11-08,222,16,12,1,954116,0,Tarjeta de Crédito,Sucursal
5916,2024-03-15,930,21,15,1,1989781,0,Tarjeta de Crédito,Sucursal
5917,2024-07-23,527,10,17,2,2261684,0,Tarjeta de Crédito,Online
5918,2021-12-03,136,10,2,1,2261684,0,Mercado Pago,Online
5919,2022-12-08,1910,6,5,1,1764687,30,Mercado Pago,Online
5920,2022-01-17,1254,10,3,1,2261684,10,Tarjeta de Crédito,Sucursal
5921,2025-04-26,357,7,2,1,1778736,10,Transferencia,Sucursal
5922,2022-11-24,1113,17,4,1,1455169,0,Transferencia,Sucursal
5923,2024-10-19,1120,14,11,5,2132068,0,Tarjeta de Crédito,Sucursal
5924,2024-07-17,1849,3,2,1,1748036,10,Tarjeta de Crédito,Online
5925,2024-01-11,1054,4,10,1,2160479,20,Tarjeta de Crédito,Sucursal
5926,2024-10-23,1100,17,18,3,1455169,0,Tarjeta de Débito,Online
5927,2023-08-31,1805,20,13,1,2236130,30,Tarjeta de Crédito,Sucursal
5928,2024-03-23,535,12,12,2,1844344,0,Tarjeta de Crédito,Sucursal
5929,2022-12-26,1429,18,10,1,1042885,0,Tarjeta de Crédito,Online
5930,2025-12-06,422,18,15,1,1042885,0,Tarjeta de Crédito,Online
5931,2023-09-25,1404,12,14,1,1844344,0,Tarjeta de Crédito,Sucursal
5932,2026-04-01,1987,21,6,1,1989781,0,Tarjeta de Débito,Sucursal
5933,2022-10-28,1322,19,12,3,1030169,0,Tarjeta de Débito,Sucursal
5934,2021-12-14,228,14,13,1,2132068,0,Tarjeta de Crédito,Sucursal
5935,2022-02-10,1419,4,15,1,2160479,10,Transferencia,Sucursal
5936,2026-03-30,1477,14,13,1,2132068,5,Transferencia,Sucursal
5937,2023-11-07,478,9,16,1,944582,10,Tarjeta de Crédito,Online
5938,2022-06-27,395,11,14,1,1298880,10,Mercado Pago,Sucursal
5939,2024-07-22,1005,14,18,1,2132068,0,Tarjeta de Crédito,Online
5940,2023-10-14,249,1,20,3,934942,0,Efectivo,Sucursal
5941,2024-01-09,1488,5,20,1,658866,0,Tarjeta de Débito,Sucursal
5942,2022-10-11,118,2,10,1,1484902,0,Tarjeta de Débito,Online
5943,2022-02-04,1021,2,1,1,1484902,0,Mercado Pago,Online
5944,2023-06-28,1028,13,11,1,1102174,30,Tarjeta de Débito,Sucursal
5945,2021-08-17,409,7,16,1,1778736,0,Tarjeta de Crédito,Online
5946,2025-02-04,319,14,2,1,2132068,10,Tarjeta de Crédito,Sucursal
5947,2025-03-23,615,17,5,1,1455169,10,Mercado Pago,Sucursal
5948,2022-10-05,621,17,16,1,1455169,0,Tarjeta de Crédito,Sucursal
5949,2023-06-17,1416,8,4,1,1661179,0,Tarjeta de Crédito,Sucursal
5950,2023-04-02,1300,19,7,1,1030169,0,Transferencia,Sucursal
5951,2022-02-06,425,21,12,1,1989781,30,Tarjeta de Crédito,Sucursal
5952,2023-02-23,1560,12,18,1,1844344,0,Tarjeta de Crédito,Sucursal
5953,2021-11-01,1345,3,1,2,1748036,15,Transferencia,Sucursal
5954,2025-07-05,608,9,11,1,944582,10,Tarjeta de Débito,Sucursal
5955,2024-08-04,1956,6,12,1,1764687,0,Tarjeta de Débito,Online
5956,2021-09-30,933,3,11,1,1748036,10,Tarjeta de Crédito,Online
5957,2026-02-12,765,18,11,1,1042885,20,Tarjeta de Débito,Sucursal
5958,2025-07-18,395,4,13,1,2160479,0,Tarjeta de Débito,Online
5959,2026-06-10,815,18,9,1,1042885,30,Tarjeta de Crédito,Online
5960,2021-09-16,733,14,8,1,2132068,15,Tarjeta de Crédito,Sucursal
5961,2025-03-23,1249,20,13,2,2236130,0,Mercado Pago,Sucursal
5962,2025-07-16,375,18,20,1,1042885,0,Tarjeta de Débito,Sucursal
5963,2024-02-01,1607,18,19,2,1042885,0,Tarjeta de Crédito,Sucursal
5964,2022-04-18,887,16,9,1,954116,0,Tarjeta de Crédito,Sucursal
5965,2021-11-22,216,11,4,1,1298880,0,Tarjeta de Crédito,Online
5966,2022-10-09,533,10,16,1,2261684,5,Mercado Pago,Online
5967,2026-01-16,360,9,3,1,944582,0,Transferencia,Online
5968,2022-08-09,1278,2,9,1,1484902,15,Tarjeta de Débito,Sucursal
5969,2021-11-19,1250,9,8,1,944582,0,Tarjeta de Crédito,Online
5970,2026-01-22,1524,14,12,1,2132068,0,Tarjeta de Crédito,Online
5971,2021-10-25,480,4,5,3,2160479,0,Tarjeta de Débito,Sucursal
5972,2022-03-31,306,10,4,2,2261684,0,Mercado Pago,Online
5973,2025-02-22,436,15,8,1,2254306,0,Transferencia,Sucursal
5974,2022-07-27,222,13,8,1,1102174,0,Tarjeta de Crédito,Online
5975,2022-08-05,237,20,16,4,2236130,15,Transferencia,Sucursal
5976,2023-08-20,329,22,14,1,1797606,10,Tarjeta de Crédito,Sucursal
5977,2023-06-03,1619,19,19,1,1030169,15,Tarjeta de Débito,Sucursal
5978,2023-11-05,453,13,3,1,1102174,10,Mercado Pago,Online
5979,2022-06-07,714,2,20,2,1484902,0,Mercado Pago,Sucursal
5980,2025-03-27,1398,10,1,1,2261684,0,Mercado Pago,Sucursal
5981,2023-09-18,868,15,13,1,2254306,20,Tarjeta de Débito,Sucursal
5982,2025-10-17,1049,8,15,1,1661179,0,Tarjeta de Débito,Online
5983,2025-04-01,1416,18,4,1,1042885,0,Tarjeta de Crédito,Sucursal
5984,2025-11-03,723,18,6,1,1042885,0,Mercado Pago,Online
5985,2023-07-14,40,3,2,1,1748036,0,Tarjeta de Crédito,Online
5986,2024-07-28,129,13,7,1,1102174,0,Mercado Pago,Sucursal
5987,2022-08-21,537,1,16,2,934942,0,Tarjeta de Crédito,Sucursal
5988,2022-06-16,362,13,6,2,1102174,5,Tarjeta de Crédito,Sucursal
5989,2022-05-21,97,4,5,1,2160479,5,Transferencia,Sucursal
5990,2023-11-05,134,18,11,1,1042885,10,Mercado Pago,Online
5991,2021-07-16,170,5,14,1,658866,10,Tarjeta de Crédito,Sucursal
5992,2022-07-28,1507,2,6,1,1484902,10,Tarjeta de Crédito,Sucursal
5993,2023-10-04,1204,20,7,2,2236130,0,Tarjeta de Crédito,Sucursal
5994,2022-01-21,1809,10,4,3,2261684,0,Mercado Pago,Sucursal
5995,2025-09-19,1042,19,7,2,1030169,5,Tarjeta de Débito,Sucursal
5996,2024-02-12,1353,8,19,1,1661179,15,Tarjeta de Crédito,Sucursal
5997,2025-08-29,1748,1,15,1,934942,0,Tarjeta de Crédito,Sucursal
5998,2026-04-22,743,23,10,1,1928958,10,Tarjeta de Crédito,Online
5999,2024-04-15,1292,22,19,3,1797606,20,Tarjeta de Crédito,Online
6000,2021-09-20,535,17,4,2,1455169,0,Efectivo,Sucursal
6001,2021-09-23,659,16,12,1,954116,15,Tarjeta de Débito,Online
6002,2025-12-17,919,22,15,2,1797606,15,Mercado Pago,Online
6003,2025-12-14,1108,4,15,1,2160479,0,Tarjeta de Débito,Sucursal
6004,2022-05-16,1649,5,16,1,658866,10,Mercado Pago,Online
6005,2025-01-04,1178,21,7,1,1989781,10,Efectivo,Sucursal
6006,2022-08-17,1488,14,16,2,2132068,0,Mercado Pago,Online
6007,2024-01-12,800,4,4,4,2160479,0,Mercado Pago,Online
6008,2025-02-12,1458,20,2,1,2236130,5,Tarjeta de Crédito,Online
6009,2021-09-13,1614,22,3,1,1797606,0,Tarjeta de Crédito,Sucursal
6010,2021-11-25,1149,20,8,1,2236130,5,Tarjeta de Crédito,Online
6011,2023-02-18,1248,17,10,1,1455169,20,Tarjeta de Crédito,Online
6012,2022-06-04,1090,9,9,1,944582,0,Tarjeta de Débito,Sucursal
6013,2021-08-21,893,7,8,1,1778736,0,Transferencia,Online
6014,2026-01-16,1708,18,13,2,1042885,0,Mercado Pago,Sucursal
6015,2024-02-13,531,11,8,1,1298880,0,Mercado Pago,Online
6016,2026-05-22,1730,6,9,2,1764687,0,Mercado Pago,Online
6017,2025-10-05,1546,22,3,1,1797606,0,Mercado Pago,Sucursal
6018,2024-10-15,47,3,4,2,1748036,10,Transferencia,Online
6019,2021-10-15,1313,10,20,2,2261684,5,Mercado Pago,Online
6020,2024-02-28,1789,1,4,1,934942,0,Tarjeta de Crédito,Sucursal
6021,2025-06-13,1745,11,8,1,1298880,0,Tarjeta de Crédito,Sucursal
6022,2024-11-13,1098,12,6,1,1844344,10,Mercado Pago,Online
6023,2021-11-14,151,16,7,2,954116,0,Tarjeta de Débito,Sucursal
6024,2022-12-11,1375,20,20,2,2236130,0,Mercado Pago,Sucursal
6025,2024-08-14,912,10,15,1,2261684,30,Tarjeta de Crédito,Online
6026,2023-09-27,1727,12,5,2,1844344,10,Tarjeta de Crédito,Sucursal
6027,2025-11-26,1029,2,15,2,1484902,0,Tarjeta de Crédito,Sucursal
6028,2022-08-22,952,6,2,1,1764687,10,Mercado Pago,Sucursal
6029,2024-05-11,1366,10,20,1,2261684,0,Tarjeta de Débito,Sucursal
6030,2024-04-22,1726,5,2,1,658866,0,Mercado Pago,Online
6031,2022-10-04,1290,12,1,2,1844344,0,Tarjeta de Crédito,Sucursal
6032,2025-08-28,1190,23,14,2,1928958,15,Tarjeta de Crédito,Online
6033,2022-04-13,1568,25,4,2,1853677,10,Transferencia,Sucursal
6034,2022-11-24,533,21,1,1,1989781,20,Mercado Pago,Sucursal
6035,2024-08-20,538,14,15,1,2132068,0,Mercado Pago,Online
6036,2021-08-31,130,8,8,1,1661179,15,Tarjeta de Crédito,Sucursal
6037,2021-12-15,1379,25,10,1,1853677,20,Tarjeta de Crédito,Online
6038,2021-08-19,29,21,13,1,1989781,0,Tarjeta de Crédito,Online
6039,2022-07-24,1673,21,6,2,1989781,0,Tarjeta de Crédito,Sucursal
6040,2025-11-17,166,14,15,1,2132068,0,Transferencia,Online
6041,2022-10-22,838,4,17,1,2160479,0,Mercado Pago,Sucursal
6042,2025-03-11,1014,8,13,1,1661179,0,Tarjeta de Crédito,Online
6043,2022-08-05,1186,16,3,3,954116,5,Transferencia,Sucursal
6044,2021-09-01,1082,11,16,2,1298880,5,Tarjeta de Crédito,Sucursal
6045,2024-05-12,1633,21,11,1,1989781,5,Tarjeta de Débito,Online
6046,2024-03-14,1012,2,2,1,1484902,20,Mercado Pago,Sucursal
6047,2025-12-30,701,15,7,1,2254306,0,Tarjeta de Crédito,Sucursal
6048,2022-09-18,430,14,6,1,2132068,10,Tarjeta de Crédito,Online
6049,2022-12-07,58,17,7,1,1455169,0,Transferencia,Sucursal
6050,2024-08-20,183,4,1,2,2160479,0,Tarjeta de Crédito,Sucursal
6051,2023-06-07,180,6,12,3,1764687,5,Tarjeta de Débito,Sucursal
6052,2025-04-26,1183,22,16,1,1797606,5,Tarjeta de Crédito,Online
6053,2024-11-01,855,25,5,1,1853677,0,Mercado Pago,Online
6054,2025-08-31,399,4,4,1,2160479,0,Mercado Pago,Sucursal
6055,2023-04-24,52,6,20,1,1764687,0,Tarjeta de Crédito,Online
6056,2024-11-20,1531,9,6,4,944582,15,Tarjeta de Débito,Online
6057,2024-05-14,1280,13,18,4,1102174,0,Tarjeta de Débito,Sucursal
6058,2021-12-01,956,13,20,1,1102174,10,Transferencia,Online
6059,2026-06-05,1966,12,17,1,1844344,0,Tarjeta de Crédito,Sucursal
6060,2022-12-29,1166,15,14,2,2254306,0,Transferencia,Sucursal
6061,2024-12-30,1145,2,13,2,1484902,10,Tarjeta de Crédito,Online
6062,2024-07-09,571,12,6,1,1844344,10,Transferencia,Online
6063,2024-08-02,1727,13,4,1,1102174,5,Tarjeta de Débito,Online
6064,2021-11-26,311,8,7,1,1661179,0,Mercado Pago,Sucursal
6065,2024-04-13,1522,9,3,1,944582,0,Tarjeta de Crédito,Online
6066,2026-04-08,1964,7,9,1,1778736,0,Transferencia,Sucursal
6067,2026-02-21,109,16,2,1,954116,0,Transferencia,Online
6068,2023-05-07,933,13,13,1,1102174,5,Tarjeta de Crédito,Sucursal
6069,2022-07-01,1135,16,20,1,954116,0,Tarjeta de Crédito,Sucursal
6070,2022-11-07,24,6,2,1,1764687,10,Tarjeta de Crédito,Online
6071,2025-08-25,1748,21,7,1,1989781,10,Tarjeta de Crédito,Sucursal
6072,2023-05-09,1567,3,12,2,1748036,0,Mercado Pago,Sucursal
6073,2025-09-09,1821,6,1,2,1764687,0,Tarjeta de Crédito,Online
6074,2024-05-31,377,4,1,2,2160479,10,Tarjeta de Crédito,Sucursal
6075,2024-12-05,1232,8,9,1,1661179,0,Tarjeta de Crédito,Online
6076,2024-08-29,1558,24,6,1,1763627,0,Mercado Pago,Sucursal
6077,2024-06-29,1191,20,3,1,2236130,0,Tarjeta de Crédito,Online
6078,2024-06-13,922,8,18,1,1661179,0,Tarjeta de Crédito,Online
6079,2025-11-25,688,16,10,3,954116,10,Tarjeta de Crédito,Sucursal
6080,2025-05-07,317,18,10,1,1042885,0,Tarjeta de Crédito,Sucursal
6081,2023-05-31,664,6,4,1,1764687,0,Efectivo,Online
6082,2025-01-28,824,24,7,1,1763627,0,Tarjeta de Débito,Sucursal
6083,2022-02-26,1124,24,14,1,1763627,0,Tarjeta de Débito,Sucursal
6084,2026-04-21,26,23,5,2,1928958,5,Mercado Pago,Sucursal
6085,2025-01-18,710,10,11,1,2261684,10,Mercado Pago,Sucursal
6086,2023-05-17,1977,21,20,1,1989781,0,Tarjeta de Crédito,Online
6087,2023-09-27,737,4,7,1,2160479,0,Tarjeta de Débito,Sucursal
6088,2023-10-12,284,8,5,1,1661179,5,Tarjeta de Crédito,Sucursal
6089,2022-01-12,760,5,3,1,658866,20,Tarjeta de Crédito,Online
6090,2024-09-05,1425,25,18,1,1853677,5,Mercado Pago,Sucursal
6091,2024-11-20,1641,2,17,1,1484902,0,Tarjeta de Débito,Sucursal
6092,2021-07-23,177,15,3,1,2254306,15,Tarjeta de Débito,Online
6093,2025-01-03,989,5,13,3,658866,0,Tarjeta de Crédito,Sucursal
6094,2022-04-16,1068,6,10,2,1764687,0,Efectivo,Sucursal
6095,2022-11-17,141,22,1,1,1797606,5,Tarjeta de Crédito,Online
6096,2023-05-27,107,7,15,1,1778736,0,Tarjeta de Crédito,Online
6097,2022-01-30,1209,11,18,1,1298880,15,Tarjeta de Crédito,Online
6098,2025-11-04,733,16,13,1,954116,0,Mercado Pago,Sucursal
6099,2024-04-24,1116,18,11,1,1042885,5,Tarjeta de Crédito,Online
6100,2021-09-07,999,20,15,4,2236130,0,Mercado Pago,Sucursal
6101,2023-09-29,479,16,20,2,954116,10,Tarjeta de Crédito,Sucursal
6102,2023-04-11,458,1,19,1,934942,10,Efectivo,Sucursal
6103,2021-10-29,396,19,7,2,1030169,20,Transferencia,Online
6104,2025-05-31,343,1,18,1,934942,0,Tarjeta de Crédito,Sucursal
6105,2026-06-30,1937,16,7,2,954116,20,Mercado Pago,Online
6106,2022-11-04,1629,15,18,1,2254306,15,Tarjeta de Débito,Sucursal
6107,2024-12-07,1149,11,5,3,1298880,20,Mercado Pago,Sucursal
6108,2022-12-07,1872,17,18,1,1455169,10,Tarjeta de Crédito,Online
6109,2021-12-25,1007,7,13,1,1778736,0,Tarjeta de Crédito,Online
6110,2026-04-25,707,14,9,3,2132068,0,Tarjeta de Crédito,Sucursal
6111,2022-09-16,1116,12,13,1,1844344,15,Transferencia,Sucursal
6112,2022-09-06,474,19,13,2,1030169,5,Tarjeta de Débito,Sucursal
6113,2022-03-30,1746,10,11,1,2261684,0,Mercado Pago,Online
6114,2025-04-18,205,6,18,1,1764687,0,Tarjeta de Crédito,Sucursal
6115,2024-03-30,1761,9,18,1,944582,0,Transferencia,Sucursal
6116,2025-02-17,1921,3,12,1,1748036,0,Tarjeta de Débito,Sucursal
6117,2023-07-01,508,19,2,1,1030169,0,Tarjeta de Crédito,Sucursal
6118,2023-01-26,1170,23,9,2,1928958,0,Tarjeta de Débito,Online
6119,2025-06-22,411,24,15,1,1763627,15,Mercado Pago,Sucursal
6120,2024-10-13,1970,15,1,1,2254306,10,Tarjeta de Crédito,Sucursal
6121,2022-03-01,1311,7,4,1,1778736,0,Tarjeta de Crédito,Sucursal
6122,2025-01-05,1787,12,17,1,1844344,0,Tarjeta de Débito,Sucursal
6123,2021-08-10,745,11,13,5,1298880,10,Tarjeta de Crédito,Online
6124,2022-07-05,785,16,8,2,954116,10,Tarjeta de Crédito,Sucursal
6125,2025-07-02,1146,3,16,1,1748036,0,Transferencia,Online
6126,2024-12-23,309,17,9,1,1455169,10,Mercado Pago,Sucursal
6127,2023-07-31,1386,14,17,3,2132068,0,Tarjeta de Débito,Online
6128,2024-05-13,1218,9,1,1,944582,0,Mercado Pago,Sucursal
6129,2024-01-05,1163,3,5,1,1748036,15,Tarjeta de Crédito,Sucursal
6130,2024-09-28,1155,12,2,1,1844344,0,Tarjeta de Débito,Sucursal
6131,2025-11-02,1463,25,1,1,1853677,0,Tarjeta de Débito,Sucursal
6132,2022-04-13,719,11,6,1,1298880,0,Mercado Pago,Sucursal
6133,2026-06-20,215,12,9,2,1844344,0,Tarjeta de Crédito,Online
6134,2024-07-07,1449,15,19,2,2254306,0,Tarjeta de Crédito,Online
6135,2025-12-31,1785,16,4,1,954116,0,Tarjeta de Crédito,Online
6136,2025-03-04,940,17,18,1,1455169,15,Tarjeta de Crédito,Sucursal
6137,2024-04-14,1166,1,7,1,934942,0,Mercado Pago,Online
6138,2025-08-28,666,7,11,1,1778736,0,Tarjeta de Crédito,Sucursal
6139,2022-06-20,851,11,2,1,1298880,0,Tarjeta de Débito,Online
6140,2025-02-05,1085,3,17,2,1748036,5,Mercado Pago,Sucursal
6141,2022-11-05,36,10,4,1,2261684,0,Tarjeta de Crédito,Sucursal
6142,2022-09-15,501,5,3,1,658866,0,Mercado Pago,Sucursal
6143,2026-03-14,1906,5,17,1,658866,10,Tarjeta de Débito,Sucursal
6144,2024-06-24,1839,18,20,1,1042885,0,Mercado Pago,Sucursal
6145,2025-12-07,1603,5,20,1,658866,5,Tarjeta de Crédito,Sucursal
6146,2023-08-11,686,20,8,1,2236130,0,Tarjeta de Crédito,Sucursal
6147,2023-01-06,1541,15,2,3,2254306,0,Mercado Pago,Online
6148,2024-07-21,745,13,10,3,1102174,5,Tarjeta de Crédito,Sucursal
6149,2022-09-02,1019,7,8,1,1778736,10,Tarjeta de Crédito,Online
6150,2021-09-18,966,21,2,1,1989781,30,Tarjeta de Crédito,Sucursal
6151,2023-03-10,399,17,17,1,1455169,10,Tarjeta de Débito,Sucursal
6152,2025-06-14,885,12,15,1,1844344,10,Transferencia,Online
6153,2025-04-17,523,20,13,1,2236130,0,Mercado Pago,Online
6154,2025-08-06,1019,20,4,1,2236130,0,Mercado Pago,Sucursal
6155,2023-03-28,1266,6,10,2,1764687,10,Tarjeta de Débito,Sucursal
6156,2025-08-19,725,18,20,2,1042885,0,Tarjeta de Débito,Sucursal
6157,2022-06-22,316,2,7,1,1484902,5,Tarjeta de Débito,Sucursal
6158,2026-03-04,263,3,18,1,1748036,0,Efectivo,Sucursal
6159,2022-07-22,1805,13,14,1,1102174,0,Tarjeta de Crédito,Sucursal
6160,2021-11-29,1743,7,13,1,1778736,0,Tarjeta de Crédito,Sucursal
6161,2021-07-27,1795,12,20,2,1844344,0,Mercado Pago,Online
6162,2024-09-26,1969,8,13,1,1661179,10,Mercado Pago,Sucursal
6163,2024-12-31,1162,7,20,1,1778736,5,Transferencia,Online
6164,2023-12-25,518,5,3,2,658866,0,Tarjeta de Débito,Sucursal
6165,2021-09-15,490,2,20,1,1484902,0,Tarjeta de Crédito,Sucursal
6166,2023-05-30,1703,16,5,1,954116,0,Tarjeta de Crédito,Online
6167,2023-09-17,960,15,4,1,2254306,5,Tarjeta de Débito,Online
6168,2025-12-30,28,24,20,4,1763627,0,Mercado Pago,Sucursal
6169,2023-12-05,103,21,16,2,1989781,0,Tarjeta de Crédito,Sucursal
6170,2023-11-30,1665,2,6,1,1484902,0,Tarjeta de Débito,Sucursal
6171,2021-10-18,1039,5,3,1,658866,20,Tarjeta de Crédito,Sucursal
6172,2022-11-28,199,24,19,1,1763627,10,Tarjeta de Crédito,Sucursal
6173,2021-08-26,370,3,19,1,1748036,0,Tarjeta de Crédito,Sucursal
6174,2023-12-26,1350,22,5,1,1797606,15,Transferencia,Sucursal
6175,2023-10-28,1088,13,15,1,1102174,0,Tarjeta de Crédito,Online
6176,2026-05-09,624,8,11,1,1661179,0,Efectivo,Sucursal
6177,2025-04-04,57,15,2,2,2254306,5,Mercado Pago,Online
6178,2024-10-13,521,22,19,1,1797606,5,Tarjeta de Crédito,Sucursal
6179,2021-09-07,1557,10,20,1,2261684,0,Mercado Pago,Sucursal
6180,2022-06-03,373,10,11,1,2261684,10,Tarjeta de Crédito,Sucursal
6181,2023-01-01,1428,2,2,1,1484902,0,Tarjeta de Débito,Sucursal
6182,2023-02-03,242,8,1,2,1661179,0,Tarjeta de Crédito,Sucursal
6183,2023-10-21,1999,25,9,1,1853677,0,Tarjeta de Crédito,Sucursal
6184,2024-11-05,1549,22,1,3,1797606,5,Mercado Pago,Sucursal
6185,2024-09-25,1818,15,3,1,2254306,0,Tarjeta de Crédito,Online
6186,2024-05-08,136,9,9,1,944582,15,Tarjeta de Crédito,Online
6187,2023-06-22,521,18,10,2,1042885,0,Tarjeta de Crédito,Sucursal
6188,2023-02-23,212,10,16,1,2261684,0,Tarjeta de Débito,Sucursal
6189,2023-10-08,1049,17,1,1,1455169,0,Tarjeta de Crédito,Online
6190,2022-02-13,1593,3,18,2,1748036,15,Mercado Pago,Sucursal
6191,2021-08-23,1887,17,4,1,1455169,20,Tarjeta de Crédito,Online
6192,2024-01-17,976,11,13,1,1298880,10,Transferencia,Sucursal
6193,2024-12-26,483,22,3,1,1797606,10,Tarjeta de Crédito,Sucursal
6194,2025-01-07,1748,3,10,2,1748036,5,Transferencia,Sucursal
6195,2025-01-07,1429,10,12,1,2261684,5,Tarjeta de Crédito,Sucursal
6196,2023-01-29,1783,4,6,2,2160479,0,Mercado Pago,Sucursal
6197,2022-06-06,1745,19,19,1,1030169,20,Mercado Pago,Online
6198,2022-06-21,1269,25,1,1,1853677,0,Tarjeta de Débito,Sucursal
6199,2025-06-20,1978,25,9,1,1853677,15,Tarjeta de Débito,Online
6200,2025-01-23,1975,24,11,1,1763627,5,Mercado Pago,Online
6201,2022-07-23,682,17,18,1,1455169,0,Mercado Pago,Sucursal
6202,2022-03-21,878,10,14,1,2261684,0,Mercado Pago,Sucursal
6203,2022-07-10,1365,20,6,1,2236130,0,Tarjeta de Débito,Sucursal
6204,2024-01-21,1574,13,1,1,1102174,10,Mercado Pago,Online
6205,2026-05-17,647,13,1,1,1102174,5,Tarjeta de Débito,Online
6206,2024-02-15,1276,1,14,1,934942,0,Tarjeta de Débito,Sucursal
6207,2025-12-12,359,14,13,1,2132068,15,Tarjeta de Crédito,Sucursal
6208,2025-12-28,1872,11,6,1,1298880,0,Tarjeta de Crédito,Online
6209,2023-12-30,236,19,19,1,1030169,0,Tarjeta de Crédito,Online
6210,2026-02-11,1049,22,19,1,1797606,20,Tarjeta de Crédito,Sucursal
6211,2022-11-01,1186,22,1,1,1797606,0,Tarjeta de Crédito,Sucursal
6212,2023-05-11,810,23,5,1,1928958,15,Mercado Pago,Sucursal
6213,2026-07-03,546,8,20,1,1661179,0,Mercado Pago,Sucursal
6214,2023-05-02,645,23,2,2,1928958,0,Mercado Pago,Sucursal
6215,2024-04-28,779,17,11,3,1455169,20,Tarjeta de Crédito,Online
6216,2026-02-23,1582,5,16,2,658866,0,Tarjeta de Crédito,Sucursal
6217,2024-01-10,1372,1,5,2,934942,20,Tarjeta de Crédito,Sucursal
6218,2025-09-20,1102,8,20,2,1661179,15,Tarjeta de Débito,Online
6219,2022-05-25,1661,7,5,1,1778736,0,Tarjeta de Crédito,Sucursal
6220,2023-06-17,988,14,16,2,2132068,0,Tarjeta de Débito,Online
6221,2021-07-23,1223,11,3,1,1298880,0,Tarjeta de Débito,Sucursal
6222,2026-01-10,221,10,4,1,2261684,20,Mercado Pago,Online
6223,2026-07-02,1589,20,3,1,2236130,0,Tarjeta de Débito,Online
6224,2022-04-28,478,12,18,4,1844344,20,Transferencia,Sucursal
6225,2023-06-17,1558,19,1,1,1030169,10,Transferencia,Online
6226,2026-03-26,1498,16,20,1,954116,5,Tarjeta de Débito,Online
6227,2026-03-01,1692,13,11,1,1102174,0,Tarjeta de Débito,Online
6228,2024-12-25,1956,2,19,1,1484902,0,Tarjeta de Débito,Sucursal
6229,2023-05-16,914,9,19,1,944582,15,Transferencia,Online
6230,2026-04-17,167,22,3,2,1797606,0,Mercado Pago,Online
6231,2025-01-14,1122,19,20,2,1030169,10,Tarjeta de Crédito,Sucursal
6232,2021-11-29,1217,7,12,2,1778736,0,Mercado Pago,Sucursal
6233,2024-12-27,853,12,1,1,1844344,20,Tarjeta de Crédito,Sucursal
6234,2022-01-07,1601,11,16,2,1298880,0,Tarjeta de Débito,Sucursal
6235,2023-06-30,196,2,6,1,1484902,0,Mercado Pago,Sucursal
6236,2025-12-11,1944,19,7,1,1030169,15,Tarjeta de Crédito,Sucursal
6237,2026-04-17,1948,18,11,1,1042885,0,Mercado Pago,Sucursal
6238,2026-05-12,54,19,13,1,1030169,0,Tarjeta de Crédito,Sucursal
6239,2025-03-21,1076,20,6,1,2236130,0,Tarjeta de Crédito,Sucursal
6240,2022-04-05,524,13,3,2,1102174,20,Tarjeta de Débito,Online
6241,2023-06-27,749,8,8,2,1661179,0,Tarjeta de Crédito,Online
6242,2021-10-01,1689,20,3,1,2236130,15,Mercado Pago,Sucursal
6243,2024-08-04,391,4,3,1,2160479,10,Tarjeta de Crédito,Online
6244,2024-04-05,454,7,10,1,1778736,0,Tarjeta de Crédito,Sucursal
6245,2021-10-11,1613,1,13,1,934942,5,Tarjeta de Débito,Online
6246,2024-06-24,617,15,17,2,2254306,0,Tarjeta de Crédito,Online
6247,2021-12-19,1587,25,6,1,1853677,0,Transferencia,Online
6248,2023-05-28,1497,16,2,1,954116,0,Tarjeta de Crédito,Online
6249,2025-11-28,203,7,18,1,1778736,10,Tarjeta de Crédito,Sucursal
6250,2023-10-13,873,7,9,1,1778736,0,Mercado Pago,Sucursal
6251,2023-01-10,79,20,10,1,2236130,5,Tarjeta de Crédito,Online
6252,2024-02-19,1098,17,8,1,1455169,0,Tarjeta de Débito,Sucursal
6253,2021-10-21,873,23,12,2,1928958,0,Tarjeta de Crédito,Online
6254,2025-09-23,996,1,3,2,934942,20,Tarjeta de Débito,Online
6255,2021-12-09,1416,13,11,1,1102174,0,Mercado Pago,Sucursal
6256,2022-01-19,655,20,20,2,2236130,0,Tarjeta de Crédito,Sucursal
6257,2023-02-25,320,20,11,1,2236130,0,Mercado Pago,Online
6258,2025-01-31,1605,2,12,1,1484902,0,Transferencia,Sucursal
6259,2023-08-08,1546,6,19,1,1764687,0,Mercado Pago,Sucursal
6260,2021-10-16,1067,10,2,3,2261684,0,Tarjeta de Crédito,Sucursal
6261,2024-02-07,1184,17,7,1,1455169,0,Tarjeta de Crédito,Sucursal
6262,2024-08-03,793,13,10,1,1102174,0,Mercado Pago,Sucursal
6263,2025-05-20,1259,4,7,3,2160479,0,Mercado Pago,Online
6264,2023-11-01,424,4,14,1,2160479,15,Mercado Pago,Online
6265,2025-12-27,712,3,7,2,1748036,0,Tarjeta de Débito,Online
6266,2022-02-04,102,13,3,1,1102174,15,Efectivo,Sucursal
6267,2023-09-25,182,11,16,1,1298880,15,Tarjeta de Crédito,Sucursal
6268,2025-07-18,1198,23,10,2,1928958,15,Transferencia,Online
6269,2026-02-17,1013,1,14,1,934942,0,Tarjeta de Crédito,Sucursal
6270,2023-05-31,265,17,15,1,1455169,30,Tarjeta de Débito,Online
6271,2021-11-08,114,18,15,1,1042885,0,Transferencia,Sucursal
6272,2026-03-30,1972,24,5,1,1763627,0,Tarjeta de Crédito,Sucursal
6273,2023-12-31,1032,21,12,1,1989781,20,Transferencia,Sucursal
6274,2026-05-22,418,21,4,1,1989781,0,Efectivo,Online
6275,2026-04-08,1722,16,3,1,954116,5,Tarjeta de Débito,Sucursal
6276,2022-08-08,439,23,15,1,1928958,0,Tarjeta de Crédito,Online
6277,2023-08-15,1564,25,2,2,1853677,10,Tarjeta de Débito,Online
6278,2024-06-30,1368,9,11,1,944582,5,Tarjeta de Crédito,Sucursal
6279,2022-08-31,806,20,17,1,2236130,5,Mercado Pago,Sucursal
6280,2022-08-13,1686,18,11,1,1042885,0,Tarjeta de Débito,Sucursal
6281,2022-05-21,1289,6,10,1,1764687,0,Tarjeta de Débito,Sucursal
6282,2024-12-27,185,1,6,2,934942,0,Tarjeta de Crédito,Sucursal
6283,2023-10-17,837,1,2,1,934942,10,Tarjeta de Crédito,Sucursal
6284,2022-08-25,1384,5,13,1,658866,10,Transferencia,Online
6285,2023-08-23,1335,8,4,1,1661179,0,Mercado Pago,Sucursal
6286,2021-09-14,608,3,2,1,1748036,5,Mercado Pago,Sucursal
6287,2025-07-14,1748,23,19,1,1928958,0,Tarjeta de Crédito,Online
6288,2023-01-23,1648,15,18,1,2254306,15,Tarjeta de Débito,Online
6289,2026-01-19,352,22,1,1,1797606,20,Tarjeta de Débito,Online
6290,2023-10-19,246,16,12,3,954116,0,Tarjeta de Crédito,Sucursal
6291,2023-09-27,1612,1,4,4,934942,30,Mercado Pago,Sucursal
6292,2025-04-12,111,4,15,2,2160479,0,Mercado Pago,Sucursal
6293,2022-04-23,1279,6,1,1,1764687,10,Efectivo,Sucursal
6294,2023-12-02,1600,6,12,1,1764687,0,Mercado Pago,Sucursal
6295,2024-11-07,938,12,18,2,1844344,15,Tarjeta de Crédito,Online
6296,2023-09-20,1953,5,14,2,658866,10,Tarjeta de Crédito,Sucursal
6297,2024-02-19,794,18,13,4,1042885,10,Tarjeta de Crédito,Online
6298,2021-09-16,105,15,15,3,2254306,5,Mercado Pago,Online
6299,2025-02-19,1223,22,15,2,1797606,0,Mercado Pago,Sucursal
6300,2024-01-16,1336,9,7,1,944582,0,Tarjeta de Débito,Sucursal
6301,2022-09-27,899,20,15,3,2236130,0,Tarjeta de Crédito,Online
6302,2026-03-09,206,25,5,2,1853677,5,Transferencia,Online
6303,2024-11-20,146,9,11,3,944582,0,Tarjeta de Crédito,Sucursal
6304,2023-01-05,1972,3,13,1,1748036,0,Tarjeta de Crédito,Sucursal
6305,2024-09-15,1274,20,18,2,2236130,0,Tarjeta de Crédito,Sucursal
6306,2022-03-07,842,12,8,2,1844344,5,Tarjeta de Crédito,Sucursal
6307,2026-02-26,574,14,19,1,2132068,0,Tarjeta de Crédito,Online
6308,2022-09-01,407,13,8,1,1102174,15,Tarjeta de Crédito,Online
6309,2025-06-26,1595,19,6,2,1030169,0,Tarjeta de Crédito,Online
6310,2024-12-10,960,15,16,1,2254306,0,Transferencia,Sucursal
6311,2024-07-04,1887,20,7,1,2236130,10,Tarjeta de Crédito,Sucursal
6312,2022-12-19,794,9,4,3,944582,15,Efectivo,Sucursal
6313,2021-08-24,1995,5,16,1,658866,10,Tarjeta de Crédito,Sucursal
6314,2025-06-17,502,17,16,1,1455169,5,Tarjeta de Crédito,Sucursal
6315,2021-07-19,1443,23,18,1,1928958,0,Tarjeta de Crédito,Sucursal
6316,2024-07-29,1185,14,19,1,2132068,0,Tarjeta de Crédito,Sucursal
6317,2026-02-12,1444,7,19,2,1778736,0,Mercado Pago,Sucursal
6318,2021-08-15,868,2,14,1,1484902,10,Tarjeta de Crédito,Online
6319,2024-12-22,808,1,2,1,934942,10,Mercado Pago,Online
6320,2025-10-19,181,25,15,1,1853677,0,Tarjeta de Crédito,Sucursal
6321,2024-04-16,1422,3,17,1,1748036,5,Tarjeta de Crédito,Sucursal
6322,2025-01-05,1611,6,6,3,1764687,10,Tarjeta de Crédito,Sucursal
6323,2023-02-15,506,15,6,2,2254306,10,Tarjeta de Débito,Sucursal
6324,2023-03-29,330,23,4,1,1928958,10,Mercado Pago,Sucursal
6325,2022-12-14,1365,3,7,1,1748036,0,Mercado Pago,Online
6326,2022-07-15,1555,3,8,1,1748036,10,Tarjeta de Crédito,Sucursal
6327,2024-08-10,1720,10,19,1,2261684,5,Tarjeta de Débito,Sucursal
6328,2022-06-26,426,25,1,1,1853677,0,Tarjeta de Crédito,Sucursal
6329,2024-04-18,493,14,4,2,2132068,15,Tarjeta de Crédito,Sucursal
6330,2023-10-19,1976,3,14,3,1748036,10,Tarjeta de Crédito,Online
6331,2022-05-19,317,7,3,1,1778736,5,Tarjeta de Crédito,Online
6332,2022-06-22,827,9,19,2,944582,0,Tarjeta de Crédito,Sucursal
6333,2022-08-15,1675,6,18,2,1764687,0,Transferencia,Online
6334,2024-01-21,106,2,15,3,1484902,30,Mercado Pago,Online
6335,2022-01-24,1714,12,15,2,1844344,0,Tarjeta de Crédito,Sucursal
6336,2025-09-10,1545,2,14,1,1484902,0,Tarjeta de Crédito,Sucursal
6337,2024-03-03,445,9,1,4,944582,0,Tarjeta de Crédito,Sucursal
6338,2022-03-22,1421,20,18,3,2236130,0,Tarjeta de Crédito,Sucursal
6339,2024-06-05,645,10,3,1,2261684,0,Tarjeta de Crédito,Online
6340,2022-08-17,1919,23,14,1,1928958,5,Transferencia,Sucursal
6341,2022-11-10,1490,23,5,1,1928958,0,Tarjeta de Débito,Online
6342,2025-02-25,1737,18,7,3,1042885,10,Tarjeta de Crédito,Online
6343,2026-04-08,1647,12,11,1,1844344,15,Tarjeta de Crédito,Sucursal
6344,2022-04-13,149,23,6,1,1928958,0,Transferencia,Sucursal
6345,2023-04-02,406,17,13,1,1455169,0,Transferencia,Sucursal
6346,2022-08-01,464,18,18,1,1042885,10,Transferencia,Online
6347,2023-06-08,1255,16,13,1,954116,0,Tarjeta de Crédito,Online
6348,2024-09-04,998,24,4,1,1763627,0,Mercado Pago,Sucursal
6349,2026-03-25,1714,12,6,2,1844344,0,Transferencia,Online
6350,2025-03-08,1370,23,12,2,1928958,0,Tarjeta de Débito,Sucursal
6351,2024-03-07,1199,10,10,1,2261684,0,Transferencia,Sucursal
6352,2023-04-16,229,13,12,1,1102174,5,Tarjeta de Débito,Online
6353,2022-01-21,1020,25,2,1,1853677,0,Tarjeta de Crédito,Sucursal
6354,2021-10-09,1747,19,10,1,1030169,0,Tarjeta de Débito,Online
6355,2021-09-05,909,23,19,4,1928958,0,Tarjeta de Crédito,Sucursal
6356,2021-08-06,1436,22,6,1,1797606,0,Tarjeta de Débito,Online
6357,2026-06-29,1870,8,18,1,1661179,0,Tarjeta de Crédito,Online
6358,2023-05-06,1336,25,5,2,1853677,0,Tarjeta de Crédito,Online
6359,2024-08-17,1744,6,6,1,1764687,10,Tarjeta de Crédito,Online
6360,2022-07-09,747,18,5,1,1042885,0,Transferencia,Sucursal
6361,2026-03-25,1680,19,10,3,1030169,0,Tarjeta de Débito,Online
6362,2021-10-20,1036,17,13,1,1455169,0,Efectivo,Sucursal
6363,2026-06-22,675,21,13,1,1989781,5,Transferencia,Sucursal
6364,2022-08-06,304,24,18,2,1763627,0,Mercado Pago,Sucursal
6365,2024-12-31,998,16,8,1,954116,0,Tarjeta de Crédito,Online
6366,2024-05-01,1499,25,11,1,1853677,0,Tarjeta de Débito,Sucursal
6367,2022-07-16,1367,23,18,1,1928958,0,Tarjeta de Crédito,Sucursal
6368,2024-01-15,1979,16,12,3,954116,0,Transferencia,Online
6369,2023-05-27,1717,14,7,1,2132068,5,Tarjeta de Crédito,Online
6370,2025-01-03,673,24,17,4,1763627,0,Tarjeta de Crédito,Sucursal
6371,2022-01-26,1926,18,10,1,1042885,0,Tarjeta de Crédito,Online
6372,2026-06-03,1925,2,4,1,1484902,0,Tarjeta de Crédito,Online
6373,2024-11-05,100,5,14,1,658866,30,Tarjeta de Débito,Sucursal
6374,2024-02-29,1022,4,20,3,2160479,30,Tarjeta de Débito,Sucursal
6375,2026-04-29,1287,10,10,1,2261684,0,Mercado Pago,Online
6376,2023-08-20,43,23,4,1,1928958,15,Tarjeta de Crédito,Sucursal
6377,2021-08-31,802,1,3,1,934942,15,Tarjeta de Débito,Sucursal
6378,2025-04-02,1324,3,3,1,1748036,5,Transferencia,Sucursal
6379,2022-10-01,164,4,6,1,2160479,0,Mercado Pago,Sucursal
6380,2025-09-25,1596,7,14,1,1778736,15,Tarjeta de Crédito,Sucursal
6381,2021-11-30,288,21,9,3,1989781,10,Tarjeta de Crédito,Sucursal
6382,2021-09-12,1332,3,20,1,1748036,0,Transferencia,Sucursal
6383,2025-12-07,1227,15,19,1,2254306,0,Tarjeta de Crédito,Sucursal
6384,2021-09-09,863,22,2,1,1797606,20,Tarjeta de Crédito,Sucursal
6385,2025-05-14,1263,22,16,1,1797606,0,Tarjeta de Crédito,Sucursal
6386,2024-09-11,1559,10,7,1,2261684,0,Efectivo,Sucursal
6387,2023-10-05,202,16,20,1,954116,10,Tarjeta de Crédito,Online
6388,2024-06-30,1372,2,19,1,1484902,0,Mercado Pago,Sucursal
6389,2023-03-29,1392,4,17,1,2160479,20,Mercado Pago,Sucursal
6390,2021-12-16,1663,12,19,1,1844344,10,Mercado Pago,Sucursal
6391,2022-11-12,1956,11,10,1,1298880,10,Tarjeta de Crédito,Online
6392,2022-08-02,130,18,4,1,1042885,5,Mercado Pago,Online
6393,2024-03-28,179,8,19,1,1661179,0,Tarjeta de Crédito,Sucursal
6394,2026-02-03,673,16,18,1,954116,0,Tarjeta de Crédito,Sucursal
6395,2022-07-16,1051,15,9,1,2254306,0,Mercado Pago,Online
6396,2023-08-24,238,16,20,1,954116,0,Efectivo,Sucursal
6397,2024-01-04,118,9,14,1,944582,10,Mercado Pago,Sucursal
6398,2023-04-28,1757,6,18,1,1764687,5,Efectivo,Online
6399,2024-08-10,1229,10,6,1,2261684,0,Mercado Pago,Online
6400,2022-10-07,1686,25,7,1,1853677,0,Mercado Pago,Sucursal
6401,2024-05-05,1624,20,18,1,2236130,30,Mercado Pago,Sucursal
6402,2024-08-19,1425,16,17,1,954116,30,Mercado Pago,Sucursal
6403,2023-10-16,1807,24,1,1,1763627,10,Mercado Pago,Sucursal
6404,2022-07-17,797,20,4,1,2236130,10,Tarjeta de Crédito,Online
6405,2022-03-05,1272,18,19,1,1042885,0,Tarjeta de Débito,Sucursal
6406,2022-01-09,1221,9,20,1,944582,0,Efectivo,Sucursal
6407,2025-02-24,379,25,20,1,1853677,0,Tarjeta de Crédito,Online
6408,2026-01-18,461,18,13,1,1042885,0,Tarjeta de Crédito,Sucursal
6409,2021-09-18,50,18,1,1,1042885,10,Tarjeta de Crédito,Sucursal
6410,2024-06-05,1974,6,9,2,1764687,10,Mercado Pago,Online
6411,2024-08-06,1816,22,1,1,1797606,0,Transferencia,Sucursal
6412,2024-05-17,633,22,12,1,1797606,0,Mercado Pago,Sucursal
6413,2022-05-06,1077,12,9,1,1844344,0,Efectivo,Online
6414,2024-06-18,1992,15,10,2,2254306,5,Transferencia,Sucursal
6415,2021-11-15,1192,1,7,1,934942,0,Tarjeta de Débito,Online
6416,2024-01-18,616,24,5,1,1763627,0,Tarjeta de Crédito,Online
6417,2022-06-21,1088,9,1,1,944582,0,Tarjeta de Crédito,Online
6418,2021-10-29,1415,18,8,1,1042885,0,Tarjeta de Crédito,Online
6419,2024-08-11,385,11,9,1,1298880,0,Tarjeta de Crédito,Online
6420,2023-06-21,1126,16,10,1,954116,15,Tarjeta de Crédito,Sucursal
6421,2025-04-30,1900,10,3,2,2261684,0,Efectivo,Sucursal
6422,2025-02-18,1144,20,1,2,2236130,0,Mercado Pago,Sucursal
6423,2022-03-03,58,23,8,1,1928958,0,Mercado Pago,Sucursal
6424,2022-06-15,1340,11,1,2,1298880,15,Tarjeta de Crédito,Sucursal
6425,2024-05-22,1618,4,11,1,2160479,0,Tarjeta de Crédito,Sucursal
6426,2024-08-16,325,22,10,1,1797606,0,Transferencia,Sucursal
6427,2022-07-21,1624,10,13,1,2261684,30,Tarjeta de Débito,Sucursal
6428,2022-07-15,573,25,18,1,1853677,0,Tarjeta de Crédito,Sucursal
6429,2026-06-09,1898,15,15,2,2254306,15,Tarjeta de Crédito,Online
6430,2021-10-05,457,23,3,1,1928958,5,Mercado Pago,Online
6431,2026-03-17,94,2,7,1,1484902,0,Transferencia,Sucursal
6432,2023-04-14,1226,4,18,1,2160479,0,Tarjeta de Crédito,Online
6433,2026-03-13,1203,17,6,2,1455169,0,Tarjeta de Crédito,Sucursal
6434,2022-02-22,430,4,6,1,2160479,5,Tarjeta de Crédito,Sucursal
6435,2021-07-20,1412,21,15,2,1989781,20,Tarjeta de Crédito,Sucursal
6436,2026-03-03,1902,1,4,2,934942,20,Tarjeta de Crédito,Online
6437,2021-11-01,1512,8,13,1,1661179,0,Tarjeta de Crédito,Online
6438,2022-12-23,332,18,11,1,1042885,0,Tarjeta de Débito,Online
6439,2025-11-27,1064,24,2,2,1763627,0,Tarjeta de Crédito,Sucursal
6440,2026-04-08,96,10,8,3,2261684,15,Transferencia,Sucursal
6441,2022-04-24,628,21,7,1,1989781,15,Efectivo,Sucursal
6442,2021-08-22,389,16,19,1,954116,15,Transferencia,Sucursal
6443,2022-06-27,930,20,13,1,2236130,0,Tarjeta de Crédito,Sucursal
6444,2026-03-26,766,4,11,1,2160479,10,Efectivo,Sucursal
6445,2024-04-01,1379,25,6,1,1853677,0,Efectivo,Online
6446,2023-11-20,575,13,2,1,1102174,0,Mercado Pago,Online
6447,2023-10-28,826,24,14,2,1763627,0,Tarjeta de Crédito,Online
6448,2022-09-01,1200,16,19,3,954116,10,Tarjeta de Crédito,Sucursal
6449,2024-10-31,1163,3,3,1,1748036,0,Tarjeta de Crédito,Sucursal
6450,2023-06-21,682,22,6,1,1797606,5,Tarjeta de Débito,Sucursal
6451,2026-02-04,465,25,17,1,1853677,0,Mercado Pago,Sucursal
6452,2025-03-06,91,11,13,1,1298880,0,Tarjeta de Débito,Sucursal
6453,2023-01-18,625,15,12,1,2254306,0,Mercado Pago,Sucursal
6454,2023-05-15,1757,10,7,2,2261684,0,Tarjeta de Crédito,Online
6455,2022-12-02,800,10,9,1,2261684,5,Tarjeta de Crédito,Online
6456,2023-11-21,70,18,11,1,1042885,0,Tarjeta de Débito,Sucursal
6457,2022-09-04,1715,8,7,1,1661179,15,Tarjeta de Crédito,Sucursal
6458,2025-06-23,1899,7,1,1,1778736,0,Tarjeta de Crédito,Sucursal
6459,2022-10-19,792,12,20,1,1844344,0,Tarjeta de Crédito,Sucursal
6460,2026-03-31,442,13,19,3,1102174,0,Tarjeta de Crédito,Sucursal
6461,2024-09-24,219,14,14,1,2132068,0,Tarjeta de Débito,Sucursal
6462,2022-10-15,1077,19,18,1,1030169,0,Tarjeta de Crédito,Sucursal
6463,2022-10-10,137,4,9,1,2160479,0,Mercado Pago,Sucursal
6464,2022-04-02,1827,4,8,1,2160479,0,Mercado Pago,Sucursal
6465,2025-06-05,1738,6,17,5,1764687,10,Tarjeta de Crédito,Sucursal
6466,2024-12-24,1598,16,5,1,954116,0,Mercado Pago,Online
6467,2023-07-07,713,17,18,1,1455169,0,Tarjeta de Débito,Sucursal
6468,2022-04-04,698,6,17,1,1764687,20,Tarjeta de Crédito,Sucursal
6469,2022-04-28,757,16,17,3,954116,0,Tarjeta de Crédito,Sucursal
6470,2022-07-17,761,7,19,1,1778736,0,Tarjeta de Crédito,Online
6471,2023-01-26,1430,15,16,3,2254306,0,Tarjeta de Débito,Online
6472,2021-12-15,1077,4,9,2,2160479,0,Transferencia,Sucursal
6473,2023-10-31,1448,2,8,1,1484902,5,Tarjeta de Crédito,Sucursal
6474,2023-12-20,1794,3,18,3,1748036,0,Mercado Pago,Sucursal
6475,2025-02-07,1809,10,15,1,2261684,15,Tarjeta de Crédito,Sucursal
6476,2021-08-19,1243,8,10,1,1661179,10,Efectivo,Sucursal
6477,2023-11-07,96,14,16,2,2132068,20,Tarjeta de Crédito,Sucursal
6478,2024-08-04,1229,11,17,1,1298880,5,Tarjeta de Crédito,Online
6479,2025-10-08,1295,7,12,1,1778736,0,Tarjeta de Crédito,Sucursal
6480,2024-06-11,662,9,19,1,944582,15,Tarjeta de Crédito,Sucursal
6481,2026-05-05,829,11,3,1,1298880,20,Tarjeta de Crédito,Sucursal
6482,2025-10-14,677,23,2,3,1928958,30,Tarjeta de Crédito,Online
6483,2022-01-03,632,16,20,4,954116,0,Tarjeta de Débito,Sucursal
6484,2025-01-12,536,8,11,2,1661179,5,Tarjeta de Crédito,Sucursal
6485,2023-05-22,513,9,12,1,944582,0,Tarjeta de Débito,Sucursal
6486,2024-10-02,1885,6,3,1,1764687,5,Tarjeta de Crédito,Online
6487,2022-01-28,1070,1,1,2,934942,10,Transferencia,Sucursal
6488,2025-05-09,1991,17,8,2,1455169,10,Tarjeta de Crédito,Sucursal
6489,2021-07-06,1487,1,7,2,934942,0,Mercado Pago,Sucursal
6490,2022-12-12,244,5,12,1,658866,0,Mercado Pago,Sucursal
6491,2022-04-19,1360,7,17,3,1778736,5,Mercado Pago,Sucursal
6492,2023-06-10,423,22,1,1,1797606,20,Tarjeta de Crédito,Sucursal
6493,2024-01-19,1949,7,7,1,1778736,0,Tarjeta de Crédito,Sucursal
6494,2025-09-10,1180,19,20,1,1030169,5,Tarjeta de Crédito,Online
6495,2022-01-04,1803,12,5,2,1844344,0,Tarjeta de Crédito,Sucursal
6496,2023-03-22,559,19,9,2,1030169,0,Tarjeta de Débito,Online
6497,2024-07-29,1784,10,3,2,2261684,0,Tarjeta de Crédito,Sucursal
6498,2025-06-06,13,6,2,1,1764687,15,Tarjeta de Débito,Sucursal
6499,2024-04-14,806,24,14,2,1763627,0,Tarjeta de Crédito,Sucursal
6500,2023-05-30,1279,11,12,4,1298880,10,Tarjeta de Crédito,Sucursal
6501,2023-09-07,1279,6,15,1,1764687,10,Mercado Pago,Sucursal
6502,2022-11-05,870,23,8,1,1928958,0,Tarjeta de Crédito,Sucursal
6503,2023-11-21,534,5,6,1,658866,0,Transferencia,Sucursal
6504,2025-03-15,756,23,16,2,1928958,10,Tarjeta de Débito,Sucursal
6505,2025-07-03,1169,4,4,1,2160479,15,Mercado Pago,Sucursal
6506,2024-07-29,732,25,13,1,1853677,20,Mercado Pago,Online
6507,2023-01-12,791,2,19,3,1484902,10,Tarjeta de Débito,Online
6508,2026-01-03,558,18,16,1,1042885,0,Tarjeta de Crédito,Online
6509,2022-07-02,107,3,17,1,1748036,5,Tarjeta de Débito,Sucursal
6510,2023-02-12,1020,2,13,1,1484902,5,Mercado Pago,Sucursal
6511,2024-01-14,1388,1,16,2,934942,30,Transferencia,Online
6512,2026-04-15,839,4,2,1,2160479,30,Tarjeta de Débito,Online
6513,2021-10-01,1912,9,8,1,944582,5,Tarjeta de Crédito,Online
6514,2023-03-15,507,3,18,1,1748036,5,Transferencia,Sucursal
6515,2024-08-03,1002,11,14,4,1298880,5,Tarjeta de Crédito,Sucursal
6516,2022-01-11,1216,21,11,3,1989781,0,Tarjeta de Crédito,Online
6517,2026-05-19,832,22,10,1,1797606,15,Mercado Pago,Online
6518,2022-11-16,1992,18,9,2,1042885,0,Mercado Pago,Sucursal
6519,2021-08-07,857,4,4,3,2160479,0,Tarjeta de Débito,Sucursal
6520,2024-03-19,1379,13,15,2,1102174,15,Tarjeta de Crédito,Sucursal
6521,2025-04-23,912,15,3,2,2254306,5,Tarjeta de Crédito,Sucursal
6522,2022-08-14,937,2,16,1,1484902,15,Tarjeta de Crédito,Online
6523,2024-04-07,290,21,14,1,1989781,30,Mercado Pago,Sucursal
6524,2024-07-11,85,5,5,2,658866,0,Tarjeta de Crédito,Sucursal
6525,2024-12-31,1517,7,13,1,1778736,10,Tarjeta de Crédito,Sucursal
6526,2024-07-22,616,25,4,1,1853677,0,Mercado Pago,Sucursal
6527,2023-10-25,833,21,19,1,1989781,15,Tarjeta de Crédito,Online
6528,2024-04-20,1457,24,11,1,1763627,0,Tarjeta de Crédito,Online
6529,2025-10-12,1847,24,14,1,1763627,0,Tarjeta de Débito,Sucursal
6530,2023-11-29,1261,23,8,1,1928958,5,Transferencia,Sucursal
6531,2023-07-02,1110,24,12,4,1763627,15,Tarjeta de Crédito,Online
6532,2024-10-31,1067,24,2,1,1763627,0,Mercado Pago,Sucursal
6533,2024-04-26,1756,2,12,1,1484902,0,Tarjeta de Crédito,Sucursal
6534,2026-05-01,1178,16,1,1,954116,15,Tarjeta de Crédito,Online
6535,2024-11-20,1824,1,11,1,934942,10,Tarjeta de Crédito,Sucursal
6536,2025-12-14,1334,8,16,1,1661179,0,Tarjeta de Crédito,Sucursal
6537,2021-12-28,329,6,7,2,1764687,15,Tarjeta de Crédito,Sucursal
6538,2022-07-12,580,14,3,1,2132068,0,Tarjeta de Débito,Sucursal
6539,2023-09-30,1219,19,17,2,1030169,0,Tarjeta de Débito,Online
6540,2023-03-19,1955,12,16,1,1844344,30,Tarjeta de Crédito,Online
6541,2024-01-12,533,3,17,3,1748036,0,Tarjeta de Crédito,Online
6542,2022-03-08,3,16,3,1,954116,0,Tarjeta de Crédito,Sucursal
6543,2025-04-12,1737,9,20,1,944582,0,Mercado Pago,Sucursal
6544,2025-12-31,519,16,12,1,954116,0,Tarjeta de Crédito,Sucursal
6545,2026-02-02,1467,3,13,2,1748036,0,Tarjeta de Débito,Sucursal
6546,2024-04-22,701,7,14,1,1778736,10,Mercado Pago,Sucursal
6547,2025-10-19,1960,11,15,2,1298880,5,Tarjeta de Débito,Sucursal
6548,2026-04-23,1588,24,13,1,1763627,15,Tarjeta de Débito,Sucursal
6549,2026-06-13,47,4,3,1,2160479,0,Tarjeta de Crédito,Online
6550,2023-04-11,1721,13,18,1,1102174,0,Tarjeta de Crédito,Sucursal
6551,2024-02-12,647,10,4,1,2261684,10,Tarjeta de Crédito,Sucursal
6552,2024-01-04,1211,9,12,1,944582,0,Tarjeta de Crédito,Sucursal
6553,2022-04-21,1459,19,15,2,1030169,5,Tarjeta de Débito,Sucursal
6554,2023-08-22,1494,4,2,1,2160479,0,Transferencia,Sucursal
6555,2025-01-02,551,11,8,1,1298880,0,Tarjeta de Débito,Sucursal
6556,2026-01-24,1867,8,5,1,1661179,5,Efectivo,Sucursal
6557,2022-07-04,1611,23,5,1,1928958,15,Transferencia,Sucursal
6558,2025-12-12,869,5,1,1,658866,0,Mercado Pago,Sucursal
6559,2024-07-26,1678,22,11,2,1797606,0,Tarjeta de Crédito,Online
6560,2026-03-03,1364,19,1,1,1030169,0,Tarjeta de Crédito,Online
6561,2022-05-28,1631,7,7,1,1778736,0,Mercado Pago,Online
6562,2021-12-21,317,2,5,3,1484902,10,Mercado Pago,Sucursal
6563,2022-02-02,1524,24,11,1,1763627,0,Tarjeta de Crédito,Sucursal
6564,2022-08-24,935,17,14,1,1455169,15,Tarjeta de Crédito,Sucursal
6565,2023-08-02,353,13,10,1,1102174,0,Tarjeta de Crédito,Online
6566,2025-01-18,1013,13,11,2,1102174,0,Tarjeta de Crédito,Sucursal
6567,2022-07-05,1743,22,8,1,1797606,5,Transferencia,Sucursal
6568,2025-12-26,1749,1,19,1,934942,30,Tarjeta de Crédito,Sucursal
6569,2024-03-07,16,19,18,1,1030169,20,Transferencia,Sucursal
6570,2025-05-06,1552,15,1,2,2254306,0,Tarjeta de Crédito,Sucursal
6571,2021-10-24,1259,5,10,1,658866,5,Tarjeta de Crédito,Online
6572,2023-02-28,1602,3,8,1,1748036,0,Tarjeta de Crédito,Sucursal
6573,2022-04-18,1446,2,2,3,1484902,5,Tarjeta de Débito,Sucursal
6574,2021-11-05,1949,18,6,1,1042885,10,Tarjeta de Crédito,Sucursal
6575,2025-11-10,1221,5,5,1,658866,5,Transferencia,Sucursal
6576,2024-05-26,1490,22,3,4,1797606,10,Tarjeta de Crédito,Sucursal
6577,2023-05-21,1154,24,4,1,1763627,0,Mercado Pago,Sucursal
6578,2026-06-02,594,18,12,1,1042885,0,Tarjeta de Débito,Sucursal
6579,2023-09-25,789,11,7,2,1298880,10,Tarjeta de Crédito,Sucursal
6580,2024-12-14,621,24,17,1,1763627,15,Tarjeta de Crédito,Sucursal
6581,2025-06-20,1113,25,7,1,1853677,0,Tarjeta de Crédito,Sucursal
6582,2024-08-27,298,13,14,1,1102174,5,Tarjeta de Crédito,Sucursal
6583,2025-01-03,1130,6,13,1,1764687,10,Transferencia,Online
6584,2021-12-14,513,14,16,1,2132068,0,Tarjeta de Crédito,Sucursal
6585,2026-04-11,612,16,2,1,954116,0,Transferencia,Online
6586,2025-09-09,1165,8,11,1,1661179,5,Mercado Pago,Sucursal
6587,2025-04-14,682,7,1,2,1778736,30,Transferencia,Sucursal
6588,2023-07-03,722,14,3,1,2132068,15,Transferencia,Online
6589,2023-03-30,260,8,13,1,1661179,15,Tarjeta de Crédito,Sucursal
6590,2024-02-18,816,15,20,1,2254306,10,Tarjeta de Crédito,Sucursal
6591,2023-02-25,1046,19,10,1,1030169,15,Tarjeta de Crédito,Online
6592,2026-03-04,105,19,8,1,1030169,0,Mercado Pago,Online
6593,2022-06-01,751,3,14,1,1748036,0,Tarjeta de Crédito,Online
6594,2026-05-02,332,8,12,1,1661179,0,Tarjeta de Crédito,Online
6595,2025-12-13,1942,19,7,1,1030169,0,Tarjeta de Crédito,Sucursal
6596,2026-02-01,371,8,8,3,1661179,0,Transferencia,Sucursal
6597,2022-05-21,1712,20,6,1,2236130,20,Transferencia,Sucursal
6598,2022-11-13,509,6,13,1,1764687,10,Tarjeta de Crédito,Sucursal
6599,2023-07-15,1339,4,3,1,2160479,15,Tarjeta de Débito,Sucursal
6600,2023-03-31,1965,24,16,1,1763627,0,Tarjeta de Crédito,Online
6601,2022-10-14,1552,13,4,1,1102174,5,Tarjeta de Débito,Sucursal
6602,2022-11-30,1417,20,18,1,2236130,0,Efectivo,Sucursal
6603,2021-12-04,314,5,8,2,658866,20,Tarjeta de Crédito,Sucursal
6604,2025-02-15,1035,20,1,2,2236130,0,Tarjeta de Débito,Online
6605,2023-01-24,1135,5,3,1,658866,15,Transferencia,Online
6606,2022-11-07,508,22,18,2,1797606,0,Transferencia,Sucursal
6607,2024-09-26,1054,4,8,3,2160479,0,Tarjeta de Crédito,Sucursal
6608,2025-11-27,615,6,11,1,1764687,5,Mercado Pago,Online
6609,2025-12-25,970,4,15,3,2160479,0,Mercado Pago,Online
6610,2023-10-30,536,7,6,1,1778736,0,Tarjeta de Crédito,Sucursal
6611,2024-07-25,833,24,18,1,1763627,0,Tarjeta de Crédito,Online
6612,2026-04-11,644,22,13,1,1797606,15,Transferencia,Online
6613,2022-08-05,635,10,16,1,2261684,0,Tarjeta de Débito,Online
6614,2022-11-09,837,17,16,3,1455169,5,Transferencia,Sucursal
6615,2022-12-22,271,22,10,2,1797606,5,Efectivo,Sucursal
6616,2025-03-26,1895,14,17,1,2132068,15,Mercado Pago,Sucursal
6617,2022-03-18,386,20,4,3,2236130,20,Tarjeta de Crédito,Sucursal
6618,2024-05-01,292,17,7,1,1455169,0,Transferencia,Sucursal
6619,2025-08-26,1130,3,12,3,1748036,0,Tarjeta de Crédito,Sucursal
6620,2025-03-29,357,4,1,1,2160479,0,Transferencia,Sucursal
6621,2024-12-06,1748,21,15,2,1989781,0,Tarjeta de Débito,Sucursal
6622,2024-06-03,175,15,17,1,2254306,0,Mercado Pago,Online
6623,2024-11-26,1459,20,16,2,2236130,0,Efectivo,Sucursal
6624,2024-10-31,423,9,13,1,944582,0,Mercado Pago,Sucursal
6625,2022-10-18,1953,18,16,1,1042885,0,Mercado Pago,Online
6626,2022-07-03,222,15,7,2,2254306,0,Tarjeta de Débito,Sucursal
6627,2024-11-13,1600,8,14,1,1661179,0,Mercado Pago,Online
6628,2024-12-08,796,3,3,3,1748036,0,Tarjeta de Crédito,Sucursal
6629,2022-10-23,708,7,5,1,1778736,0,Transferencia,Online
6630,2023-02-27,39,19,2,1,1030169,5,Tarjeta de Crédito,Sucursal
6631,2023-08-15,576,7,8,3,1778736,5,Tarjeta de Crédito,Sucursal
6632,2023-10-01,1985,9,1,1,944582,0,Mercado Pago,Sucursal
6633,2023-04-03,572,11,20,1,1298880,5,Mercado Pago,Online
6634,2025-11-10,442,23,2,3,1928958,0,Tarjeta de Crédito,Online
6635,2025-04-02,1367,8,3,1,1661179,10,Tarjeta de Crédito,Online
6636,2022-08-31,1119,13,7,3,1102174,0,Transferencia,Sucursal
6637,2024-12-11,1938,16,7,1,954116,10,Tarjeta de Crédito,Sucursal
6638,2021-08-07,1626,19,15,2,1030169,0,Tarjeta de Crédito,Online
6639,2024-12-06,994,15,3,1,2254306,0,Tarjeta de Crédito,Online
6640,2026-03-18,874,12,10,1,1844344,0,Tarjeta de Crédito,Online
6641,2024-01-03,314,7,10,3,1778736,5,Mercado Pago,Sucursal
6642,2022-05-16,750,20,13,2,2236130,0,Tarjeta de Débito,Sucursal
6643,2021-10-25,15,3,13,1,1748036,0,Tarjeta de Crédito,Sucursal
6644,2022-11-02,645,3,10,1,1748036,10,Tarjeta de Crédito,Sucursal
6645,2025-12-23,84,9,12,1,944582,10,Tarjeta de Crédito,Sucursal
6646,2022-04-13,1138,23,19,1,1928958,0,Tarjeta de Débito,Sucursal
6647,2026-02-07,1983,11,16,1,1298880,0,Tarjeta de Crédito,Sucursal
6648,2025-04-09,1323,8,6,2,1661179,5,Tarjeta de Crédito,Sucursal
6649,2023-01-25,1455,1,18,3,934942,15,Tarjeta de Crédito,Sucursal
6650,2026-05-14,1553,12,8,2,1844344,0,Tarjeta de Débito,Online
6651,2021-11-14,1930,24,14,1,1763627,0,Tarjeta de Crédito,Sucursal
6652,2023-12-30,1514,24,9,3,1763627,0,Transferencia,Sucursal
6653,2023-06-08,193,19,12,1,1030169,5,Tarjeta de Débito,Sucursal
6654,2025-10-05,146,13,13,1,1102174,0,Tarjeta de Crédito,Sucursal
6655,2023-09-03,389,6,11,2,1764687,0,Mercado Pago,Sucursal
6656,2025-11-18,132,8,3,5,1661179,0,Tarjeta de Débito,Sucursal
6657,2025-10-19,1367,6,16,1,1764687,0,Tarjeta de Débito,Sucursal
6658,2021-11-10,44,20,9,2,2236130,10,Mercado Pago,Sucursal
6659,2024-01-20,710,16,20,2,954116,5,Tarjeta de Débito,Sucursal
6660,2022-02-26,920,1,14,2,934942,5,Tarjeta de Crédito,Sucursal
6661,2022-10-22,795,18,12,2,1042885,20,Tarjeta de Crédito,Sucursal
6662,2024-02-05,641,9,4,1,944582,10,Tarjeta de Crédito,Online
6663,2023-11-25,1365,10,14,2,2261684,0,Tarjeta de Crédito,Sucursal
6664,2025-02-13,1668,18,1,5,1042885,5,Tarjeta de Débito,Sucursal
6665,2025-04-11,1857,10,17,1,2261684,0,Transferencia,Online
6666,2024-12-17,826,19,9,1,1030169,0,Tarjeta de Débito,Sucursal
6667,2021-12-20,53,3,11,2,1748036,0,Tarjeta de Débito,Online
6668,2022-05-02,493,8,14,1,1661179,0,Tarjeta de Crédito,Online
6669,2024-05-12,1852,19,17,3,1030169,5,Mercado Pago,Online
6670,2024-01-02,1714,6,5,1,1764687,0,Transferencia,Online
6671,2021-12-28,1066,17,13,1,1455169,10,Tarjeta de Crédito,Online
6672,2022-12-30,777,24,11,1,1763627,0,Tarjeta de Débito,Sucursal
6673,2022-03-30,290,5,13,1,658866,10,Tarjeta de Débito,Sucursal
6674,2025-05-22,785,24,14,2,1763627,0,Tarjeta de Débito,Sucursal
6675,2023-10-21,895,6,10,2,1764687,0,Efectivo,Online
6676,2021-08-04,170,25,15,1,1853677,0,Mercado Pago,Sucursal
6677,2022-08-20,399,12,12,1,1844344,0,Transferencia,Online
6678,2025-11-03,1353,11,20,2,1298880,0,Tarjeta de Crédito,Online
6679,2024-12-01,1987,10,17,2,2261684,5,Mercado Pago,Sucursal
6680,2026-05-20,1135,14,10,3,2132068,15,Tarjeta de Crédito,Sucursal
6681,2026-07-03,249,20,3,2,2236130,20,Tarjeta de Crédito,Sucursal
6682,2024-03-16,466,19,14,1,1030169,0,Transferencia,Sucursal
6683,2021-07-19,1598,6,18,1,1764687,0,Tarjeta de Crédito,Sucursal
6684,2022-04-24,542,14,4,3,2132068,0,Tarjeta de Débito,Sucursal
6685,2024-09-10,357,18,18,2,1042885,0,Tarjeta de Crédito,Sucursal
6686,2024-05-10,171,2,4,1,1484902,0,Mercado Pago,Online
6687,2026-05-04,471,22,4,1,1797606,0,Tarjeta de Crédito,Sucursal
6688,2023-08-25,1320,11,16,1,1298880,10,Tarjeta de Crédito,Sucursal
6689,2023-01-08,1826,23,7,2,1928958,10,Tarjeta de Crédito,Sucursal
6690,2021-09-01,1785,17,19,1,1455169,0,Transferencia,Sucursal
6691,2023-11-28,157,12,7,2,1844344,0,Efectivo,Online
6692,2026-07-03,1636,17,17,2,1455169,0,Tarjeta de Crédito,Sucursal
6693,2026-02-09,1034,21,17,1,1989781,0,Tarjeta de Crédito,Sucursal
6694,2023-09-13,43,24,18,2,1763627,10,Tarjeta de Crédito,Sucursal
6695,2024-01-23,792,5,17,1,658866,10,Tarjeta de Débito,Sucursal
6696,2022-11-15,776,12,12,1,1844344,0,Mercado Pago,Sucursal
6697,2021-07-21,1604,24,6,1,1763627,0,Efectivo,Online
6698,2022-05-09,1138,3,19,1,1748036,0,Tarjeta de Crédito,Sucursal
6699,2023-05-23,1032,4,19,1,2160479,5,Mercado Pago,Online
6700,2026-04-05,1059,14,12,1,2132068,0,Tarjeta de Débito,Online
6701,2023-03-10,758,19,9,1,1030169,5,Tarjeta de Crédito,Sucursal
6702,2023-04-14,1349,16,7,1,954116,0,Tarjeta de Crédito,Online
6703,2024-06-21,1904,14,1,2,2132068,0,Tarjeta de Crédito,Sucursal
6704,2024-07-28,638,7,7,1,1778736,0,Tarjeta de Crédito,Sucursal
6705,2023-06-19,165,19,8,1,1030169,30,Mercado Pago,Sucursal
6706,2024-08-01,1219,17,18,1,1455169,0,Mercado Pago,Online
6707,2024-11-17,691,7,14,1,1778736,0,Mercado Pago,Online
6708,2022-06-29,1322,15,3,1,2254306,10,Tarjeta de Débito,Online
6709,2025-04-13,411,15,18,1,2254306,0,Tarjeta de Crédito,Sucursal
6710,2022-07-14,69,11,14,1,1298880,0,Mercado Pago,Sucursal
6711,2023-12-12,20,21,7,1,1989781,0,Tarjeta de Crédito,Sucursal
6712,2025-07-16,1814,22,14,1,1797606,0,Mercado Pago,Online
6713,2023-03-01,239,5,2,2,658866,0,Transferencia,Online
6714,2022-07-18,361,6,15,1,1764687,5,Mercado Pago,Sucursal
6715,2026-04-10,1475,16,5,2,954116,15,Tarjeta de Crédito,Sucursal
6716,2026-06-01,549,17,15,1,1455169,20,Tarjeta de Crédito,Sucursal
6717,2022-12-09,315,16,18,1,954116,5,Efectivo,Sucursal
6718,2021-08-08,398,8,11,1,1661179,0,Mercado Pago,Sucursal
6719,2025-02-03,823,14,7,1,2132068,5,Tarjeta de Crédito,Sucursal
6720,2025-06-19,1552,9,20,1,944582,0,Tarjeta de Crédito,Online
6721,2025-01-02,1024,25,20,1,1853677,0,Efectivo,Online
6722,2025-12-30,1276,4,5,5,2160479,10,Tarjeta de Crédito,Online
6723,2022-01-25,679,2,15,2,1484902,5,Mercado Pago,Online
6724,2024-09-01,1328,18,7,1,1042885,10,Transferencia,Sucursal
6725,2024-03-09,933,20,2,1,2236130,15,Efectivo,Sucursal
6726,2024-08-28,863,18,18,1,1042885,10,Tarjeta de Crédito,Sucursal
6727,2025-11-19,53,7,4,1,1778736,0,Mercado Pago,Online
6728,2021-12-05,1485,16,15,1,954116,0,Tarjeta de Crédito,Sucursal
6729,2024-04-08,1691,21,1,5,1989781,0,Tarjeta de Crédito,Sucursal
6730,2026-04-24,6,23,11,5,1928958,0,Tarjeta de Débito,Sucursal
6731,2024-05-21,1961,22,12,1,1797606,20,Tarjeta de Crédito,Online
6732,2023-11-14,1415,17,5,2,1455169,5,Mercado Pago,Sucursal
6733,2025-07-01,1331,23,15,1,1928958,0,Tarjeta de Débito,Online
6734,2024-07-22,1014,23,2,1,1928958,0,Tarjeta de Crédito,Sucursal
6735,2024-10-16,267,24,3,2,1763627,0,Tarjeta de Crédito,Sucursal
6736,2026-04-20,1223,5,1,2,658866,10,Tarjeta de Crédito,Sucursal
6737,2025-07-31,967,19,20,2,1030169,0,Mercado Pago,Sucursal
6738,2022-01-29,1983,15,4,1,2254306,0,Transferencia,Sucursal
6739,2024-08-26,1596,16,10,1,954116,0,Mercado Pago,Sucursal
6740,2023-12-08,1726,19,3,2,1030169,0,Mercado Pago,Online
6741,2026-06-17,721,11,14,2,1298880,0,Tarjeta de Crédito,Sucursal
6742,2022-06-02,632,10,16,2,2261684,20,Tarjeta de Crédito,Online
6743,2025-10-21,265,3,6,1,1748036,0,Tarjeta de Crédito,Online
6744,2022-12-21,802,24,5,1,1763627,10,Efectivo,Sucursal
6745,2022-08-07,1543,12,7,1,1844344,15,Tarjeta de Crédito,Sucursal
6746,2024-09-15,1287,6,18,2,1764687,0,Tarjeta de Crédito,Sucursal
6747,2024-12-27,978,12,6,1,1844344,0,Tarjeta de Débito,Sucursal
6748,2024-07-19,949,16,7,1,954116,5,Tarjeta de Débito,Online
6749,2025-05-12,261,13,18,2,1102174,5,Tarjeta de Crédito,Sucursal
6750,2026-05-04,686,2,12,1,1484902,0,Tarjeta de Débito,Online
6751,2022-08-23,328,5,1,1,658866,10,Mercado Pago,Online
6752,2023-06-17,1305,16,4,1,954116,5,Tarjeta de Crédito,Sucursal
6753,2024-03-18,1766,1,20,1,934942,0,Tarjeta de Débito,Sucursal
6754,2025-08-08,813,17,2,4,1455169,0,Tarjeta de Crédito,Online
6755,2021-11-10,1636,1,7,3,934942,0,Efectivo,Online
6756,2024-03-03,1226,24,16,1,1763627,15,Tarjeta de Crédito,Online
6757,2025-03-05,1292,13,16,1,1102174,0,Tarjeta de Crédito,Online
6758,2021-08-22,606,3,7,1,1748036,15,Mercado Pago,Sucursal
6759,2023-09-13,1007,19,13,1,1030169,10,Transferencia,Online
6760,2022-09-01,1554,10,12,2,2261684,0,Tarjeta de Crédito,Online
6761,2025-07-03,1784,5,8,1,658866,20,Tarjeta de Débito,Sucursal
6762,2022-02-13,1670,24,20,1,1763627,0,Tarjeta de Crédito,Sucursal
6763,2023-03-29,1842,17,8,1,1455169,0,Tarjeta de Crédito,Sucursal
6764,2022-01-18,739,6,9,1,1764687,20,Mercado Pago,Sucursal
6765,2023-12-13,87,25,15,2,1853677,0,Mercado Pago,Sucursal
6766,2023-11-25,1845,18,14,1,1042885,15,Tarjeta de Crédito,Sucursal
6767,2026-05-15,757,15,4,1,2254306,10,Tarjeta de Débito,Sucursal
6768,2021-08-23,250,11,19,2,1298880,5,Mercado Pago,Sucursal
6769,2022-11-26,889,12,8,2,1844344,5,Mercado Pago,Online
6770,2023-03-16,710,21,1,1,1989781,5,Tarjeta de Débito,Sucursal
6771,2024-02-11,1369,23,4,1,1928958,0,Transferencia,Sucursal
6772,2022-09-01,1615,8,5,2,1661179,0,Tarjeta de Crédito,Sucursal
6773,2022-07-29,373,25,8,1,1853677,0,Transferencia,Sucursal
6774,2022-04-25,969,7,9,1,1778736,10,Mercado Pago,Sucursal
6775,2022-07-14,244,24,17,2,1763627,0,Tarjeta de Débito,Sucursal
6776,2024-05-21,719,12,4,1,1844344,5,Tarjeta de Crédito,Sucursal
6777,2025-04-08,519,11,12,1,1298880,5,Tarjeta de Crédito,Sucursal
6778,2022-09-26,148,11,3,1,1298880,15,Tarjeta de Crédito,Online
6779,2023-05-13,866,4,14,4,2160479,5,Mercado Pago,Sucursal
6780,2023-01-03,187,11,7,1,1298880,15,Transferencia,Sucursal
6781,2022-07-25,775,18,6,1,1042885,0,Tarjeta de Débito,Sucursal
6782,2025-07-26,858,1,1,1,934942,0,Tarjeta de Crédito,Sucursal
6783,2023-08-05,1856,13,2,1,1102174,5,Mercado Pago,Sucursal
6784,2023-07-07,52,12,6,1,1844344,15,Mercado Pago,Online
6785,2021-10-28,288,25,4,2,1853677,0,Tarjeta de Crédito,Sucursal
6786,2021-10-01,338,3,7,1,1748036,0,Mercado Pago,Sucursal
6787,2024-07-20,1128,5,12,3,658866,0,Tarjeta de Crédito,Online
6788,2024-03-30,498,1,6,1,934942,0,Tarjeta de Crédito,Sucursal
6789,2025-12-24,1475,24,5,1,1763627,0,Transferencia,Sucursal
6790,2022-11-10,1576,12,8,2,1844344,20,Tarjeta de Crédito,Sucursal
6791,2022-12-15,534,15,7,1,2254306,5,Efectivo,Sucursal
6792,2021-08-03,1126,5,2,1,658866,0,Tarjeta de Crédito,Sucursal
6793,2025-07-07,309,14,12,1,2132068,10,Tarjeta de Crédito,Online
6794,2022-11-01,1248,22,20,1,1797606,0,Transferencia,Sucursal
6795,2023-01-12,662,20,6,1,2236130,0,Tarjeta de Crédito,Sucursal
6796,2022-08-09,1894,18,6,1,1042885,10,Tarjeta de Crédito,Online
6797,2022-11-28,671,19,17,1,1030169,10,Transferencia,Sucursal
6798,2025-12-18,826,19,12,3,1030169,10,Mercado Pago,Sucursal
6799,2024-09-01,985,5,12,1,658866,0,Tarjeta de Crédito,Sucursal
6800,2025-09-02,1385,11,6,5,1298880,10,Tarjeta de Crédito,Sucursal
6801,2025-11-05,97,11,5,2,1298880,30,Tarjeta de Débito,Sucursal
6802,2022-01-28,443,1,1,1,934942,0,Tarjeta de Crédito,Online
6803,2026-01-29,1449,20,13,1,2236130,0,Mercado Pago,Online
6804,2024-01-07,1663,11,1,1,1298880,15,Mercado Pago,Sucursal
6805,2025-01-27,228,22,15,1,1797606,0,Tarjeta de Crédito,Online
6806,2023-07-07,884,10,14,1,2261684,0,Tarjeta de Crédito,Online
6807,2024-04-03,175,2,17,1,1484902,20,Mercado Pago,Online
6808,2023-11-21,245,15,3,1,2254306,0,Mercado Pago,Online
6809,2023-04-30,449,7,2,4,1778736,10,Tarjeta de Crédito,Sucursal
6810,2021-08-09,1293,25,15,1,1853677,10,Tarjeta de Crédito,Sucursal
6811,2024-02-10,1340,21,7,2,1989781,0,Transferencia,Sucursal
6812,2023-09-18,364,9,1,1,944582,10,Mercado Pago,Sucursal
6813,2023-08-08,459,6,18,1,1764687,0,Transferencia,Online
6814,2023-08-14,1626,18,13,1,1042885,0,Mercado Pago,Sucursal
6815,2025-05-12,2,25,4,1,1853677,0,Tarjeta de Crédito,Online
6816,2024-05-20,1221,12,4,1,1844344,0,Mercado Pago,Sucursal
6817,2023-05-19,1268,11,13,1,1298880,0,Tarjeta de Débito,Sucursal
6818,2025-08-06,101,22,9,2,1797606,10,Mercado Pago,Online
6819,2021-09-05,1026,22,11,2,1797606,0,Tarjeta de Crédito,Online
6820,2023-12-31,206,15,6,1,2254306,20,Tarjeta de Débito,Sucursal
6821,2021-11-14,1939,8,19,1,1661179,0,Transferencia,Online
6822,2023-06-28,189,4,2,2,2160479,10,Tarjeta de Débito,Sucursal
6823,2024-03-08,414,17,14,1,1455169,0,Tarjeta de Crédito,Sucursal
6824,2022-03-20,1264,6,11,1,1764687,10,Transferencia,Online
6825,2022-02-17,798,3,8,1,1748036,5,Tarjeta de Débito,Sucursal
6826,2022-08-08,784,25,17,1,1853677,10,Tarjeta de Crédito,Online
6827,2024-05-20,190,13,5,2,1102174,0,Transferencia,Sucursal
6828,2026-03-20,1532,18,20,1,1042885,5,Mercado Pago,Sucursal
6829,2022-11-03,354,16,3,2,954116,0,Tarjeta de Crédito,Sucursal
6830,2022-10-13,287,22,5,3,1797606,10,Efectivo,Sucursal
6831,2024-02-18,720,11,4,1,1298880,0,Tarjeta de Débito,Sucursal
6832,2024-08-21,1340,25,16,5,1853677,0,Mercado Pago,Sucursal
6833,2022-12-14,1942,4,9,1,2160479,30,Efectivo,Sucursal
6834,2025-04-11,669,12,19,2,1844344,0,Mercado Pago,Sucursal
6835,2026-01-21,828,22,3,3,1797606,20,Mercado Pago,Online
6836,2022-09-16,1987,12,10,2,1844344,0,Mercado Pago,Online
6837,2026-02-26,1215,2,11,1,1484902,10,Tarjeta de Débito,Sucursal
6838,2023-06-29,1135,14,17,1,2132068,0,Tarjeta de Crédito,Sucursal
6839,2021-10-02,1219,1,18,1,934942,15,Transferencia,Sucursal
6840,2025-03-17,1054,6,14,5,1764687,15,Mercado Pago,Sucursal
6841,2025-03-03,1354,3,14,1,1748036,0,Mercado Pago,Online
6842,2023-09-20,327,24,9,2,1763627,0,Tarjeta de Crédito,Sucursal
6843,2022-08-19,147,15,10,1,2254306,0,Tarjeta de Crédito,Sucursal
6844,2021-12-12,1306,9,11,2,944582,5,Tarjeta de Crédito,Sucursal
6845,2026-05-21,389,12,8,1,1844344,10,Tarjeta de Crédito,Sucursal
6846,2021-09-19,1029,17,14,1,1455169,10,Tarjeta de Crédito,Sucursal
6847,2025-12-23,1478,3,8,1,1748036,0,Tarjeta de Crédito,Sucursal
6848,2025-08-06,1940,5,9,1,658866,20,Mercado Pago,Online
6849,2023-05-03,431,9,20,1,944582,5,Tarjeta de Crédito,Sucursal
6850,2021-10-21,1941,12,20,1,1844344,15,Transferencia,Sucursal
6851,2022-02-09,154,3,8,2,1748036,10,Tarjeta de Crédito,Online
6852,2022-06-16,821,21,10,1,1989781,0,Tarjeta de Débito,Sucursal
6853,2022-12-18,266,21,8,2,1989781,0,Tarjeta de Crédito,Online
6854,2025-05-04,1068,12,4,2,1844344,15,Tarjeta de Crédito,Sucursal
6855,2023-06-22,557,22,18,1,1797606,0,Tarjeta de Crédito,Sucursal
6856,2022-01-04,492,4,4,2,2160479,15,Tarjeta de Crédito,Sucursal
6857,2026-05-28,1669,5,14,2,658866,0,Mercado Pago,Sucursal
6858,2022-05-11,539,18,13,1,1042885,5,Tarjeta de Crédito,Sucursal
6859,2024-12-30,36,15,7,1,2254306,5,Tarjeta de Crédito,Online
6860,2023-10-15,586,14,16,1,2132068,0,Tarjeta de Crédito,Sucursal
6861,2024-04-07,1399,19,9,3,1030169,5,Tarjeta de Débito,Sucursal
6862,2026-06-15,1090,9,2,2,944582,0,Tarjeta de Crédito,Online
6863,2022-04-06,470,6,16,1,1764687,5,Tarjeta de Crédito,Online
6864,2022-08-18,1191,15,11,2,2254306,5,Tarjeta de Crédito,Sucursal
6865,2024-07-27,36,13,20,1,1102174,20,Mercado Pago,Online
6866,2021-12-02,163,10,17,1,2261684,0,Mercado Pago,Online
6867,2025-08-01,1315,12,4,2,1844344,10,Tarjeta de Crédito,Sucursal
6868,2023-06-29,588,6,2,1,1764687,5,Tarjeta de Crédito,Sucursal
6869,2021-07-21,1847,22,14,1,1797606,0,Tarjeta de Débito,Sucursal
6870,2022-04-17,951,10,9,1,2261684,10,Tarjeta de Crédito,Sucursal
6871,2024-12-13,700,13,4,2,1102174,0,Mercado Pago,Sucursal
6872,2023-09-24,1714,2,17,1,1484902,0,Tarjeta de Crédito,Online
6873,2024-04-22,355,15,8,1,2254306,5,Tarjeta de Crédito,Online
6874,2024-03-02,602,24,15,1,1763627,0,Tarjeta de Crédito,Sucursal
6875,2021-08-26,156,2,10,1,1484902,0,Transferencia,Sucursal
6876,2025-07-25,1787,16,3,1,954116,10,Tarjeta de Débito,Online
6877,2026-02-13,556,16,20,1,954116,15,Tarjeta de Crédito,Sucursal
6878,2021-11-12,1106,24,7,3,1763627,0,Transferencia,Online
6879,2023-11-01,1035,25,11,2,1853677,5,Tarjeta de Débito,Online
6880,2025-11-29,58,24,7,1,1763627,0,Tarjeta de Débito,Online
6881,2024-08-01,1833,15,5,1,2254306,0,Mercado Pago,Sucursal
6882,2023-08-09,979,4,17,1,2160479,0,Tarjeta de Débito,Online
6883,2026-01-23,1911,21,3,1,1989781,0,Tarjeta de Débito,Online
6884,2026-02-10,1072,20,11,1,2236130,0,Mercado Pago,Online
6885,2026-02-25,1404,5,12,1,658866,5,Tarjeta de Crédito,Sucursal
6886,2026-03-20,861,7,2,1,1778736,0,Transferencia,Online
6887,2022-08-22,1598,13,2,1,1102174,5,Tarjeta de Débito,Online
6888,2022-04-25,1209,13,20,1,1102174,5,Tarjeta de Crédito,Sucursal
6889,2022-11-24,248,12,15,1,1844344,0,Tarjeta de Débito,Sucursal
6890,2023-09-28,411,15,20,2,2254306,0,Tarjeta de Crédito,Sucursal
6891,2025-02-26,416,9,13,2,944582,5,Tarjeta de Crédito,Online
6892,2023-01-02,85,19,14,1,1030169,0,Tarjeta de Crédito,Online
6893,2023-12-05,455,9,13,1,944582,0,Tarjeta de Débito,Sucursal
6894,2025-12-15,12,12,3,1,1844344,10,Tarjeta de Crédito,Sucursal
6895,2021-09-14,729,7,19,2,1778736,15,Tarjeta de Crédito,Online
6896,2024-10-16,1047,3,11,3,1748036,0,Tarjeta de Débito,Sucursal
6897,2023-07-24,440,4,2,5,2160479,20,Tarjeta de Crédito,Online
6898,2023-05-12,1449,22,4,4,1797606,0,Tarjeta de Crédito,Sucursal
6899,2026-04-13,817,16,20,1,954116,0,Tarjeta de Crédito,Sucursal
6900,2024-12-12,1428,15,7,1,2254306,15,Transferencia,Online
6901,2025-04-22,972,6,16,1,1764687,10,Efectivo,Sucursal
6902,2024-02-02,1016,6,8,1,1764687,10,Tarjeta de Crédito,Online
6903,2021-08-07,1157,25,7,1,1853677,15,Efectivo,Sucursal
6904,2022-02-23,1815,9,7,5,944582,20,Tarjeta de Crédito,Sucursal
6905,2025-06-23,463,9,6,1,944582,0,Tarjeta de Crédito,Online
6906,2026-02-17,1288,2,15,1,1484902,10,Tarjeta de Crédito,Sucursal
6907,2023-04-02,444,6,18,1,1764687,0,Tarjeta de Crédito,Online
6908,2022-05-24,615,10,9,1,2261684,0,Tarjeta de Débito,Online
6909,2022-09-19,1827,5,16,1,658866,0,Tarjeta de Crédito,Sucursal
6910,2021-09-14,289,8,5,1,1661179,0,Tarjeta de Crédito,Online
6911,2024-09-03,1436,19,8,2,1030169,0,Tarjeta de Crédito,Online
6912,2022-03-06,706,22,10,1,1797606,0,Mercado Pago,Online
6913,2024-11-28,878,2,1,2,1484902,0,Mercado Pago,Sucursal
6914,2025-11-03,736,4,3,1,2160479,0,Tarjeta de Débito,Sucursal
6915,2022-04-29,491,15,10,1,2254306,20,Efectivo,Online
6916,2021-08-15,1324,18,16,1,1042885,5,Tarjeta de Débito,Sucursal
6917,2025-09-26,1847,13,13,1,1102174,0,Tarjeta de Débito,Sucursal
6918,2024-03-16,1862,6,13,1,1764687,5,Transferencia,Online
6919,2023-05-18,1106,9,11,1,944582,5,Tarjeta de Crédito,Sucursal
6920,2022-10-02,1137,1,14,1,934942,10,Efectivo,Online
6921,2024-08-28,1135,11,13,1,1298880,5,Efectivo,Sucursal
6922,2023-07-03,1336,23,1,1,1928958,5,Efectivo,Online
6923,2026-01-17,1982,14,16,1,2132068,0,Transferencia,Online
6924,2025-10-11,134,4,19,3,2160479,15,Tarjeta de Crédito,Sucursal
6925,2024-04-13,1307,4,10,1,2160479,15,Tarjeta de Crédito,Sucursal
6926,2025-02-24,1448,21,19,1,1989781,0,Tarjeta de Crédito,Sucursal
6927,2024-03-15,1876,3,15,1,1748036,0,Tarjeta de Crédito,Sucursal
6928,2025-07-07,241,15,19,1,2254306,10,Tarjeta de Débito,Sucursal
6929,2022-09-23,422,8,20,1,1661179,20,Tarjeta de Crédito,Online
6930,2022-06-01,700,14,1,1,2132068,5,Tarjeta de Débito,Sucursal
6931,2026-05-05,84,1,20,1,934942,0,Tarjeta de Débito,Online
6932,2024-05-26,47,20,19,1,2236130,0,Efectivo,Sucursal
6933,2023-01-18,636,12,11,3,1844344,0,Tarjeta de Crédito,Online
6934,2025-02-13,946,10,18,1,2261684,15,Tarjeta de Débito,Sucursal
6935,2024-01-18,1790,12,17,2,1844344,5,Tarjeta de Crédito,Online
6936,2024-03-09,1147,15,20,2,2254306,5,Tarjeta de Crédito,Sucursal
6937,2025-04-21,1548,22,15,1,1797606,0,Tarjeta de Débito,Sucursal
6938,2021-09-15,1680,5,19,1,658866,0,Mercado Pago,Sucursal
6939,2022-12-27,1229,11,13,1,1298880,0,Tarjeta de Débito,Online
6940,2025-12-16,771,25,17,3,1853677,5,Tarjeta de Crédito,Sucursal
6941,2023-03-23,463,22,8,1,1797606,5,Tarjeta de Crédito,Sucursal
6942,2022-06-18,933,4,14,1,2160479,20,Tarjeta de Crédito,Online
6943,2024-08-15,1043,7,19,1,1778736,10,Mercado Pago,Online
6944,2024-01-01,1810,22,14,1,1797606,0,Mercado Pago,Online
6945,2024-07-25,806,21,4,1,1989781,0,Tarjeta de Crédito,Sucursal
6946,2023-10-25,1983,12,16,1,1844344,15,Tarjeta de Crédito,Online
6947,2025-09-25,920,25,13,2,1853677,0,Tarjeta de Crédito,Sucursal
6948,2024-08-05,1117,16,13,1,954116,0,Tarjeta de Débito,Online
6949,2024-11-16,1004,21,2,1,1989781,0,Tarjeta de Débito,Sucursal
6950,2022-06-03,475,3,16,1,1748036,0,Mercado Pago,Online
6951,2021-10-17,1870,22,4,1,1797606,10,Tarjeta de Crédito,Online
6952,2021-10-10,1483,15,16,1,2254306,0,Mercado Pago,Online
6953,2025-03-30,223,2,6,1,1484902,10,Tarjeta de Crédito,Online
6954,2022-07-25,1730,5,20,1,658866,20,Tarjeta de Crédito,Sucursal
6955,2022-07-11,177,25,5,1,1853677,0,Tarjeta de Crédito,Online
6956,2023-10-12,1608,2,13,1,1484902,5,Tarjeta de Crédito,Sucursal
6957,2022-11-21,1650,8,8,1,1661179,10,Tarjeta de Crédito,Online
6958,2023-10-16,204,19,19,3,1030169,0,Mercado Pago,Sucursal
6959,2024-05-01,1913,9,3,1,944582,5,Tarjeta de Crédito,Online
6960,2023-10-30,244,22,1,3,1797606,0,Tarjeta de Crédito,Sucursal
6961,2024-02-02,710,7,15,1,1778736,5,Transferencia,Sucursal
6962,2025-03-18,416,23,13,1,1928958,15,Mercado Pago,Sucursal
6963,2026-02-12,1593,17,13,1,1455169,0,Transferencia,Online
6964,2023-11-15,1281,11,9,1,1298880,20,Tarjeta de Crédito,Sucursal
6965,2022-09-18,1384,11,13,1,1298880,10,Tarjeta de Crédito,Online
6966,2021-08-01,543,6,4,2,1764687,10,Tarjeta de Crédito,Sucursal
6967,2025-05-11,1071,4,1,2,2160479,0,Tarjeta de Crédito,Sucursal
6968,2025-06-30,184,14,10,1,2132068,15,Tarjeta de Crédito,Sucursal
6969,2025-10-05,289,14,20,2,2132068,30,Mercado Pago,Online
6970,2022-01-03,354,20,11,4,2236130,0,Tarjeta de Crédito,Sucursal
6971,2021-12-09,1333,24,18,3,1763627,5,Tarjeta de Crédito,Online
6972,2024-06-05,1869,7,5,2,1778736,0,Transferencia,Sucursal
6973,2022-04-03,1925,3,2,1,1748036,0,Tarjeta de Crédito,Sucursal
6974,2026-03-05,695,17,6,2,1455169,5,Efectivo,Sucursal
6975,2023-05-07,290,25,5,1,1853677,0,Tarjeta de Crédito,Sucursal
6976,2023-01-13,1856,15,16,1,2254306,0,Tarjeta de Débito,Online
6977,2025-03-01,1042,18,5,1,1042885,5,Tarjeta de Crédito,Sucursal
6978,2022-06-12,1254,21,6,1,1989781,15,Transferencia,Online
6979,2021-07-30,1534,16,2,2,954116,0,Tarjeta de Débito,Sucursal
6980,2025-04-16,190,12,13,3,1844344,0,Tarjeta de Crédito,Online
6981,2024-06-11,120,8,4,1,1661179,0,Mercado Pago,Online
6982,2025-07-22,771,24,11,1,1763627,0,Mercado Pago,Sucursal
6983,2025-12-05,1939,20,4,1,2236130,0,Tarjeta de Crédito,Sucursal
6984,2024-11-04,1006,10,18,1,2261684,5,Mercado Pago,Sucursal
6985,2021-10-17,422,12,6,1,1844344,10,Mercado Pago,Sucursal
6986,2022-03-20,444,12,18,1,1844344,0,Tarjeta de Crédito,Sucursal
6987,2024-06-06,667,24,9,2,1763627,15,Efectivo,Sucursal
6988,2026-03-24,1842,5,14,2,658866,0,Tarjeta de Crédito,Sucursal
6989,2022-01-23,264,15,19,1,2254306,0,Transferencia,Online
6990,2023-12-18,1938,21,17,1,1989781,0,Efectivo,Online
6991,2022-06-28,1285,10,20,1,2261684,5,Tarjeta de Crédito,Sucursal
6992,2025-07-09,1816,20,14,1,2236130,0,Tarjeta de Débito,Sucursal
6993,2022-08-11,1124,1,2,2,934942,0,Tarjeta de Crédito,Online
6994,2022-05-17,166,22,2,1,1797606,5,Transferencia,Sucursal
6995,2021-10-30,586,5,2,1,658866,10,Tarjeta de Crédito,Online
6996,2023-12-28,1057,23,17,2,1928958,5,Transferencia,Sucursal
6997,2025-05-26,619,20,1,1,2236130,0,Mercado Pago,Online
6998,2022-12-23,752,24,7,1,1763627,15,Mercado Pago,Sucursal
6999,2023-01-19,1179,19,15,1,1030169,0,Mercado Pago,Online
7000,2025-10-15,1936,15,16,2,2254306,5,Tarjeta de Crédito,Online
7001,2022-09-20,1416,23,6,2,1928958,0,Transferencia,Online
7002,2025-12-27,1927,1,10,1,934942,10,Efectivo,Sucursal
7003,2023-12-20,465,23,3,1,1928958,0,Mercado Pago,Online
7004,2022-01-15,771,8,17,1,1661179,10,Mercado Pago,Online
7005,2025-01-29,1132,8,2,1,1661179,20,Tarjeta de Débito,Online
7006,2025-08-28,388,16,1,1,954116,0,Tarjeta de Crédito,Online
7007,2022-03-15,1409,9,19,2,944582,0,Tarjeta de Crédito,Online
7008,2024-10-18,1357,19,3,1,1030169,5,Tarjeta de Crédito,Sucursal
7009,2023-04-12,938,23,18,1,1928958,15,Tarjeta de Crédito,Online
7010,2021-10-26,1888,25,19,2,1853677,10,Tarjeta de Crédito,Sucursal
7011,2023-06-05,1132,3,19,3,1748036,0,Transferencia,Online
7012,2025-10-18,1816,5,5,2,658866,0,Efectivo,Sucursal
7013,2021-08-20,1548,3,15,2,1748036,0,Mercado Pago,Online
7014,2023-10-20,620,3,3,1,1748036,0,Mercado Pago,Sucursal
7015,2022-03-11,570,2,1,2,1484902,0,Tarjeta de Crédito,Sucursal
7016,2022-01-03,1249,24,17,2,1763627,10,Tarjeta de Débito,Sucursal
7017,2022-12-11,1554,1,11,1,934942,10,Tarjeta de Crédito,Online
7018,2023-01-21,639,2,19,2,1484902,10,Tarjeta de Crédito,Sucursal
7019,2025-06-07,17,22,19,1,1797606,10,Transferencia,Sucursal
7020,2025-04-27,382,19,20,1,1030169,20,Tarjeta de Crédito,Sucursal
7021,2024-07-09,10,10,10,1,2261684,0,Tarjeta de Débito,Online
7022,2025-12-16,1767,6,4,2,1764687,0,Transferencia,Online
7023,2024-12-15,142,8,19,1,1661179,0,Tarjeta de Crédito,Online
7024,2022-05-11,888,7,15,1,1778736,0,Tarjeta de Crédito,Online
7025,2024-04-16,1072,7,18,1,1778736,0,Mercado Pago,Online
7026,2024-05-13,1429,6,5,3,1764687,5,Tarjeta de Débito,Sucursal
7027,2023-07-12,835,6,5,1,1764687,10,Mercado Pago,Sucursal
7028,2023-10-05,831,15,7,1,2254306,15,Tarjeta de Crédito,Online
7029,2023-11-09,209,17,14,1,1455169,15,Tarjeta de Crédito,Online
7030,2026-02-08,1159,11,7,1,1298880,0,Tarjeta de Débito,Online
7031,2024-05-26,691,25,4,1,1853677,0,Mercado Pago,Sucursal
7032,2024-08-30,1388,21,15,1,1989781,5,Tarjeta de Débito,Online
7033,2024-03-07,1940,5,7,1,658866,0,Tarjeta de Crédito,Sucursal
7034,2023-06-02,702,23,6,1,1928958,0,Efectivo,Sucursal
7035,2026-02-24,1553,11,10,2,1298880,0,Tarjeta de Crédito,Online
7036,2024-09-13,1814,2,5,1,1484902,30,Tarjeta de Crédito,Sucursal
7037,2022-06-21,1432,9,5,2,944582,30,Tarjeta de Débito,Sucursal
7038,2023-04-10,1552,14,18,1,2132068,10,Tarjeta de Crédito,Sucursal
7039,2021-08-11,106,20,19,1,2236130,0,Tarjeta de Débito,Online
7040,2022-06-20,1197,20,15,1,2236130,0,Tarjeta de Crédito,Sucursal
7041,2025-06-23,436,24,3,1,1763627,10,Tarjeta de Débito,Online
7042,2025-09-18,1757,23,7,1,1928958,5,Tarjeta de Crédito,Sucursal
7043,2023-02-16,709,24,9,3,1763627,0,Tarjeta de Crédito,Online
7044,2024-06-12,126,20,3,1,2236130,0,Mercado Pago,Online
7045,2024-08-06,1788,13,10,1,1102174,0,Efectivo,Sucursal
7046,2025-10-25,334,5,19,1,658866,10,Tarjeta de Crédito,Sucursal
7047,2024-02-07,298,19,17,1,1030169,15,Mercado Pago,Sucursal
7048,2025-12-13,234,25,14,1,1853677,0,Transferencia,Sucursal
7049,2022-11-13,1281,5,18,1,658866,0,Tarjeta de Crédito,Sucursal
7050,2023-03-04,1753,16,3,1,954116,0,Tarjeta de Débito,Sucursal
7051,2022-07-15,1969,21,1,1,1989781,0,Mercado Pago,Online
7052,2024-09-18,1184,10,19,1,2261684,5,Tarjeta de Crédito,Sucursal
7053,2021-07-28,24,14,5,2,2132068,10,Tarjeta de Débito,Sucursal
7054,2025-04-08,1004,7,13,4,1778736,0,Transferencia,Online
7055,2024-12-24,511,24,13,1,1763627,0,Mercado Pago,Online
7056,2021-09-10,1747,22,6,4,1797606,0,Tarjeta de Crédito,Online
7057,2021-07-19,423,11,13,1,1298880,0,Mercado Pago,Sucursal
7058,2025-05-13,746,4,9,1,2160479,0,Tarjeta de Débito,Online
7059,2023-03-01,1402,16,15,1,954116,5,Tarjeta de Débito,Sucursal
7060,2024-12-31,609,20,19,1,2236130,20,Tarjeta de Crédito,Sucursal
7061,2025-03-02,1214,21,18,1,1989781,30,Tarjeta de Crédito,Online
7062,2023-01-14,553,18,12,1,1042885,10,Tarjeta de Crédito,Sucursal
7063,2021-12-03,866,20,8,1,2236130,0,Transferencia,Sucursal
7064,2025-01-15,1499,6,13,2,1764687,5,Mercado Pago,Online
7065,2022-03-15,669,19,3,1,1030169,0,Tarjeta de Crédito,Sucursal
7066,2024-01-17,296,13,13,2,1102174,0,Tarjeta de Crédito,Sucursal
7067,2025-02-17,1642,14,1,2,2132068,0,Transferencia,Sucursal
7068,2024-02-27,1077,25,5,2,1853677,0,Tarjeta de Crédito,Sucursal
7069,2024-07-23,1003,3,14,1,1748036,0,Tarjeta de Crédito,Online
7070,2025-07-07,613,23,19,1,1928958,10,Tarjeta de Crédito,Sucursal
7071,2021-10-26,1196,19,11,1,1030169,0,Tarjeta de Débito,Online
7072,2025-06-18,834,4,18,1,2160479,10,Tarjeta de Crédito,Sucursal
7073,2023-01-06,142,16,1,2,954116,0,Tarjeta de Crédito,Online
7074,2023-09-19,1763,3,8,3,1748036,0,Transferencia,Online
7075,2024-02-09,311,2,20,3,1484902,10,Tarjeta de Débito,Sucursal
7076,2021-07-06,23,13,8,1,1102174,0,Tarjeta de Crédito,Online
7077,2025-04-20,1276,8,15,1,1661179,15,Tarjeta de Crédito,Online
7078,2022-09-28,1948,9,15,2,944582,20,Tarjeta de Débito,Sucursal
7079,2025-04-03,1838,2,10,1,1484902,0,Transferencia,Sucursal
7080,2022-02-09,604,7,15,1,1778736,0,Transferencia,Sucursal
7081,2026-04-07,171,7,17,1,1778736,10,Tarjeta de Débito,Sucursal
7082,2024-05-24,1035,8,9,1,1661179,0,Tarjeta de Crédito,Online
7083,2021-08-31,996,23,8,1,1928958,0,Tarjeta de Crédito,Sucursal
7084,2023-09-05,1674,18,19,1,1042885,0,Mercado Pago,Sucursal
7085,2022-09-06,1871,3,7,1,1748036,0,Tarjeta de Crédito,Sucursal
7086,2025-09-21,1601,7,20,1,1778736,0,Transferencia,Sucursal
7087,2023-12-29,431,23,16,1,1928958,0,Tarjeta de Crédito,Sucursal
7088,2022-08-30,99,1,6,1,934942,5,Tarjeta de Débito,Sucursal
7089,2021-11-11,406,20,13,1,2236130,15,Tarjeta de Crédito,Sucursal
7090,2025-03-15,1133,19,15,2,1030169,15,Tarjeta de Crédito,Sucursal
7091,2025-11-11,150,5,11,1,658866,10,Mercado Pago,Online
7092,2024-01-09,1770,19,6,1,1030169,20,Mercado Pago,Sucursal
7093,2022-06-20,819,15,9,1,2254306,5,Transferencia,Sucursal
7094,2025-10-12,1501,20,7,2,2236130,0,Tarjeta de Crédito,Online
7095,2026-06-28,1259,4,11,1,2160479,0,Tarjeta de Crédito,Sucursal
7096,2024-04-24,386,25,13,1,1853677,0,Mercado Pago,Sucursal
7097,2025-02-26,1814,18,10,1,1042885,0,Tarjeta de Débito,Sucursal
7098,2022-01-16,1377,10,9,2,2261684,20,Tarjeta de Crédito,Sucursal
7099,2026-07-03,566,6,10,1,1764687,0,Tarjeta de Crédito,Online
7100,2023-10-18,1835,7,12,1,1778736,0,Tarjeta de Débito,Sucursal
7101,2023-04-28,1,20,10,1,2236130,10,Tarjeta de Crédito,Sucursal
7102,2022-10-25,1735,19,12,1,1030169,0,Transferencia,Online
7103,2024-08-07,1468,18,14,3,1042885,10,Tarjeta de Débito,Sucursal
7104,2022-10-07,847,4,17,5,2160479,10,Mercado Pago,Sucursal
7105,2026-03-14,225,22,1,2,1797606,0,Mercado Pago,Sucursal
7106,2025-04-13,66,12,8,1,1844344,0,Tarjeta de Débito,Sucursal
7107,2026-05-04,1301,19,20,1,1030169,0,Mercado Pago,Sucursal
7108,2021-07-06,1427,17,3,1,1455169,5,Tarjeta de Crédito,Sucursal
7109,2025-10-24,1891,21,18,1,1989781,10,Tarjeta de Crédito,Online
7110,2025-10-04,1176,25,10,1,1853677,0,Tarjeta de Débito,Sucursal
7111,2026-06-19,216,4,7,1,2160479,0,Tarjeta de Crédito,Online
7112,2025-10-10,341,19,13,1,1030169,0,Tarjeta de Débito,Online
7113,2022-06-15,297,23,17,1,1928958,0,Tarjeta de Crédito,Online
7114,2023-04-17,1010,21,1,2,1989781,0,Transferencia,Sucursal
7115,2025-12-09,1643,22,11,1,1797606,10,Tarjeta de Crédito,Online
7116,2025-10-26,27,6,3,2,1764687,15,Tarjeta de Crédito,Online
7117,2023-09-05,280,1,3,2,934942,0,Mercado Pago,Sucursal
7118,2022-08-18,1607,25,16,1,1853677,0,Transferencia,Online
7119,2025-03-13,538,19,14,1,1030169,15,Tarjeta de Crédito,Online
7120,2024-05-31,1255,1,19,1,934942,5,Mercado Pago,Sucursal
7121,2023-08-08,1902,6,13,1,1764687,0,Tarjeta de Crédito,Sucursal
7122,2023-12-27,474,22,18,1,1797606,0,Tarjeta de Crédito,Online
7123,2024-10-16,349,24,2,1,1763627,0,Mercado Pago,Sucursal
7124,2021-12-30,79,6,12,1,1764687,15,Tarjeta de Crédito,Sucursal
7125,2022-12-10,1367,21,20,1,1989781,0,Tarjeta de Crédito,Sucursal
7126,2025-11-22,1646,16,14,2,954116,0,Tarjeta de Crédito,Online
7127,2022-08-20,1901,23,17,1,1928958,20,Tarjeta de Crédito,Sucursal
7128,2026-05-24,786,9,8,2,944582,0,Efectivo,Sucursal
7129,2023-11-23,194,7,15,1,1778736,5,Mercado Pago,Sucursal
7130,2026-03-18,267,12,2,1,1844344,0,Tarjeta de Crédito,Sucursal
7131,2021-08-27,292,6,8,1,1764687,0,Mercado Pago,Sucursal
7132,2024-09-30,1052,17,20,1,1455169,0,Mercado Pago,Sucursal
7133,2024-02-01,442,25,13,1,1853677,0,Tarjeta de Crédito,Online
7134,2025-03-13,1896,22,15,1,1797606,10,Tarjeta de Crédito,Sucursal
7135,2025-08-13,722,5,6,3,658866,15,Tarjeta de Crédito,Online
7136,2024-12-02,1996,1,9,2,934942,0,Efectivo,Online
7137,2024-12-21,1011,10,13,1,2261684,5,Mercado Pago,Sucursal
7138,2021-08-30,1331,15,12,1,2254306,10,Transferencia,Sucursal
7139,2026-05-27,1463,10,7,2,2261684,10,Tarjeta de Crédito,Sucursal
7140,2024-03-06,1146,11,15,1,1298880,30,Mercado Pago,Online
7141,2026-06-01,1497,9,6,1,944582,10,Tarjeta de Crédito,Online
7142,2024-08-21,1265,13,14,1,1102174,0,Tarjeta de Crédito,Sucursal
7143,2024-05-03,1996,22,7,1,1797606,0,Tarjeta de Crédito,Sucursal
7144,2023-08-15,1923,24,4,1,1763627,10,Efectivo,Sucursal
7145,2024-01-07,1773,21,20,1,1989781,10,Tarjeta de Crédito,Sucursal
7146,2023-03-17,1386,1,20,1,934942,0,Tarjeta de Débito,Sucursal
7147,2022-10-20,716,14,3,1,2132068,0,Tarjeta de Crédito,Sucursal
7148,2025-08-21,1654,1,9,1,934942,0,Tarjeta de Crédito,Sucursal
7149,2025-04-22,1869,8,2,1,1661179,0,Transferencia,Sucursal
7150,2022-07-14,150,18,7,2,1042885,10,Tarjeta de Débito,Sucursal
7151,2025-07-30,1671,2,2,1,1484902,20,Tarjeta de Crédito,Sucursal
7152,2021-07-29,270,25,4,1,1853677,5,Tarjeta de Crédito,Sucursal
7153,2021-11-13,1527,21,6,2,1989781,0,Tarjeta de Crédito,Online
7154,2023-05-05,1469,4,14,1,2160479,10,Efectivo,Sucursal
7155,2024-07-28,84,18,17,2,1042885,15,Tarjeta de Crédito,Sucursal
7156,2026-05-21,1144,20,2,1,2236130,5,Tarjeta de Crédito,Sucursal
7157,2025-09-18,1051,20,7,2,2236130,10,Tarjeta de Crédito,Sucursal
7158,2021-10-04,488,12,9,3,1844344,10,Tarjeta de Crédito,Sucursal
7159,2024-07-16,25,14,15,2,2132068,0,Mercado Pago,Online
7160,2024-06-04,998,2,17,1,1484902,10,Mercado Pago,Sucursal
7161,2023-12-15,1187,14,2,1,2132068,10,Transferencia,Online
7162,2023-01-14,1789,24,13,1,1763627,0,Tarjeta de Crédito,Sucursal
7163,2022-12-13,1441,10,13,1,2261684,5,Tarjeta de Crédito,Online
7164,2024-12-29,849,14,11,1,2132068,0,Transferencia,Online
7165,2024-10-12,1667,20,17,1,2236130,0,Tarjeta de Débito,Online
7166,2022-06-11,526,10,15,1,2261684,0,Tarjeta de Crédito,Sucursal
7167,2024-05-16,1400,3,9,2,1748036,0,Tarjeta de Crédito,Sucursal
7168,2024-01-22,401,9,13,1,944582,0,Tarjeta de Débito,Sucursal
7169,2024-06-03,1067,7,13,2,1778736,5,Efectivo,Sucursal
7170,2026-02-05,1684,10,10,1,2261684,5,Tarjeta de Crédito,Online
7171,2025-07-30,316,24,15,1,1763627,5,Tarjeta de Crédito,Sucursal
7172,2024-11-18,532,7,20,1,1778736,10,Mercado Pago,Sucursal
7173,2022-02-22,306,7,3,3,1778736,10,Tarjeta de Débito,Sucursal
7174,2025-05-18,1926,22,18,1,1797606,5,Tarjeta de Débito,Sucursal
7175,2023-07-03,1145,18,15,3,1042885,10,Transferencia,Sucursal
7176,2024-04-01,1267,16,13,1,954116,0,Tarjeta de Crédito,Sucursal
7177,2022-03-30,1188,12,2,1,1844344,15,Mercado Pago,Sucursal
7178,2026-04-06,1001,13,15,3,1102174,10,Mercado Pago,Sucursal
7179,2025-02-22,1341,22,16,1,1797606,5,Tarjeta de Crédito,Online
7180,2025-01-11,1463,23,18,1,1928958,0,Tarjeta de Crédito,Online
7181,2022-04-02,1071,3,19,1,1748036,10,Efectivo,Online
7182,2024-08-15,529,1,11,1,934942,0,Tarjeta de Crédito,Sucursal
7183,2024-03-21,1786,21,20,1,1989781,0,Transferencia,Sucursal
7184,2026-02-26,743,24,20,3,1763627,0,Tarjeta de Crédito,Online
7185,2021-10-23,646,17,14,1,1455169,5,Tarjeta de Débito,Sucursal
7186,2025-07-25,351,22,10,2,1797606,20,Tarjeta de Débito,Sucursal
7187,2024-01-16,150,6,17,1,1764687,0,Tarjeta de Crédito,Sucursal
7188,2022-01-31,433,23,15,1,1928958,0,Mercado Pago,Sucursal
7189,2025-09-29,816,19,11,1,1030169,0,Tarjeta de Crédito,Online
7190,2023-02-26,845,18,7,1,1042885,10,Tarjeta de Crédito,Online
7191,2024-03-21,930,10,11,3,2261684,5,Transferencia,Sucursal
7192,2025-11-14,291,7,20,1,1778736,10,Mercado Pago,Online
7193,2026-05-09,1643,16,19,2,954116,0,Tarjeta de Crédito,Sucursal
7194,2025-12-08,906,23,3,2,1928958,0,Tarjeta de Crédito,Online
7195,2025-02-10,1283,23,1,1,1928958,15,Tarjeta de Débito,Sucursal
7196,2023-12-10,652,15,13,1,2254306,15,Mercado Pago,Online
7197,2022-09-18,42,1,6,1,934942,20,Tarjeta de Crédito,Online
7198,2022-08-02,1263,8,9,1,1661179,0,Tarjeta de Débito,Sucursal
7199,2024-09-08,1010,20,1,1,2236130,0,Tarjeta de Crédito,Online
7200,2025-05-11,441,14,2,1,2132068,0,Tarjeta de Crédito,Sucursal
7201,2026-01-13,45,20,14,2,2236130,0,Transferencia,Sucursal
7202,2024-10-25,983,21,15,1,1989781,0,Mercado Pago,Online
7203,2024-04-17,52,20,19,3,2236130,0,Transferencia,Sucursal
7204,2023-03-09,1867,17,10,2,1455169,15,Transferencia,Sucursal
7205,2026-06-05,954,11,4,1,1298880,0,Tarjeta de Crédito,Sucursal
7206,2024-02-26,60,3,15,1,1748036,10,Tarjeta de Débito,Sucursal
7207,2022-02-07,1726,24,2,1,1763627,10,Tarjeta de Crédito,Sucursal
7208,2023-03-26,163,20,3,1,2236130,5,Mercado Pago,Online
7209,2025-08-09,1815,20,18,1,2236130,15,Tarjeta de Crédito,Sucursal
7210,2021-07-10,986,6,19,1,1764687,5,Tarjeta de Crédito,Sucursal
7211,2022-08-22,1912,13,12,1,1102174,0,Mercado Pago,Online
7212,2024-02-25,348,1,19,1,934942,30,Mercado Pago,Sucursal
7213,2022-01-31,1272,12,8,1,1844344,5,Efectivo,Online
7214,2022-09-23,906,24,9,1,1763627,5,Tarjeta de Crédito,Online
7215,2022-12-11,1851,24,17,1,1763627,0,Mercado Pago,Sucursal
7216,2026-06-11,223,21,12,1,1989781,0,Tarjeta de Crédito,Sucursal
7217,2022-03-29,1478,16,17,1,954116,0,Tarjeta de Crédito,Online
7218,2022-12-07,1306,13,2,1,1102174,10,Tarjeta de Crédito,Online
7219,2021-10-14,911,24,9,1,1763627,15,Tarjeta de Crédito,Sucursal
7220,2026-06-07,673,20,13,1,2236130,0,Tarjeta de Crédito,Online
7221,2025-05-07,162,23,19,2,1928958,0,Transferencia,Sucursal
7222,2023-03-03,277,19,14,2,1030169,0,Tarjeta de Crédito,Sucursal
7223,2021-10-18,886,20,4,1,2236130,15,Tarjeta de Crédito,Sucursal
7224,2023-03-26,337,14,18,1,2132068,0,Tarjeta de Débito,Sucursal
7225,2023-05-05,74,4,10,1,2160479,5,Tarjeta de Débito,Sucursal
7226,2022-02-02,1695,11,4,1,1298880,0,Tarjeta de Crédito,Sucursal
7227,2023-01-06,1721,6,9,1,1764687,0,Tarjeta de Crédito,Sucursal
7228,2026-05-20,783,25,17,1,1853677,0,Tarjeta de Crédito,Sucursal
7229,2022-07-10,1241,7,2,1,1778736,10,Tarjeta de Crédito,Online
7230,2025-06-10,401,15,16,2,2254306,0,Tarjeta de Crédito,Sucursal
7231,2025-11-03,1670,15,17,1,2254306,5,Tarjeta de Crédito,Sucursal
7232,2023-10-03,530,21,4,1,1989781,0,Tarjeta de Crédito,Sucursal
7233,2022-12-10,1502,7,14,1,1778736,10,Mercado Pago,Sucursal
7234,2024-10-04,47,25,12,3,1853677,20,Mercado Pago,Sucursal
7235,2021-11-22,1470,1,16,2,934942,0,Tarjeta de Débito,Online
7236,2021-08-06,1736,5,12,1,658866,0,Mercado Pago,Online
7237,2026-05-19,1280,19,6,3,1030169,0,Tarjeta de Crédito,Online
7238,2023-03-05,468,25,3,1,1853677,0,Efectivo,Sucursal
7239,2024-07-09,512,8,2,1,1661179,5,Tarjeta de Crédito,Online
7240,2025-06-02,1911,15,6,1,2254306,10,Tarjeta de Crédito,Online
7241,2025-02-05,344,24,19,1,1763627,0,Tarjeta de Débito,Sucursal
7242,2023-07-20,783,11,14,1,1298880,10,Tarjeta de Débito,Sucursal
7243,2025-01-02,1306,22,12,1,1797606,0,Tarjeta de Crédito,Sucursal
7244,2026-05-08,228,24,13,1,1763627,0,Tarjeta de Crédito,Sucursal
7245,2022-12-30,913,19,7,1,1030169,20,Mercado Pago,Sucursal
7246,2022-02-17,216,4,14,1,2160479,0,Tarjeta de Crédito,Sucursal
7247,2024-04-12,1274,20,12,1,2236130,10,Efectivo,Sucursal
7248,2022-11-03,1193,7,4,1,1778736,0,Tarjeta de Crédito,Online
7249,2024-06-22,1729,25,5,1,1853677,0,Tarjeta de Crédito,Online
7250,2024-10-12,464,19,5,1,1030169,0,Tarjeta de Crédito,Online
7251,2022-08-16,502,5,1,1,658866,0,Efectivo,Online
7252,2024-03-28,901,9,18,1,944582,0,Tarjeta de Crédito,Online
7253,2023-11-28,335,17,19,2,1455169,20,Mercado Pago,Sucursal
7254,2021-12-11,836,22,8,1,1797606,10,Mercado Pago,Online
7255,2024-08-12,639,24,7,1,1763627,5,Tarjeta de Crédito,Sucursal
7256,2021-09-25,236,8,16,2,1661179,0,Tarjeta de Crédito,Sucursal
7257,2025-03-09,1803,12,19,1,1844344,0,Mercado Pago,Online
7258,2024-08-24,664,9,14,2,944582,0,Tarjeta de Crédito,Sucursal
7259,2026-03-22,488,19,4,1,1030169,0,Mercado Pago,Sucursal
7260,2022-03-10,318,7,14,3,1778736,10,Tarjeta de Débito,Online
7261,2023-07-29,617,16,9,1,954116,0,Tarjeta de Crédito,Sucursal
7262,2026-07-02,154,14,19,1,2132068,0,Transferencia,Sucursal
7263,2025-12-10,973,5,12,1,658866,0,Tarjeta de Crédito,Sucursal
7264,2024-09-23,854,25,4,1,1853677,0,Tarjeta de Débito,Online
7265,2021-08-15,761,11,18,4,1298880,0,Tarjeta de Crédito,Online
7266,2025-07-13,466,16,3,3,954116,30,Tarjeta de Crédito,Sucursal
7267,2022-01-15,705,25,8,4,1853677,0,Tarjeta de Crédito,Sucursal
7268,2021-08-26,150,2,9,3,1484902,0,Tarjeta de Crédito,Online
7269,2023-12-26,1543,19,9,1,1030169,10,Tarjeta de Crédito,Sucursal
7270,2023-07-18,935,11,9,2,1298880,30,Tarjeta de Débito,Online
7271,2023-01-30,47,15,4,1,2254306,0,Mercado Pago,Sucursal
7272,2025-04-22,1122,6,5,1,1764687,0,Tarjeta de Crédito,Sucursal
7273,2023-01-11,1230,11,19,2,1298880,0,Tarjeta de Crédito,Online
7274,2026-07-01,479,20,3,3,2236130,10,Tarjeta de Crédito,Sucursal
7275,2022-05-02,1104,20,17,2,2236130,5,Tarjeta de Crédito,Sucursal
7276,2025-03-12,1576,5,1,1,658866,0,Tarjeta de Crédito,Sucursal
7277,2023-03-11,1109,2,3,1,1484902,20,Tarjeta de Débito,Sucursal
7278,2022-06-09,378,25,10,1,1853677,15,Mercado Pago,Online
7279,2024-10-02,1,1,4,1,934942,0,Tarjeta de Crédito,Sucursal
7280,2023-05-24,550,19,18,2,1030169,0,Transferencia,Sucursal
7281,2023-08-18,1946,5,12,1,658866,0,Mercado Pago,Sucursal
7282,2022-09-03,780,16,6,3,954116,15,Tarjeta de Débito,Sucursal
7283,2025-03-27,1375,21,8,1,1989781,0,Tarjeta de Crédito,Sucursal
7284,2025-05-24,1154,2,13,1,1484902,0,Tarjeta de Crédito,Sucursal
7285,2024-09-22,1982,2,7,1,1484902,5,Tarjeta de Crédito,Sucursal
7286,2026-02-03,448,7,3,1,1778736,0,Tarjeta de Crédito,Sucursal
7287,2022-04-29,931,9,15,1,944582,0,Tarjeta de Crédito,Sucursal
7288,2026-03-21,1208,11,14,3,1298880,0,Tarjeta de Crédito,Sucursal
7289,2021-07-21,327,6,8,1,1764687,10,Transferencia,Sucursal
7290,2022-11-08,875,11,14,1,1298880,5,Tarjeta de Débito,Sucursal
7291,2023-05-09,1989,14,2,1,2132068,5,Tarjeta de Crédito,Online
7292,2022-12-20,1304,12,6,2,1844344,5,Tarjeta de Crédito,Sucursal
7293,2025-06-11,1038,12,20,3,1844344,20,Tarjeta de Débito,Sucursal
7294,2022-06-12,1983,19,19,1,1030169,10,Tarjeta de Débito,Sucursal
7295,2024-03-18,1861,11,4,1,1298880,20,Transferencia,Sucursal
7296,2023-05-01,1272,10,12,1,2261684,15,Mercado Pago,Sucursal
7297,2021-12-09,677,2,7,1,1484902,0,Tarjeta de Débito,Online
7298,2021-09-24,484,21,20,1,1989781,0,Tarjeta de Crédito,Online
7299,2025-11-27,1855,18,17,4,1042885,10,Efectivo,Sucursal
7300,2025-05-02,181,3,18,1,1748036,0,Tarjeta de Crédito,Sucursal
7301,2025-06-20,676,18,4,2,1042885,0,Tarjeta de Crédito,Sucursal
7302,2022-01-30,1327,23,16,1,1928958,5,Mercado Pago,Online
7303,2025-12-02,1946,20,20,1,2236130,0,Mercado Pago,Sucursal
7304,2026-04-02,1780,21,13,3,1989781,0,Mercado Pago,Sucursal
7305,2023-12-17,1056,7,8,1,1778736,0,Mercado Pago,Sucursal
7306,2024-09-25,444,20,18,1,2236130,5,Tarjeta de Crédito,Sucursal
7307,2022-06-19,1568,10,5,1,2261684,0,Efectivo,Online
7308,2022-10-09,26,9,11,3,944582,0,Tarjeta de Crédito,Sucursal
7309,2025-07-21,143,24,6,1,1763627,0,Tarjeta de Crédito,Online
7310,2021-08-29,390,5,16,1,658866,0,Transferencia,Online
7311,2022-02-23,501,22,2,2,1797606,10,Efectivo,Sucursal
7312,2021-07-27,415,18,3,2,1042885,5,Tarjeta de Débito,Sucursal
7313,2022-08-04,1307,18,1,1,1042885,10,Efectivo,Sucursal
7314,2025-08-19,133,18,1,1,1042885,0,Tarjeta de Crédito,Sucursal
7315,2022-03-13,708,19,2,2,1030169,10,Tarjeta de Crédito,Sucursal
7316,2023-12-02,1325,3,16,1,1748036,15,Tarjeta de Débito,Online
7317,2022-10-27,1844,14,13,1,2132068,5,Tarjeta de Crédito,Sucursal
7318,2022-12-16,592,5,13,1,658866,0,Tarjeta de Débito,Sucursal
7319,2023-04-09,852,24,16,1,1763627,5,Transferencia,Online
7320,2023-01-23,1460,10,11,1,2261684,0,Tarjeta de Crédito,Sucursal
7321,2023-05-09,1683,15,15,1,2254306,20,Transferencia,Sucursal
7322,2025-02-26,252,5,7,2,658866,0,Tarjeta de Débito,Sucursal
7323,2024-08-14,402,18,6,1,1042885,0,Efectivo,Sucursal
7324,2023-09-04,200,25,14,1,1853677,0,Tarjeta de Crédito,Sucursal
7325,2024-10-30,1109,21,12,1,1989781,0,Tarjeta de Crédito,Sucursal
7326,2023-05-13,863,11,2,1,1298880,5,Tarjeta de Débito,Sucursal
7327,2022-10-05,1030,4,12,2,2160479,15,Tarjeta de Crédito,Online
7328,2022-12-28,1481,10,4,3,2261684,10,Tarjeta de Crédito,Sucursal
7329,2021-12-03,833,21,8,1,1989781,15,Mercado Pago,Sucursal
7330,2022-08-02,1938,19,19,2,1030169,0,Tarjeta de Crédito,Sucursal
7331,2023-01-22,1001,14,11,2,2132068,0,Tarjeta de Crédito,Sucursal
7332,2023-10-13,1601,21,11,2,1989781,0,Tarjeta de Débito,Sucursal
7333,2024-07-10,1575,7,20,1,1778736,0,Mercado Pago,Sucursal
7334,2025-03-21,1253,1,8,1,934942,10,Transferencia,Sucursal
7335,2022-01-13,201,10,11,1,2261684,15,Mercado Pago,Sucursal
7336,2023-06-16,16,13,2,5,1102174,0,Mercado Pago,Online
7337,2025-06-22,1766,2,17,1,1484902,0,Tarjeta de Crédito,Sucursal
7338,2021-08-08,463,10,16,1,2261684,15,Tarjeta de Crédito,Sucursal
7339,2022-09-29,469,7,10,1,1778736,10,Mercado Pago,Sucursal
7340,2022-10-05,1028,4,2,1,2160479,0,Tarjeta de Débito,Sucursal
7341,2025-05-02,1316,15,4,1,2254306,5,Tarjeta de Débito,Online
7342,2023-01-15,787,10,18,4,2261684,20,Mercado Pago,Sucursal
7343,2023-12-07,1211,8,11,1,1661179,0,Transferencia,Online
7344,2026-02-01,1954,10,13,2,2261684,10,Tarjeta de Débito,Sucursal
7345,2025-05-08,718,23,17,1,1928958,0,Tarjeta de Crédito,Online
7346,2025-09-05,1660,10,16,1,2261684,0,Tarjeta de Crédito,Sucursal
7347,2023-01-05,496,17,16,4,1455169,0,Tarjeta de Crédito,Sucursal
7348,2021-09-13,312,12,6,5,1844344,0,Tarjeta de Crédito,Sucursal
7349,2022-11-02,993,12,19,1,1844344,5,Tarjeta de Crédito,Sucursal
7350,2026-01-11,483,12,8,2,1844344,0,Tarjeta de Crédito,Online
7351,2025-09-18,1026,24,2,2,1763627,10,Tarjeta de Crédito,Online
7352,2023-04-16,995,15,6,1,2254306,0,Mercado Pago,Sucursal
7353,2023-05-13,1123,13,14,2,1102174,0,Tarjeta de Crédito,Sucursal
7354,2023-11-25,1728,23,7,3,1928958,0,Mercado Pago,Sucursal
7355,2025-02-04,185,14,14,2,2132068,15,Tarjeta de Débito,Sucursal
7356,2022-09-03,688,22,13,1,1797606,0,Efectivo,Sucursal
7357,2024-12-19,209,13,14,1,1102174,0,Tarjeta de Crédito,Sucursal
7358,2022-03-05,849,9,10,2,944582,0,Tarjeta de Crédito,Online
7359,2022-01-29,1392,16,1,1,954116,5,Mercado Pago,Sucursal
7360,2021-09-27,318,2,10,1,1484902,0,Tarjeta de Crédito,Online
7361,2021-09-01,1998,12,16,2,1844344,10,Mercado Pago,Sucursal
7362,2025-06-26,782,23,9,1,1928958,0,Transferencia,Sucursal
7363,2025-11-30,551,10,10,1,2261684,0,Tarjeta de Crédito,Sucursal
7364,2026-06-21,874,23,14,1,1928958,10,Tarjeta de Crédito,Sucursal
7365,2026-01-29,30,7,5,1,1778736,10,Tarjeta de Crédito,Sucursal
7366,2024-02-16,288,18,7,1,1042885,30,Mercado Pago,Sucursal
7367,2026-05-02,1555,5,12,1,658866,0,Tarjeta de Crédito,Sucursal
7368,2022-08-19,305,11,18,4,1298880,20,Tarjeta de Crédito,Online
7369,2024-01-12,988,3,2,1,1748036,5,Tarjeta de Débito,Sucursal
7370,2023-04-21,1704,15,15,3,2254306,5,Mercado Pago,Sucursal
7371,2023-04-12,553,1,7,3,934942,5,Tarjeta de Crédito,Sucursal
7372,2024-01-26,1106,6,20,3,1764687,0,Tarjeta de Crédito,Sucursal
7373,2023-12-01,1794,15,5,1,2254306,15,Tarjeta de Débito,Sucursal
7374,2024-01-21,569,14,17,2,2132068,0,Efectivo,Sucursal
7375,2022-06-23,1859,14,7,1,2132068,5,Transferencia,Online
7376,2022-12-24,774,12,18,2,1844344,0,Tarjeta de Crédito,Online
7377,2024-08-22,1891,9,4,1,944582,10,Tarjeta de Débito,Sucursal
7378,2025-05-03,1707,13,8,2,1102174,5,Transferencia,Sucursal
7379,2021-07-27,111,16,10,1,954116,0,Tarjeta de Débito,Sucursal
7380,2024-02-06,227,22,18,1,1797606,10,Tarjeta de Crédito,Sucursal
7381,2026-03-01,21,11,7,1,1298880,0,Mercado Pago,Sucursal
7382,2022-05-20,1517,19,17,2,1030169,10,Tarjeta de Crédito,Sucursal
7383,2025-07-11,274,22,5,1,1797606,0,Efectivo,Sucursal
7384,2025-09-04,595,12,7,3,1844344,0,Tarjeta de Crédito,Online
7385,2023-04-01,1026,9,8,1,944582,15,Mercado Pago,Sucursal
7386,2023-08-12,689,24,9,1,1763627,0,Tarjeta de Débito,Online
7387,2022-12-05,23,25,16,1,1853677,0,Tarjeta de Crédito,Sucursal
7388,2025-12-11,1160,1,2,1,934942,0,Tarjeta de Débito,Sucursal
7389,2024-10-24,1320,15,2,1,2254306,5,Efectivo,Online
7390,2022-12-06,1662,15,9,1,2254306,0,Tarjeta de Débito,Online
7391,2021-09-10,763,13,10,1,1102174,10,Mercado Pago,Sucursal
7392,2025-05-10,1076,15,10,1,2254306,5,Tarjeta de Débito,Sucursal
7393,2022-07-26,758,16,13,1,954116,15,Mercado Pago,Sucursal
7394,2024-11-21,442,17,6,4,1455169,0,Tarjeta de Crédito,Sucursal
7395,2023-06-09,1290,13,11,1,1102174,0,Tarjeta de Crédito,Sucursal
7396,2024-04-21,1320,1,10,1,934942,20,Tarjeta de Crédito,Online
7397,2024-09-22,522,6,11,1,1764687,0,Tarjeta de Débito,Sucursal
7398,2022-07-05,1905,7,17,1,1778736,0,Mercado Pago,Sucursal
7399,2022-04-29,1985,7,6,1,1778736,20,Tarjeta de Crédito,Sucursal
7400,2022-01-30,339,22,10,1,1797606,20,Tarjeta de Crédito,Sucursal
7401,2021-08-15,783,4,2,1,2160479,0,Tarjeta de Débito,Sucursal
7402,2021-07-09,523,15,17,1,2254306,10,Tarjeta de Crédito,Sucursal
7403,2026-01-30,1960,2,11,1,1484902,0,Mercado Pago,Sucursal
7404,2021-12-23,176,20,19,2,2236130,0,Tarjeta de Crédito,Online
7405,2022-10-24,175,1,7,1,934942,10,Transferencia,Sucursal
7406,2026-05-30,628,6,20,1,1764687,10,Tarjeta de Crédito,Sucursal
7407,2023-12-01,721,23,13,1,1928958,0,Transferencia,Sucursal
7408,2025-01-22,372,19,18,1,1030169,0,Mercado Pago,Sucursal
7409,2026-01-18,54,5,7,2,658866,5,Mercado Pago,Online
7410,2026-05-15,1249,17,16,1,1455169,5,Tarjeta de Crédito,Sucursal
7411,2022-03-18,1044,21,14,1,1989781,0,Tarjeta de Crédito,Sucursal
7412,2021-07-16,1887,1,18,1,934942,0,Mercado Pago,Sucursal
7413,2021-08-24,111,16,10,2,954116,0,Mercado Pago,Sucursal
7414,2023-09-10,29,5,13,1,658866,10,Tarjeta de Débito,Sucursal
7415,2025-03-19,561,9,12,1,944582,10,Transferencia,Online
7416,2025-05-13,852,25,8,1,1853677,0,Tarjeta de Débito,Sucursal
7417,2023-05-03,60,16,5,4,954116,5,Mercado Pago,Online
7418,2023-03-12,564,3,3,1,1748036,20,Tarjeta de Crédito,Sucursal
7419,2023-11-11,1846,18,5,1,1042885,0,Tarjeta de Crédito,Sucursal
7420,2021-10-17,929,19,17,3,1030169,5,Transferencia,Sucursal
7421,2024-11-18,325,2,9,1,1484902,0,Tarjeta de Crédito,Sucursal
7422,2026-03-26,815,12,18,3,1844344,0,Tarjeta de Crédito,Sucursal
7423,2024-08-28,249,3,3,1,1748036,0,Tarjeta de Crédito,Sucursal
7424,2026-06-05,1777,11,8,1,1298880,0,Tarjeta de Crédito,Online
7425,2022-03-17,391,17,9,1,1455169,10,Efectivo,Sucursal
7426,2024-09-28,1510,13,17,2,1102174,0,Efectivo,Online
7427,2022-10-15,289,16,14,1,954116,20,Tarjeta de Crédito,Sucursal
7428,2024-05-26,1402,24,13,1,1763627,0,Tarjeta de Débito,Online
7429,2023-10-21,1220,8,15,1,1661179,0,Tarjeta de Crédito,Sucursal
7430,2026-02-11,47,17,9,2,1455169,0,Tarjeta de Crédito,Sucursal
7431,2022-11-15,150,15,8,1,2254306,0,Tarjeta de Crédito,Online
7432,2023-08-05,564,8,16,2,1661179,0,Transferencia,Online
7433,2021-10-23,1227,17,8,2,1455169,5,Tarjeta de Crédito,Sucursal
7434,2025-09-27,1597,7,5,1,1778736,5,Tarjeta de Crédito,Sucursal
7435,2021-10-08,1132,5,2,1,658866,5,Tarjeta de Crédito,Sucursal
7436,2025-03-05,1916,12,4,1,1844344,0,Tarjeta de Crédito,Online
7437,2026-05-05,553,3,18,2,1748036,0,Tarjeta de Crédito,Online
7438,2025-05-03,877,12,7,1,1844344,0,Mercado Pago,Online
7439,2022-11-10,1091,12,3,1,1844344,0,Mercado Pago,Online
7440,2021-11-07,1530,12,4,1,1844344,0,Transferencia,Online
7441,2023-09-30,386,14,10,1,2132068,0,Tarjeta de Débito,Sucursal
7442,2024-08-18,1807,5,6,2,658866,0,Tarjeta de Crédito,Online
7443,2023-02-11,937,25,9,1,1853677,20,Tarjeta de Crédito,Online
7444,2025-05-14,1453,11,10,2,1298880,20,Mercado Pago,Sucursal
7445,2023-09-24,1202,14,3,1,2132068,0,Mercado Pago,Sucursal
7446,2022-07-29,849,17,20,1,1455169,0,Tarjeta de Crédito,Sucursal
7447,2024-04-16,915,4,1,1,2160479,10,Tarjeta de Crédito,Online
7448,2023-01-19,374,8,6,1,1661179,10,Transferencia,Sucursal
7449,2022-01-31,302,18,6,1,1042885,0,Mercado Pago,Sucursal
7450,2021-12-25,830,5,4,1,658866,0,Transferencia,Sucursal
7451,2026-05-31,79,18,11,2,1042885,0,Tarjeta de Crédito,Online
7452,2024-12-13,675,12,17,1,1844344,15,Tarjeta de Crédito,Sucursal
7453,2021-10-12,560,3,14,2,1748036,15,Tarjeta de Crédito,Sucursal
7454,2025-10-24,724,21,6,1,1989781,0,Tarjeta de Débito,Online
7455,2025-11-12,850,10,10,1,2261684,0,Mercado Pago,Sucursal
7456,2024-07-17,342,18,1,1,1042885,10,Tarjeta de Crédito,Online
7457,2024-02-02,1643,9,8,1,944582,10,Tarjeta de Crédito,Online
7458,2021-08-20,1583,20,2,1,2236130,5,Tarjeta de Crédito,Online
7459,2023-10-22,1669,10,5,1,2261684,0,Mercado Pago,Sucursal
7460,2021-07-31,1193,13,19,1,1102174,15,Tarjeta de Crédito,Online
7461,2021-07-14,558,3,9,5,1748036,0,Tarjeta de Crédito,Sucursal
7462,2026-03-01,1094,21,8,1,1989781,0,Tarjeta de Crédito,Online
7463,2022-02-05,378,24,10,1,1763627,0,Tarjeta de Crédito,Sucursal
7464,2023-01-21,1908,6,15,2,1764687,0,Transferencia,Sucursal
7465,2023-11-11,244,7,7,2,1778736,5,Transferencia,Online
7466,2024-11-09,1511,21,9,1,1989781,5,Mercado Pago,Sucursal
7467,2023-09-14,1582,12,20,4,1844344,10,Tarjeta de Crédito,Sucursal
7468,2025-11-11,1613,19,5,1,1030169,5,Tarjeta de Débito,Sucursal
7469,2023-04-22,1103,16,6,3,954116,10,Tarjeta de Débito,Online
7470,2022-09-23,1432,23,13,1,1928958,5,Tarjeta de Débito,Sucursal
7471,2021-08-16,940,21,3,2,1989781,10,Tarjeta de Crédito,Online
7472,2023-04-24,1282,21,5,1,1989781,0,Tarjeta de Débito,Online
7473,2021-11-01,659,6,18,1,1764687,0,Transferencia,Sucursal
7474,2024-02-24,563,10,13,1,2261684,0,Mercado Pago,Sucursal
7475,2023-04-12,1323,16,10,2,954116,0,Mercado Pago,Online
7476,2022-10-30,716,15,1,1,2254306,0,Tarjeta de Débito,Online
7477,2026-04-22,1265,21,19,1,1989781,0,Tarjeta de Crédito,Sucursal
7478,2024-03-15,362,2,17,1,1484902,0,Tarjeta de Crédito,Sucursal
7479,2023-09-17,1012,18,15,1,1042885,0,Tarjeta de Crédito,Sucursal
7480,2025-04-15,1386,22,11,1,1797606,0,Tarjeta de Crédito,Online
7481,2023-09-19,1262,23,15,2,1928958,10,Tarjeta de Crédito,Sucursal
7482,2023-05-28,45,1,9,1,934942,0,Tarjeta de Crédito,Sucursal
7483,2024-07-27,1167,7,11,2,1778736,30,Mercado Pago,Online
7484,2025-02-24,283,20,3,1,2236130,15,Efectivo,Sucursal
7485,2023-12-29,634,19,8,2,1030169,0,Tarjeta de Crédito,Online
7486,2024-04-23,413,1,14,1,934942,0,Tarjeta de Crédito,Sucursal
7487,2025-06-29,698,8,9,4,1661179,5,Transferencia,Online
7488,2024-03-10,1342,7,12,1,1778736,15,Tarjeta de Crédito,Online
7489,2022-11-27,1824,18,5,2,1042885,0,Tarjeta de Crédito,Sucursal
7490,2022-07-23,1746,16,11,1,954116,20,Mercado Pago,Online
7491,2023-01-26,1062,25,6,2,1853677,0,Mercado Pago,Sucursal
7492,2023-05-23,440,16,4,1,954116,15,Tarjeta de Crédito,Sucursal
7493,2022-12-22,585,20,2,1,2236130,10,Tarjeta de Crédito,Sucursal
7494,2023-10-08,547,23,19,1,1928958,0,Tarjeta de Crédito,Sucursal
7495,2025-11-19,627,1,8,3,934942,10,Tarjeta de Crédito,Online
7496,2023-12-25,383,13,3,2,1102174,30,Transferencia,Sucursal
7497,2023-08-29,1281,1,19,1,934942,0,Transferencia,Online
7498,2023-12-06,1995,17,17,1,1455169,30,Transferencia,Online
7499,2022-10-23,1461,18,5,1,1042885,0,Tarjeta de Crédito,Online
7500,2026-06-08,106,23,15,4,1928958,10,Transferencia,Online
7501,2025-08-30,1868,5,1,2,658866,5,Mercado Pago,Sucursal
7502,2022-01-28,27,8,8,1,1661179,20,Tarjeta de Crédito,Sucursal
7503,2024-09-26,234,22,10,1,1797606,0,Tarjeta de Crédito,Online
7504,2024-09-04,340,5,18,1,658866,5,Tarjeta de Crédito,Sucursal
7505,2026-05-17,468,2,18,1,1484902,0,Tarjeta de Crédito,Sucursal
7506,2024-07-15,689,1,6,1,934942,0,Tarjeta de Crédito,Sucursal
7507,2021-08-02,1082,23,17,1,1928958,5,Tarjeta de Crédito,Sucursal
7508,2026-04-26,1898,9,4,1,944582,15,Mercado Pago,Online
7509,2024-02-03,240,8,1,1,1661179,10,Efectivo,Online
7510,2022-04-01,1443,20,5,1,2236130,0,Tarjeta de Crédito,Online
7511,2024-05-25,1027,15,11,1,2254306,0,Tarjeta de Crédito,Online
7512,2023-08-26,178,7,17,2,1778736,0,Mercado Pago,Sucursal
7513,2022-07-30,1552,4,15,1,2160479,5,Tarjeta de Crédito,Sucursal
7514,2026-01-09,1249,13,5,1,1102174,15,Transferencia,Online
7515,2023-11-21,711,1,20,1,934942,5,Tarjeta de Crédito,Sucursal
7516,2023-04-28,1490,3,12,2,1748036,0,Tarjeta de Crédito,Sucursal
7517,2025-09-25,1932,13,18,1,1102174,5,Tarjeta de Débito,Sucursal
7518,2024-06-11,838,5,6,2,658866,10,Tarjeta de Crédito,Online
7519,2022-05-18,780,23,3,1,1928958,20,Tarjeta de Crédito,Sucursal
7520,2025-03-29,754,7,20,1,1778736,10,Tarjeta de Crédito,Online
7521,2024-12-27,1851,1,9,1,934942,0,Tarjeta de Crédito,Online
7522,2022-12-18,118,17,7,1,1455169,15,Tarjeta de Crédito,Online
7523,2025-03-24,1263,18,7,2,1042885,15,Efectivo,Sucursal
7524,2022-08-15,674,17,8,1,1455169,0,Mercado Pago,Sucursal
7525,2025-09-09,1164,24,9,1,1763627,5,Tarjeta de Crédito,Sucursal
7526,2025-07-30,1414,23,5,3,1928958,30,Tarjeta de Crédito,Online
7527,2025-09-10,871,14,18,1,2132068,5,Tarjeta de Crédito,Sucursal
7528,2023-01-08,1861,25,1,4,1853677,0,Tarjeta de Crédito,Sucursal
7529,2026-02-07,176,10,2,1,2261684,0,Tarjeta de Crédito,Online
7530,2025-01-21,1027,18,19,1,1042885,0,Tarjeta de Crédito,Sucursal
7531,2022-01-15,352,12,3,4,1844344,0,Transferencia,Sucursal
7532,2024-07-03,1850,19,14,2,1030169,15,Tarjeta de Crédito,Online
7533,2023-04-29,263,5,4,1,658866,0,Tarjeta de Crédito,Sucursal
7534,2024-11-17,205,24,16,1,1763627,10,Mercado Pago,Sucursal
7535,2022-02-21,875,1,10,2,934942,5,Tarjeta de Débito,Sucursal
7536,2025-08-09,767,2,20,1,1484902,0,Tarjeta de Crédito,Sucursal
7537,2022-07-28,1838,2,16,2,1484902,20,Tarjeta de Crédito,Sucursal
7538,2022-09-15,285,1,10,2,934942,0,Tarjeta de Crédito,Sucursal
7539,2022-04-02,1658,2,3,1,1484902,10,Mercado Pago,Sucursal
7540,2026-06-29,1854,11,18,1,1298880,10,Tarjeta de Crédito,Online
7541,2024-02-05,910,9,13,1,944582,20,Efectivo,Sucursal
7542,2025-08-12,1198,20,15,1,2236130,20,Tarjeta de Crédito,Online
7543,2023-01-29,872,8,11,1,1661179,0,Tarjeta de Crédito,Sucursal
7544,2023-02-20,1954,20,5,2,2236130,5,Tarjeta de Crédito,Sucursal
7545,2026-01-30,1707,19,7,1,1030169,5,Tarjeta de Débito,Sucursal
7546,2024-07-16,373,24,8,1,1763627,10,Tarjeta de Débito,Sucursal
7547,2021-08-05,1401,13,10,3,1102174,0,Efectivo,Online
7548,2022-01-22,743,12,14,1,1844344,0,Tarjeta de Débito,Online
7549,2024-04-23,1408,12,17,1,1844344,0,Transferencia,Sucursal
7550,2022-11-23,1463,10,20,1,2261684,10,Tarjeta de Crédito,Online
7551,2021-11-13,849,24,19,3,1763627,0,Mercado Pago,Sucursal
7552,2025-10-13,1457,5,1,2,658866,0,Transferencia,Sucursal
7553,2023-04-26,1862,24,1,2,1763627,10,Tarjeta de Crédito,Sucursal
7554,2022-10-21,1500,14,12,1,2132068,10,Tarjeta de Crédito,Sucursal
7555,2024-12-08,1813,6,4,2,1764687,0,Mercado Pago,Online
7556,2021-10-10,464,4,16,1,2160479,20,Tarjeta de Crédito,Sucursal
7557,2023-06-04,468,25,20,2,1853677,20,Mercado Pago,Sucursal
7558,2025-02-27,1858,12,3,1,1844344,0,Tarjeta de Débito,Online
7559,2025-08-26,320,20,13,2,2236130,10,Mercado Pago,Sucursal
7560,2022-06-26,1187,2,7,1,1484902,10,Tarjeta de Débito,Sucursal
7561,2025-08-06,126,23,20,1,1928958,0,Mercado Pago,Sucursal
7562,2024-10-19,1807,10,15,2,2261684,0,Tarjeta de Crédito,Online
7563,2025-08-13,1068,20,18,2,2236130,10,Transferencia,Sucursal
7564,2022-02-06,1542,1,7,2,934942,0,Tarjeta de Débito,Sucursal
7565,2024-09-07,1452,13,5,1,1102174,0,Tarjeta de Crédito,Sucursal
7566,2022-03-17,1183,19,1,2,1030169,0,Transferencia,Sucursal
7567,2022-06-27,1121,17,16,1,1455169,20,Mercado Pago,Sucursal
7568,2024-08-29,587,20,14,1,2236130,5,Tarjeta de Débito,Sucursal
7569,2025-11-06,645,17,4,4,1455169,0,Tarjeta de Débito,Online
7570,2025-01-14,1956,7,17,3,1778736,0,Mercado Pago,Online
7571,2023-01-06,1976,7,17,1,1778736,0,Mercado Pago,Sucursal
7572,2023-04-03,214,21,10,3,1989781,10,Tarjeta de Crédito,Sucursal
7573,2023-10-15,1151,14,9,1,2132068,20,Tarjeta de Débito,Sucursal
7574,2022-01-05,810,1,13,1,934942,0,Tarjeta de Crédito,Sucursal
7575,2022-12-13,212,5,11,3,658866,0,Tarjeta de Crédito,Online
7576,2023-03-20,444,19,18,2,1030169,0,Tarjeta de Crédito,Sucursal
7577,2021-08-01,1993,19,13,1,1030169,0,Tarjeta de Débito,Sucursal
7578,2025-05-07,1669,22,13,1,1797606,0,Tarjeta de Crédito,Sucursal
7579,2021-07-24,1745,7,11,1,1778736,0,Tarjeta de Débito,Sucursal
7580,2024-07-13,511,21,17,1,1989781,5,Tarjeta de Crédito,Online
7581,2023-07-01,1820,12,11,1,1844344,10,Mercado Pago,Sucursal
7582,2024-03-07,1586,23,19,1,1928958,30,Tarjeta de Crédito,Sucursal
7583,2023-11-20,269,5,1,1,658866,10,Tarjeta de Crédito,Sucursal
7584,2022-12-08,1764,25,18,1,1853677,0,Mercado Pago,Online
7585,2025-05-10,1597,15,17,1,2254306,10,Mercado Pago,Sucursal
7586,2024-04-28,1792,17,13,2,1455169,10,Tarjeta de Crédito,Sucursal
7587,2022-12-17,80,15,13,3,2254306,0,Transferencia,Sucursal
7588,2023-12-23,339,25,4,1,1853677,5,Mercado Pago,Sucursal
7589,2021-07-17,133,2,11,1,1484902,10,Tarjeta de Débito,Online
7590,2023-12-25,1687,12,12,1,1844344,0,Tarjeta de Crédito,Sucursal
7591,2026-05-31,1005,1,14,2,934942,0,Transferencia,Sucursal
7592,2022-04-18,1044,3,9,1,1748036,10,Mercado Pago,Online
7593,2021-11-08,642,13,20,1,1102174,20,Mercado Pago,Sucursal
7594,2021-08-03,489,22,14,1,1797606,0,Tarjeta de Crédito,Sucursal
7595,2022-02-15,1295,8,6,1,1661179,0,Tarjeta de Crédito,Sucursal
7596,2025-06-24,1832,6,9,1,1764687,10,Mercado Pago,Sucursal
7597,2024-09-03,434,25,16,1,1853677,10,Tarjeta de Crédito,Sucursal
7598,2023-05-30,1105,5,15,1,658866,0,Tarjeta de Crédito,Sucursal
7599,2026-04-30,686,9,12,2,944582,0,Tarjeta de Débito,Sucursal
7600,2022-07-22,1439,7,11,3,1778736,0,Mercado Pago,Sucursal
7601,2022-12-25,372,15,8,1,2254306,20,Efectivo,Online
7602,2021-08-25,1053,15,18,1,2254306,0,Tarjeta de Crédito,Online
7603,2024-04-12,1980,24,12,4,1763627,15,Tarjeta de Crédito,Sucursal
7604,2023-11-15,1736,5,19,2,658866,0,Tarjeta de Crédito,Sucursal
7605,2022-10-14,1,18,2,1,1042885,5,Transferencia,Sucursal
7606,2026-02-28,1862,3,9,3,1748036,30,Tarjeta de Crédito,Online
7607,2026-05-16,1952,12,5,1,1844344,10,Tarjeta de Débito,Sucursal
7608,2024-02-05,574,19,7,2,1030169,0,Tarjeta de Crédito,Sucursal
7609,2023-01-14,216,2,10,2,1484902,5,Tarjeta de Débito,Sucursal
7610,2024-07-31,1734,16,4,1,954116,0,Tarjeta de Crédito,Sucursal
7611,2025-02-07,1238,23,7,1,1928958,10,Tarjeta de Débito,Online
7612,2025-12-21,713,15,7,1,2254306,0,Tarjeta de Crédito,Online
7613,2025-01-02,800,25,8,1,1853677,0,Tarjeta de Débito,Sucursal
7614,2025-06-19,1272,20,15,2,2236130,15,Tarjeta de Crédito,Sucursal
7615,2023-01-30,830,19,2,1,1030169,0,Tarjeta de Débito,Online
7616,2025-10-09,809,25,11,4,1853677,10,Tarjeta de Débito,Sucursal
7617,2025-06-05,1961,20,6,2,2236130,10,Mercado Pago,Online
7618,2024-10-13,1361,5,15,1,658866,0,Tarjeta de Crédito,Online
7619,2026-05-16,468,18,14,1,1042885,0,Tarjeta de Crédito,Sucursal
7620,2025-01-01,852,21,6,1,1989781,0,Tarjeta de Crédito,Sucursal
7621,2023-07-26,1684,9,1,1,944582,10,Mercado Pago,Online
7622,2026-06-18,1736,5,5,2,658866,5,Tarjeta de Crédito,Sucursal
7623,2021-11-18,990,2,19,2,1484902,0,Tarjeta de Crédito,Sucursal
7624,2022-02-28,1416,22,17,1,1797606,0,Tarjeta de Crédito,Sucursal
7625,2022-02-22,428,5,6,1,658866,0,Tarjeta de Crédito,Sucursal
7626,2026-06-22,1601,7,16,1,1778736,0,Mercado Pago,Online
7627,2024-06-30,1999,4,14,1,2160479,0,Tarjeta de Crédito,Sucursal
7628,2023-10-17,683,1,12,1,934942,15,Tarjeta de Crédito,Online
7629,2022-11-02,246,11,18,1,1298880,15,Tarjeta de Crédito,Sucursal
7630,2023-02-24,751,22,20,1,1797606,0,Tarjeta de Crédito,Sucursal
7631,2026-05-09,4,12,11,1,1844344,0,Tarjeta de Crédito,Sucursal
7632,2024-05-06,102,17,8,1,1455169,5,Tarjeta de Débito,Sucursal
7633,2022-10-05,1591,6,19,1,1764687,15,Tarjeta de Crédito,Sucursal
7634,2021-12-05,703,8,4,2,1661179,0,Tarjeta de Crédito,Sucursal
7635,2024-06-14,200,15,8,1,2254306,0,Tarjeta de Débito,Sucursal
7636,2025-08-03,1418,19,9,1,1030169,0,Tarjeta de Crédito,Sucursal
7637,2022-03-06,814,7,10,1,1778736,10,Mercado Pago,Sucursal
7638,2023-01-07,1996,23,13,3,1928958,0,Tarjeta de Crédito,Online
7639,2022-03-25,1519,21,15,1,1989781,10,Tarjeta de Crédito,Sucursal
7640,2022-07-07,125,19,20,2,1030169,0,Mercado Pago,Online
7641,2026-06-29,1587,12,1,1,1844344,0,Tarjeta de Crédito,Online
7642,2023-06-24,434,18,18,3,1042885,30,Transferencia,Sucursal
7643,2023-07-17,697,15,18,2,2254306,0,Tarjeta de Crédito,Sucursal
7644,2025-01-10,1304,22,7,1,1797606,15,Tarjeta de Crédito,Online
7645,2023-06-03,1543,7,3,1,1778736,10,Tarjeta de Crédito,Online
7646,2022-03-16,1376,21,17,1,1989781,30,Mercado Pago,Sucursal
7647,2025-02-15,185,5,18,1,658866,15,Tarjeta de Débito,Online
7648,2023-10-07,1947,24,15,1,1763627,5,Tarjeta de Crédito,Sucursal
7649,2025-06-07,1958,19,2,1,1030169,0,Mercado Pago,Sucursal
7650,2025-09-05,810,18,6,1,1042885,0,Tarjeta de Crédito,Sucursal
7651,2021-07-22,867,2,20,3,1484902,0,Tarjeta de Crédito,Sucursal
7652,2021-10-12,140,3,15,1,1748036,0,Tarjeta de Débito,Sucursal
7653,2025-05-29,1251,9,14,1,944582,0,Mercado Pago,Sucursal
7654,2022-07-18,242,20,6,1,2236130,0,Tarjeta de Crédito,Online
7655,2024-07-13,1614,3,12,1,1748036,15,Mercado Pago,Sucursal
7656,2025-01-10,445,21,2,1,1989781,0,Tarjeta de Crédito,Online
7657,2025-06-03,1337,6,6,3,1764687,20,Mercado Pago,Sucursal
7658,2022-11-23,1643,25,11,2,1853677,0,Tarjeta de Crédito,Sucursal
7659,2024-06-15,490,13,16,1,1102174,15,Tarjeta de Débito,Sucursal
7660,2024-11-14,736,12,7,1,1844344,10,Tarjeta de Crédito,Sucursal
7661,2024-12-16,489,8,11,5,1661179,0,Mercado Pago,Sucursal
7662,2025-01-17,385,18,17,1,1042885,0,Transferencia,Sucursal
7663,2023-01-01,152,18,11,2,1042885,5,Mercado Pago,Sucursal
7664,2022-03-06,1615,10,8,1,2261684,0,Tarjeta de Crédito,Online
7665,2021-07-16,130,17,4,1,1455169,5,Tarjeta de Crédito,Sucursal
7666,2024-08-28,113,21,15,1,1989781,10,Tarjeta de Crédito,Online
7667,2024-08-23,1666,7,2,1,1778736,0,Tarjeta de Crédito,Online
7668,2025-02-02,1636,13,12,1,1102174,0,Transferencia,Online
7669,2023-02-26,1103,10,17,1,2261684,15,Tarjeta de Débito,Sucursal
7670,2023-12-31,520,11,6,1,1298880,5,Tarjeta de Débito,Sucursal
7671,2024-05-05,1723,25,2,2,1853677,0,Tarjeta de Crédito,Sucursal
7672,2023-08-07,566,16,10,1,954116,0,Tarjeta de Crédito,Sucursal
7673,2025-03-14,1239,12,1,1,1844344,0,Mercado Pago,Online
7674,2022-10-01,1974,10,10,1,2261684,0,Tarjeta de Crédito,Online
7675,2023-10-11,1694,3,15,1,1748036,10,Tarjeta de Débito,Online
7676,2025-01-14,279,15,8,1,2254306,15,Tarjeta de Crédito,Sucursal
7677,2025-06-07,1705,4,18,1,2160479,0,Tarjeta de Crédito,Sucursal
7678,2025-01-18,1425,21,8,2,1989781,10,Tarjeta de Débito,Online
7679,2023-06-27,167,5,5,2,658866,5,Tarjeta de Débito,Online
7680,2022-11-29,750,24,15,1,1763627,0,Mercado Pago,Sucursal
7681,2022-09-28,586,18,1,2,1042885,0,Tarjeta de Débito,Sucursal
7682,2023-01-30,1478,22,4,1,1797606,0,Tarjeta de Débito,Sucursal
7683,2026-01-01,1409,6,18,2,1764687,0,Mercado Pago,Sucursal
7684,2025-08-03,1063,24,6,1,1763627,10,Tarjeta de Débito,Sucursal
7685,2023-04-15,826,7,10,3,1778736,0,Tarjeta de Débito,Sucursal
7686,2025-11-09,470,8,14,1,1661179,30,Tarjeta de Débito,Sucursal
7687,2026-04-20,176,16,11,1,954116,0,Tarjeta de Crédito,Sucursal
7688,2024-04-18,1538,7,20,1,1778736,0,Transferencia,Sucursal
7689,2023-06-14,1335,17,12,2,1455169,10,Efectivo,Sucursal
7690,2024-01-05,1026,23,6,1,1928958,20,Tarjeta de Crédito,Sucursal
7691,2024-03-02,1288,2,14,1,1484902,0,Tarjeta de Crédito,Sucursal
7692,2024-04-30,102,9,16,1,944582,0,Mercado Pago,Online
7693,2025-04-12,484,21,18,1,1989781,0,Tarjeta de Crédito,Sucursal
7694,2025-01-11,512,20,16,1,2236130,5,Transferencia,Sucursal
7695,2023-12-19,239,7,9,1,1778736,20,Tarjeta de Crédito,Sucursal
7696,2024-05-09,1472,21,14,1,1989781,0,Transferencia,Online
7697,2025-05-15,1486,6,10,1,1764687,0,Tarjeta de Crédito,Sucursal
7698,2022-08-19,1914,10,7,1,2261684,5,Tarjeta de Débito,Online
7699,2025-08-28,1146,14,10,1,2132068,0,Tarjeta de Crédito,Online
7700,2022-04-08,534,24,10,1,1763627,0,Tarjeta de Crédito,Sucursal
7701,2026-03-25,1486,1,13,2,934942,0,Mercado Pago,Sucursal
7702,2025-07-23,1870,8,19,1,1661179,20,Tarjeta de Crédito,Sucursal
7703,2023-06-04,1482,16,6,1,954116,0,Tarjeta de Crédito,Online
7704,2026-02-14,323,17,6,2,1455169,5,Tarjeta de Crédito,Sucursal
7705,2025-07-20,1890,13,5,1,1102174,0,Tarjeta de Crédito,Sucursal
7706,2025-03-30,1850,1,16,1,934942,0,Tarjeta de Débito,Online
7707,2025-04-29,1783,19,13,1,1030169,10,Tarjeta de Crédito,Sucursal
7708,2022-12-05,1667,20,3,5,2236130,0,Efectivo,Online
7709,2024-04-10,757,1,17,1,934942,0,Tarjeta de Crédito,Online
7710,2022-09-06,391,22,18,2,1797606,0,Tarjeta de Débito,Online
7711,2025-08-02,422,4,3,2,2160479,0,Mercado Pago,Sucursal
7712,2021-08-15,1901,11,19,2,1298880,0,Mercado Pago,Online
7713,2021-10-28,1763,12,15,1,1844344,10,Tarjeta de Crédito,Online
7714,2024-01-02,851,1,2,3,934942,0,Tarjeta de Crédito,Sucursal
7715,2025-01-03,1663,1,11,3,934942,0,Mercado Pago,Sucursal
7716,2025-02-13,1483,23,9,2,1928958,0,Tarjeta de Débito,Sucursal
7717,2021-09-20,1654,15,16,2,2254306,0,Tarjeta de Crédito,Sucursal
7718,2022-08-21,1670,10,7,1,2261684,0,Mercado Pago,Sucursal
7719,2026-05-26,41,6,1,2,1764687,10,Transferencia,Online
7720,2023-09-13,708,18,12,4,1042885,10,Tarjeta de Débito,Sucursal
7721,2025-08-12,1257,11,18,2,1298880,10,Tarjeta de Crédito,Online
7722,2025-08-12,1616,22,3,2,1797606,15,Mercado Pago,Sucursal
7723,2026-05-01,1009,15,15,1,2254306,0,Tarjeta de Crédito,Sucursal
7724,2025-03-26,1678,13,17,2,1102174,0,Tarjeta de Crédito,Sucursal
7725,2024-08-05,282,1,11,1,934942,5,Tarjeta de Crédito,Sucursal
7726,2023-09-02,691,8,17,1,1661179,5,Tarjeta de Débito,Online
7727,2023-07-27,132,17,2,1,1455169,0,Tarjeta de Crédito,Sucursal
7728,2024-07-21,1124,25,17,1,1853677,10,Mercado Pago,Sucursal
7729,2023-04-10,815,18,3,2,1042885,15,Mercado Pago,Online
7730,2023-01-19,1199,19,5,1,1030169,0,Tarjeta de Débito,Sucursal
7731,2022-09-20,1974,16,19,2,954116,20,Tarjeta de Crédito,Sucursal
7732,2023-02-27,826,21,10,1,1989781,0,Tarjeta de Crédito,Sucursal
7733,2025-12-07,1232,3,5,1,1748036,0,Tarjeta de Crédito,Sucursal
7734,2022-12-09,1587,3,7,3,1748036,0,Tarjeta de Débito,Sucursal
7735,2024-10-25,298,3,11,2,1748036,5,Tarjeta de Crédito,Online
7736,2026-06-01,1791,9,15,3,944582,5,Mercado Pago,Sucursal
7737,2022-03-08,1087,8,11,1,1661179,0,Tarjeta de Crédito,Sucursal
7738,2023-02-09,1229,9,10,1,944582,0,Mercado Pago,Online
7739,2025-01-11,653,10,16,1,2261684,5,Tarjeta de Crédito,Sucursal
7740,2024-10-01,691,23,8,1,1928958,0,Mercado Pago,Sucursal
7741,2023-01-29,1923,4,17,1,2160479,10,Tarjeta de Crédito,Online
7742,2023-08-08,1869,25,9,1,1853677,0,Tarjeta de Débito,Sucursal
7743,2024-02-12,1395,25,4,1,1853677,15,Tarjeta de Crédito,Sucursal
7744,2025-07-07,1120,20,13,1,2236130,15,Efectivo,Online
7745,2025-02-07,511,18,15,2,1042885,10,Transferencia,Sucursal
7746,2021-11-06,1674,13,10,1,1102174,15,Tarjeta de Débito,Online
7747,2022-05-29,1760,3,5,1,1748036,5,Tarjeta de Débito,Online
7748,2026-02-12,529,23,18,3,1928958,10,Tarjeta de Crédito,Sucursal
7749,2024-11-23,1435,2,5,1,1484902,0,Tarjeta de Crédito,Sucursal
7750,2026-03-13,1850,14,9,1,2132068,0,Efectivo,Sucursal
7751,2023-03-23,1730,6,15,1,1764687,10,Tarjeta de Crédito,Sucursal
7752,2022-04-05,593,1,15,1,934942,10,Efectivo,Sucursal
7753,2022-12-14,509,20,12,1,2236130,10,Mercado Pago,Sucursal
7754,2022-12-19,407,4,17,1,2160479,10,Tarjeta de Crédito,Sucursal
7755,2021-10-16,305,24,13,1,1763627,0,Mercado Pago,Online
7756,2022-11-06,607,10,19,1,2261684,10,Tarjeta de Crédito,Online
7757,2024-01-22,1,20,12,1,2236130,0,Tarjeta de Crédito,Sucursal
7758,2024-06-24,1610,16,9,1,954116,15,Tarjeta de Crédito,Online
7759,2021-08-12,299,4,18,1,2160479,0,Efectivo,Sucursal
7760,2024-11-20,889,3,7,1,1748036,5,Efectivo,Online
7761,2024-03-24,839,24,13,1,1763627,10,Tarjeta de Crédito,Sucursal
7762,2021-10-17,954,5,5,1,658866,0,Tarjeta de Débito,Sucursal
7763,2021-11-26,672,11,18,2,1298880,0,Tarjeta de Crédito,Sucursal
7764,2022-04-27,407,19,6,1,1030169,10,Tarjeta de Débito,Sucursal
7765,2023-08-05,1411,5,7,2,658866,0,Mercado Pago,Sucursal
7766,2026-05-11,1659,6,11,1,1764687,0,Tarjeta de Crédito,Online
7767,2023-02-05,1046,14,15,1,2132068,0,Mercado Pago,Online
7768,2023-05-12,184,25,3,1,1853677,5,Tarjeta de Crédito,Sucursal
7769,2026-06-05,1179,13,6,1,1102174,0,Transferencia,Sucursal
7770,2022-02-06,253,15,15,1,2254306,0,Tarjeta de Crédito,Online
7771,2022-11-16,422,2,20,1,1484902,0,Tarjeta de Débito,Sucursal
7772,2021-09-06,1133,22,3,1,1797606,15,Tarjeta de Crédito,Sucursal
7773,2024-06-07,1702,24,17,1,1763627,5,Tarjeta de Crédito,Online
7774,2024-04-13,682,2,12,1,1484902,0,Mercado Pago,Sucursal
7775,2024-02-23,777,20,8,3,2236130,0,Tarjeta de Crédito,Sucursal
7776,2021-08-02,793,3,11,1,1748036,30,Tarjeta de Crédito,Sucursal
7777,2021-12-18,627,23,14,3,1928958,5,Tarjeta de Crédito,Sucursal
7778,2026-05-30,1221,19,4,1,1030169,0,Mercado Pago,Online
7779,2023-05-23,200,7,12,2,1778736,0,Tarjeta de Crédito,Sucursal
7780,2022-04-03,71,7,16,1,1778736,5,Mercado Pago,Sucursal
7781,2023-07-13,1077,13,13,2,1102174,0,Tarjeta de Crédito,Online
7782,2024-03-19,1059,17,18,1,1455169,5,Tarjeta de Crédito,Sucursal
7783,2021-09-22,369,19,11,1,1030169,10,Tarjeta de Crédito,Sucursal
7784,2021-10-29,1445,5,17,1,658866,0,Tarjeta de Crédito,Sucursal
7785,2026-07-04,427,6,14,2,1764687,10,Tarjeta de Débito,Online
7786,2021-08-28,1910,5,7,1,658866,10,Tarjeta de Crédito,Sucursal
7787,2024-01-06,226,3,11,3,1748036,0,Mercado Pago,Sucursal
7788,2021-10-23,1658,15,5,1,2254306,0,Tarjeta de Crédito,Sucursal
7789,2024-10-31,911,8,17,1,1661179,20,Mercado Pago,Sucursal
7790,2024-05-23,781,24,14,1,1763627,20,Mercado Pago,Online
7791,2025-06-24,420,10,8,1,2261684,0,Mercado Pago,Online
7792,2022-07-06,1246,3,2,1,1748036,0,Tarjeta de Débito,Sucursal
7793,2022-11-17,565,21,14,1,1989781,15,Tarjeta de Crédito,Online
7794,2022-03-18,500,13,6,1,1102174,30,Tarjeta de Débito,Sucursal
7795,2026-01-12,1869,19,9,1,1030169,0,Transferencia,Sucursal
7796,2025-04-24,946,4,2,1,2160479,0,Tarjeta de Débito,Online
7797,2022-03-04,986,18,10,2,1042885,0,Efectivo,Sucursal
7798,2023-02-01,1054,5,15,1,658866,0,Tarjeta de Crédito,Sucursal
7799,2021-11-15,857,25,14,1,1853677,0,Mercado Pago,Online
7800,2022-09-23,1418,13,16,1,1102174,0,Tarjeta de Débito,Sucursal
7801,2023-08-04,759,3,8,1,1748036,0,Tarjeta de Crédito,Online
7802,2021-08-24,446,24,14,2,1763627,0,Tarjeta de Crédito,Online
7803,2021-07-29,1456,17,14,1,1455169,10,Tarjeta de Crédito,Sucursal
7804,2025-12-18,54,9,12,1,944582,0,Mercado Pago,Online
7805,2024-03-02,1157,15,7,1,2254306,30,Tarjeta de Débito,Sucursal
7806,2022-05-04,1328,2,14,1,1484902,0,Tarjeta de Crédito,Sucursal
7807,2023-09-11,1338,9,5,1,944582,20,Tarjeta de Débito,Sucursal
7808,2025-09-18,1107,20,11,3,2236130,0,Tarjeta de Débito,Online
7809,2021-08-03,274,25,5,1,1853677,10,Tarjeta de Débito,Sucursal
7810,2021-10-26,241,15,19,1,2254306,10,Mercado Pago,Sucursal
7811,2024-01-11,1731,10,16,1,2261684,20,Mercado Pago,Online
7812,2023-01-01,877,18,13,1,1042885,10,Mercado Pago,Sucursal
7813,2024-06-10,1187,3,11,1,1748036,0,Tarjeta de Débito,Sucursal
7814,2023-07-24,1502,21,3,1,1989781,0,Tarjeta de Débito,Online
7815,2025-08-19,548,22,19,2,1797606,20,Tarjeta de Crédito,Online
7816,2024-08-27,1812,15,13,1,2254306,5,Tarjeta de Débito,Sucursal
7817,2025-07-11,481,8,9,1,1661179,0,Tarjeta de Crédito,Sucursal
7818,2023-10-01,1425,14,19,2,2132068,0,Mercado Pago,Sucursal
7819,2024-08-11,866,2,6,1,1484902,0,Tarjeta de Crédito,Sucursal
7820,2023-03-09,1070,15,13,1,2254306,20,Transferencia,Online
7821,2022-02-13,1748,23,18,1,1928958,20,Mercado Pago,Online
7822,2022-03-18,47,7,1,1,1778736,0,Tarjeta de Crédito,Sucursal
7823,2021-09-03,723,19,17,1,1030169,0,Mercado Pago,Online
7824,2024-05-12,1134,22,12,2,1797606,0,Tarjeta de Débito,Sucursal
7825,2022-05-03,526,25,20,2,1853677,0,Transferencia,Online
7826,2024-02-16,1828,25,18,1,1853677,0,Tarjeta de Crédito,Online
7827,2025-06-04,309,10,1,1,2261684,10,Efectivo,Online
7828,2024-11-28,1164,12,5,1,1844344,0,Tarjeta de Débito,Sucursal
7829,2024-09-27,1810,12,20,2,1844344,5,Transferencia,Online
7830,2024-08-23,1975,12,12,1,1844344,0,Tarjeta de Débito,Sucursal
7831,2022-01-05,343,24,14,1,1763627,15,Mercado Pago,Sucursal
7832,2024-07-23,217,13,9,1,1102174,10,Tarjeta de Crédito,Sucursal
7833,2025-01-16,1839,6,7,3,1764687,0,Transferencia,Sucursal
7834,2024-09-17,528,9,17,2,944582,0,Tarjeta de Débito,Sucursal
7835,2025-10-28,1045,12,10,1,1844344,0,Tarjeta de Débito,Online
7836,2023-03-29,339,16,9,2,954116,10,Mercado Pago,Online
7837,2021-11-18,1010,8,17,1,1661179,10,Tarjeta de Crédito,Sucursal
7838,2024-01-15,502,14,8,1,2132068,5,Mercado Pago,Sucursal
7839,2021-07-16,276,8,10,1,1661179,5,Mercado Pago,Sucursal
7840,2022-06-15,1695,5,8,1,658866,10,Mercado Pago,Sucursal
7841,2024-10-02,1840,23,4,1,1928958,10,Tarjeta de Crédito,Sucursal
7842,2023-03-29,1609,11,5,1,1298880,5,Tarjeta de Débito,Sucursal
7843,2024-03-28,1271,15,14,1,2254306,0,Mercado Pago,Sucursal
7844,2022-11-09,870,11,6,1,1298880,0,Tarjeta de Crédito,Sucursal
7845,2025-05-29,1039,5,15,1,658866,5,Tarjeta de Crédito,Sucursal
7846,2025-12-08,10,11,15,1,1298880,15,Tarjeta de Crédito,Sucursal
7847,2023-10-21,1165,18,4,2,1042885,0,Transferencia,Sucursal
7848,2025-07-29,803,17,2,2,1455169,0,Tarjeta de Crédito,Sucursal
7849,2025-09-21,989,23,20,1,1928958,10,Mercado Pago,Sucursal
7850,2025-03-24,687,14,13,2,2132068,5,Transferencia,Online
7851,2021-09-16,1478,23,7,2,1928958,0,Mercado Pago,Online
7852,2021-11-10,1344,16,17,1,954116,5,Tarjeta de Crédito,Online
7853,2022-12-13,822,20,18,5,2236130,10,Transferencia,Sucursal
7854,2021-08-15,1155,6,11,1,1764687,0,Tarjeta de Crédito,Sucursal
7855,2021-09-19,1080,15,19,2,2254306,0,Transferencia,Sucursal
7856,2023-02-12,1952,5,4,1,658866,30,Tarjeta de Crédito,Online
7857,2025-02-12,1422,3,19,1,1748036,5,Transferencia,Online
7858,2024-08-29,195,17,19,2,1455169,10,Efectivo,Sucursal
7859,2025-08-22,82,2,12,1,1484902,0,Mercado Pago,Online
7860,2021-09-15,1660,3,13,1,1748036,0,Tarjeta de Crédito,Sucursal
7861,2023-08-16,1954,19,9,1,1030169,0,Tarjeta de Crédito,Sucursal
7862,2022-04-09,1161,22,20,2,1797606,0,Tarjeta de Crédito,Sucursal
7863,2024-07-25,839,16,17,2,954116,0,Mercado Pago,Sucursal
7864,2025-05-13,1165,15,11,2,2254306,0,Mercado Pago,Sucursal
7865,2025-01-16,114,16,3,2,954116,0,Transferencia,Sucursal
7866,2023-09-02,1812,2,3,1,1484902,15,Tarjeta de Crédito,Sucursal
7867,2026-01-21,1328,25,3,1,1853677,10,Tarjeta de Crédito,Sucursal
7868,2024-05-10,520,12,11,1,1844344,10,Mercado Pago,Sucursal
7869,2023-08-06,1059,17,16,5,1455169,0,Efectivo,Online
7870,2023-02-28,372,22,3,1,1797606,0,Tarjeta de Crédito,Online
7871,2023-04-15,1206,15,9,1,2254306,0,Tarjeta de Crédito,Sucursal
7872,2022-09-25,791,9,9,1,944582,0,Mercado Pago,Sucursal
7873,2023-05-18,1782,25,9,1,1853677,0,Mercado Pago,Sucursal
7874,2025-01-28,1235,9,9,1,944582,0,Transferencia,Online
7875,2024-12-01,1724,16,7,1,954116,0,Tarjeta de Débito,Sucursal
7876,2026-04-23,33,21,1,1,1989781,0,Mercado Pago,Sucursal
7877,2025-01-04,1492,21,4,1,1989781,0,Tarjeta de Crédito,Online
7878,2023-12-05,1205,8,11,3,1661179,0,Tarjeta de Crédito,Online
7879,2024-04-11,226,6,7,1,1764687,0,Tarjeta de Débito,Online
7880,2024-02-20,1020,12,3,1,1844344,10,Tarjeta de Débito,Online
7881,2025-01-27,460,12,4,1,1844344,10,Tarjeta de Débito,Online
7882,2024-03-12,661,4,14,1,2160479,0,Tarjeta de Débito,Sucursal
7883,2021-10-16,1792,24,19,1,1763627,5,Tarjeta de Crédito,Online
7884,2023-03-18,839,4,17,1,2160479,0,Tarjeta de Crédito,Sucursal
7885,2021-07-04,872,24,17,2,1763627,0,Mercado Pago,Online
7886,2021-08-21,1051,5,2,1,658866,0,Tarjeta de Crédito,Online
7887,2024-03-14,608,3,13,1,1748036,0,Mercado Pago,Sucursal
7888,2024-08-22,1155,11,10,3,1298880,5,Tarjeta de Crédito,Sucursal
7889,2026-04-07,358,23,1,1,1928958,5,Tarjeta de Crédito,Sucursal
7890,2022-11-28,929,6,2,1,1764687,10,Tarjeta de Crédito,Sucursal
7891,2026-05-15,1917,22,7,1,1797606,20,Mercado Pago,Online
7892,2023-08-11,1725,22,11,2,1797606,0,Tarjeta de Débito,Sucursal
7893,2025-03-26,1239,8,6,1,1661179,10,Tarjeta de Débito,Sucursal
7894,2024-09-23,1795,8,20,3,1661179,10,Transferencia,Sucursal
7895,2024-04-13,816,16,10,2,954116,0,Tarjeta de Crédito,Online
7896,2025-05-24,1377,21,12,1,1989781,10,Tarjeta de Débito,Sucursal
7897,2021-08-15,764,5,8,2,658866,15,Tarjeta de Crédito,Sucursal
7898,2021-12-06,848,13,16,1,1102174,5,Tarjeta de Crédito,Online
7899,2023-01-31,1475,15,8,1,2254306,15,Transferencia,Online
7900,2022-07-27,1684,7,5,1,1778736,0,Transferencia,Online
7901,2023-05-16,445,7,6,1,1778736,20,Tarjeta de Débito,Online
7902,2025-04-21,769,13,10,1,1102174,0,Mercado Pago,Sucursal
7903,2025-01-31,1397,20,16,1,2236130,0,Tarjeta de Crédito,Sucursal
7904,2025-05-27,729,9,12,1,944582,0,Tarjeta de Crédito,Sucursal
7905,2022-04-23,616,20,7,2,2236130,20,Efectivo,Online
7906,2022-02-01,338,21,10,1,1989781,0,Mercado Pago,Sucursal
7907,2023-05-08,1526,4,3,1,2160479,0,Tarjeta de Crédito,Sucursal
7908,2024-02-11,1577,22,7,1,1797606,15,Tarjeta de Crédito,Sucursal
7909,2024-01-07,1726,10,18,2,2261684,0,Tarjeta de Crédito,Sucursal
7910,2022-09-15,1425,3,16,1,1748036,0,Tarjeta de Crédito,Sucursal
7911,2024-06-09,890,11,17,2,1298880,0,Tarjeta de Débito,Sucursal
7912,2021-08-02,74,15,14,1,2254306,5,Tarjeta de Débito,Online
7913,2025-03-11,990,11,1,1,1298880,20,Tarjeta de Crédito,Sucursal
7914,2025-12-12,1528,5,7,1,658866,0,Tarjeta de Crédito,Sucursal
7915,2026-01-11,1942,20,8,1,2236130,15,Mercado Pago,Online
7916,2024-10-25,1628,4,10,1,2160479,15,Tarjeta de Débito,Online
7917,2021-12-08,1778,22,1,1,1797606,0,Mercado Pago,Online
7918,2025-08-31,1613,13,20,1,1102174,10,Tarjeta de Crédito,Sucursal
7919,2023-12-15,1082,16,11,1,954116,20,Mercado Pago,Sucursal
7920,2024-05-28,8,16,19,1,954116,0,Tarjeta de Débito,Sucursal
7921,2024-10-18,1806,5,5,1,658866,0,Tarjeta de Débito,Online
7922,2026-06-06,411,15,3,3,2254306,0,Tarjeta de Crédito,Sucursal
7923,2025-01-24,89,15,2,2,2254306,0,Tarjeta de Crédito,Sucursal
7924,2023-07-16,714,9,16,1,944582,0,Tarjeta de Crédito,Online
7925,2026-03-27,1557,6,2,1,1764687,0,Mercado Pago,Sucursal
7926,2025-11-24,1358,23,20,2,1928958,0,Tarjeta de Crédito,Sucursal
7927,2023-04-15,167,22,1,1,1797606,0,Tarjeta de Débito,Sucursal
7928,2022-07-08,734,24,2,1,1763627,0,Tarjeta de Débito,Online
7929,2024-05-17,893,6,14,3,1764687,0,Mercado Pago,Online
7930,2026-03-28,1380,13,9,1,1102174,5,Tarjeta de Crédito,Sucursal
7931,2025-05-06,660,12,17,3,1844344,0,Mercado Pago,Sucursal
7932,2022-11-13,1248,7,2,1,1778736,0,Mercado Pago,Sucursal
7933,2023-02-25,1688,1,1,2,934942,10,Transferencia,Online
7934,2022-04-26,1192,22,12,1,1797606,5,Tarjeta de Crédito,Sucursal
7935,2025-03-07,57,21,14,1,1989781,0,Tarjeta de Crédito,Online
7936,2022-03-16,1338,1,18,1,934942,0,Tarjeta de Crédito,Online
7937,2023-03-21,1882,11,19,1,1298880,5,Mercado Pago,Sucursal
7938,2025-07-27,1124,25,20,1,1853677,5,Tarjeta de Débito,Sucursal
7939,2022-08-13,1238,21,4,1,1989781,0,Tarjeta de Crédito,Sucursal
7940,2023-04-22,984,17,10,1,1455169,0,Tarjeta de Crédito,Sucursal
7941,2023-06-18,709,19,8,1,1030169,0,Tarjeta de Crédito,Sucursal
7942,2022-06-06,1586,8,2,1,1661179,0,Transferencia,Sucursal
7943,2023-07-28,713,10,13,4,2261684,0,Tarjeta de Crédito,Sucursal
7944,2022-01-19,1540,20,1,2,2236130,0,Tarjeta de Crédito,Online
7945,2026-01-13,1536,23,11,2,1928958,0,Tarjeta de Crédito,Sucursal
7946,2023-03-17,1924,16,9,1,954116,0,Tarjeta de Crédito,Sucursal
7947,2025-01-30,693,9,1,1,944582,0,Efectivo,Sucursal
7948,2023-06-25,673,3,19,1,1748036,15,Tarjeta de Crédito,Sucursal
7949,2025-11-03,167,4,8,1,2160479,0,Efectivo,Online
7950,2025-05-01,1491,19,8,1,1030169,10,Mercado Pago,Sucursal
7951,2021-10-18,1984,4,5,1,2160479,0,Tarjeta de Crédito,Online
7952,2023-07-27,961,17,18,1,1455169,0,Tarjeta de Crédito,Sucursal
7953,2024-08-01,1495,13,2,1,1102174,15,Tarjeta de Débito,Online
7954,2021-07-28,1959,12,11,1,1844344,15,Tarjeta de Débito,Sucursal
7955,2025-04-24,1069,13,5,1,1102174,5,Transferencia,Sucursal
7956,2021-10-26,1587,20,18,1,2236130,5,Mercado Pago,Online
7957,2021-07-31,371,19,5,1,1030169,0,Tarjeta de Débito,Online
7958,2023-07-05,541,7,7,1,1778736,0,Tarjeta de Crédito,Online
7959,2021-10-26,256,12,7,1,1844344,0,Tarjeta de Crédito,Online
7960,2026-01-05,1349,23,16,1,1928958,0,Tarjeta de Crédito,Sucursal
7961,2024-10-26,483,5,15,1,658866,0,Mercado Pago,Online
7962,2024-08-30,985,22,13,1,1797606,0,Tarjeta de Crédito,Sucursal
7963,2023-10-08,914,17,8,3,1455169,0,Tarjeta de Débito,Sucursal
7964,2023-11-07,982,24,7,3,1763627,0,Tarjeta de Débito,Online
7965,2025-10-17,1314,17,18,1,1455169,10,Mercado Pago,Online
7966,2025-01-28,6,12,4,2,1844344,0,Mercado Pago,Sucursal
7967,2024-04-02,66,16,9,1,954116,0,Tarjeta de Débito,Online
7968,2024-05-22,490,10,1,1,2261684,0,Tarjeta de Crédito,Online
7969,2024-09-19,1905,24,18,2,1763627,10,Transferencia,Sucursal
7970,2024-08-06,1751,2,11,3,1484902,0,Tarjeta de Crédito,Sucursal
7971,2022-10-29,1290,12,14,1,1844344,0,Mercado Pago,Sucursal
7972,2021-08-18,993,15,1,1,2254306,5,Tarjeta de Crédito,Online
7973,2026-03-06,1125,16,2,1,954116,0,Tarjeta de Débito,Sucursal
7974,2025-09-10,1904,2,20,1,1484902,0,Tarjeta de Crédito,Sucursal
7975,2022-01-28,605,16,14,1,954116,20,Mercado Pago,Sucursal
7976,2023-10-27,1072,14,8,1,2132068,0,Tarjeta de Crédito,Sucursal
7977,2023-03-01,528,7,19,1,1778736,10,Tarjeta de Débito,Sucursal
7978,2024-11-09,1024,18,8,1,1042885,0,Tarjeta de Crédito,Sucursal
7979,2026-03-10,1462,4,3,1,2160479,0,Tarjeta de Débito,Sucursal
7980,2025-04-25,372,1,17,1,934942,0,Efectivo,Online
7981,2022-06-14,1042,4,6,3,2160479,20,Tarjeta de Crédito,Sucursal
7982,2024-12-28,874,8,8,2,1661179,5,Tarjeta de Crédito,Online
7983,2026-02-11,1081,15,12,1,2254306,0,Tarjeta de Débito,Online
7984,2023-07-05,324,9,15,1,944582,0,Mercado Pago,Sucursal
7985,2024-04-28,522,19,2,1,1030169,0,Mercado Pago,Online
7986,2025-11-20,1558,3,6,1,1748036,0,Tarjeta de Débito,Sucursal
7987,2023-05-19,531,21,17,2,1989781,0,Efectivo,Sucursal
7988,2022-03-20,835,22,5,1,1797606,15,Tarjeta de Débito,Sucursal
7989,2025-12-30,74,11,12,1,1298880,10,Tarjeta de Débito,Sucursal
7990,2023-04-12,1484,23,12,1,1928958,0,Mercado Pago,Online
7991,2024-04-03,1200,1,16,2,934942,0,Tarjeta de Crédito,Sucursal
7992,2025-02-15,164,16,14,1,954116,0,Mercado Pago,Online
7993,2021-10-05,869,23,14,1,1928958,0,Efectivo,Sucursal
7994,2024-10-31,734,8,6,1,1661179,20,Tarjeta de Crédito,Online
7995,2026-04-11,980,19,8,2,1030169,0,Tarjeta de Débito,Online
7996,2026-03-30,1365,4,14,1,2160479,5,Tarjeta de Crédito,Sucursal
7997,2022-09-29,525,12,15,1,1844344,0,Tarjeta de Débito,Sucursal
7998,2024-02-04,1658,14,6,1,2132068,20,Mercado Pago,Online
7999,2025-02-11,347,4,3,1,2160479,0,Efectivo,Sucursal
8000,2023-03-09,533,10,5,1,2261684,0,Tarjeta de Crédito,Sucursal
8001,2022-10-09,599,22,18,2,1797606,10,Mercado Pago,Online
8002,2021-07-12,43,20,15,1,2236130,20,Tarjeta de Débito,Sucursal
8003,2025-01-08,915,6,5,2,1764687,10,Efectivo,Sucursal
8004,2023-07-19,1187,25,12,1,1853677,0,Transferencia,Online
8005,2022-03-17,343,17,16,1,1455169,5,Efectivo,Sucursal
8006,2026-04-11,915,5,17,1,658866,0,Tarjeta de Crédito,Sucursal
8007,2026-06-19,1814,23,14,2,1928958,0,Mercado Pago,Sucursal
8008,2023-08-05,712,18,20,1,1042885,20,Tarjeta de Débito,Sucursal
8009,2024-11-18,1359,15,20,1,2254306,5,Tarjeta de Crédito,Sucursal
8010,2026-05-28,970,3,3,1,1748036,15,Tarjeta de Crédito,Sucursal
8011,2026-04-13,672,16,19,3,954116,0,Tarjeta de Débito,Sucursal
8012,2024-01-13,748,8,5,1,1661179,10,Tarjeta de Débito,Sucursal
8013,2024-06-07,1757,6,13,1,1764687,0,Transferencia,Online
8014,2023-09-29,1534,15,6,3,2254306,0,Transferencia,Sucursal
8015,2023-10-22,1900,8,12,1,1661179,10,Tarjeta de Crédito,Online
8016,2022-02-21,1532,5,10,1,658866,0,Tarjeta de Crédito,Online
8017,2022-06-12,513,12,7,1,1844344,0,Mercado Pago,Online
8018,2022-06-23,930,23,18,1,1928958,5,Mercado Pago,Sucursal
8019,2024-03-10,1311,6,1,1,1764687,5,Efectivo,Online
8020,2024-06-26,1351,17,17,2,1455169,10,Tarjeta de Crédito,Sucursal
8021,2023-09-24,1455,21,6,2,1989781,0,Tarjeta de Débito,Online
8022,2025-09-19,1164,25,13,1,1853677,10,Efectivo,Online
8023,2022-08-02,462,7,13,1,1778736,15,Mercado Pago,Sucursal
8024,2024-05-24,156,13,6,1,1102174,30,Tarjeta de Crédito,Online
8025,2025-06-16,790,11,13,1,1298880,0,Tarjeta de Crédito,Sucursal
8026,2023-01-12,1945,7,19,2,1778736,10,Tarjeta de Crédito,Online
8027,2025-12-05,1778,19,6,1,1030169,0,Tarjeta de Débito,Sucursal
8028,2023-03-02,1441,16,3,1,954116,0,Tarjeta de Débito,Online
8029,2025-01-12,1363,5,15,1,658866,5,Tarjeta de Crédito,Sucursal
8030,2025-09-21,698,4,20,1,2160479,20,Tarjeta de Débito,Sucursal
8031,2024-09-28,1908,12,16,1,1844344,0,Tarjeta de Crédito,Sucursal
8032,2021-09-28,1398,8,18,2,1661179,10,Tarjeta de Crédito,Sucursal
8033,2023-03-28,526,10,16,1,2261684,0,Mercado Pago,Online
8034,2023-07-14,347,22,15,2,1797606,15,Tarjeta de Crédito,Sucursal
8035,2025-11-07,630,23,15,1,1928958,0,Transferencia,Sucursal
8036,2022-10-05,1684,11,3,1,1298880,10,Transferencia,Sucursal
8037,2024-01-17,441,22,10,1,1797606,10,Tarjeta de Débito,Sucursal
8038,2023-08-30,336,1,12,1,934942,15,Tarjeta de Crédito,Sucursal
8039,2026-01-29,210,23,18,2,1928958,0,Efectivo,Sucursal
8040,2024-03-12,459,6,16,1,1764687,0,Mercado Pago,Sucursal
8041,2025-07-13,998,21,11,1,1989781,0,Transferencia,Sucursal
8042,2023-10-25,293,21,13,1,1989781,5,Tarjeta de Crédito,Online
8043,2024-06-19,568,2,15,3,1484902,0,Tarjeta de Débito,Online
8044,2022-10-31,1107,20,19,1,2236130,30,Tarjeta de Crédito,Sucursal
8045,2022-04-22,1195,13,4,3,1102174,0,Mercado Pago,Sucursal
8046,2021-07-25,36,6,3,1,1764687,0,Mercado Pago,Sucursal
8047,2022-07-01,1150,3,2,1,1748036,10,Mercado Pago,Sucursal
8048,2024-03-18,607,9,19,2,944582,15,Tarjeta de Crédito,Sucursal
8049,2023-09-02,876,13,12,1,1102174,0,Tarjeta de Crédito,Sucursal
8050,2025-02-04,1742,23,1,1,1928958,10,Mercado Pago,Sucursal
8051,2023-03-02,1975,3,7,2,1748036,10,Tarjeta de Crédito,Online
8052,2023-05-29,696,13,4,1,1102174,0,Tarjeta de Crédito,Sucursal
8053,2023-02-02,975,25,13,2,1853677,0,Tarjeta de Crédito,Sucursal
8054,2023-12-17,1217,17,12,1,1455169,0,Tarjeta de Crédito,Online
8055,2023-09-18,730,21,14,3,1989781,10,Transferencia,Sucursal
8056,2022-07-18,855,18,16,1,1042885,0,Tarjeta de Crédito,Sucursal
8057,2024-05-31,199,8,10,5,1661179,0,Mercado Pago,Online
8058,2021-10-15,1819,4,1,1,2160479,5,Tarjeta de Débito,Sucursal
8059,2025-08-10,954,13,17,1,1102174,0,Tarjeta de Crédito,Sucursal
8060,2022-03-29,117,2,10,1,1484902,0,Tarjeta de Crédito,Sucursal
8061,2025-04-18,1095,23,20,1,1928958,10,Tarjeta de Crédito,Sucursal
8062,2022-10-27,1551,12,2,1,1844344,0,Transferencia,Online
8063,2024-07-07,1390,9,6,1,944582,0,Tarjeta de Débito,Sucursal
8064,2025-03-21,793,20,19,1,2236130,15,Transferencia,Online
8065,2022-08-17,716,17,13,1,1455169,5,Tarjeta de Crédito,Sucursal
8066,2022-11-14,1480,17,10,1,1455169,0,Tarjeta de Crédito,Sucursal
8067,2025-04-17,1790,1,13,3,934942,10,Tarjeta de Débito,Sucursal
8068,2022-02-19,498,10,1,3,2261684,0,Transferencia,Online
8069,2021-10-14,391,10,3,1,2261684,0,Tarjeta de Crédito,Online
8070,2025-01-28,1303,20,13,1,2236130,10,Tarjeta de Crédito,Sucursal
8071,2025-03-01,739,23,9,2,1928958,0,Tarjeta de Crédito,Sucursal
8072,2024-01-29,122,12,20,1,1844344,0,Tarjeta de Crédito,Online
8073,2022-03-01,1033,24,4,1,1763627,10,Tarjeta de Débito,Sucursal
8074,2023-02-03,1896,16,9,1,954116,0,Tarjeta de Débito,Sucursal
8075,2023-08-03,1592,18,15,1,1042885,30,Mercado Pago,Sucursal
8076,2021-08-25,867,5,20,1,658866,0,Tarjeta de Crédito,Sucursal
8077,2022-10-01,1178,4,2,2,2160479,0,Tarjeta de Crédito,Sucursal
8078,2022-03-19,315,23,14,1,1928958,0,Tarjeta de Crédito,Sucursal
8079,2025-04-26,1537,5,18,1,658866,15,Mercado Pago,Sucursal
8080,2025-06-23,456,18,1,1,1042885,0,Transferencia,Sucursal
8081,2023-01-01,995,20,7,1,2236130,0,Mercado Pago,Online
8082,2022-01-26,632,2,11,1,1484902,0,Tarjeta de Crédito,Sucursal
8083,2024-11-30,658,1,5,3,934942,0,Tarjeta de Débito,Sucursal
8084,2024-06-06,470,24,17,2,1763627,0,Tarjeta de Crédito,Sucursal
8085,2024-06-07,1135,20,7,3,2236130,5,Tarjeta de Débito,Sucursal
8086,2025-03-24,815,16,11,1,954116,10,Tarjeta de Crédito,Sucursal
8087,2023-12-09,694,17,1,1,1455169,10,Tarjeta de Débito,Online
8088,2022-03-31,1078,16,4,1,954116,0,Tarjeta de Crédito,Sucursal
8089,2024-05-27,646,16,10,3,954116,0,Tarjeta de Crédito,Online
8090,2024-08-26,1124,19,15,2,1030169,0,Transferencia,Online
8091,2025-06-20,145,2,3,1,1484902,0,Tarjeta de Débito,Sucursal
8092,2022-07-05,1144,14,12,1,2132068,10,Mercado Pago,Sucursal
8093,2024-02-22,1383,13,16,1,1102174,0,Efectivo,Sucursal
8094,2026-06-23,1708,19,4,1,1030169,0,Tarjeta de Crédito,Sucursal
8095,2025-08-07,1330,23,2,1,1928958,0,Tarjeta de Crédito,Sucursal
8096,2021-07-04,1217,8,13,1,1661179,10,Tarjeta de Crédito,Sucursal
8097,2024-04-16,1880,20,12,1,2236130,10,Transferencia,Sucursal
8098,2023-05-22,217,12,13,1,1844344,10,Mercado Pago,Online
8099,2022-07-26,204,4,1,1,2160479,0,Tarjeta de Crédito,Sucursal
8100,2025-12-04,1711,15,13,1,2254306,0,Mercado Pago,Online
8101,2023-04-16,832,6,20,1,1764687,0,Tarjeta de Crédito,Online
8102,2023-10-01,65,6,18,1,1764687,0,Tarjeta de Débito,Sucursal
8103,2021-11-21,498,24,13,1,1763627,5,Tarjeta de Crédito,Online
8104,2025-11-29,96,1,11,1,934942,0,Tarjeta de Débito,Online
8105,2024-08-18,1822,19,3,1,1030169,0,Tarjeta de Débito,Sucursal
8106,2024-05-13,1013,7,11,1,1778736,0,Mercado Pago,Sucursal
8107,2025-07-14,166,13,15,1,1102174,0,Tarjeta de Débito,Sucursal
8108,2022-04-23,269,6,15,2,1764687,0,Mercado Pago,Sucursal
8109,2025-04-15,99,20,9,2,2236130,0,Tarjeta de Débito,Online
8110,2026-05-03,800,20,11,2,2236130,0,Tarjeta de Débito,Online
8111,2023-09-29,1166,3,9,1,1748036,10,Tarjeta de Crédito,Online
8112,2022-12-26,1562,7,15,1,1778736,0,Mercado Pago,Online
8113,2023-12-29,956,21,4,1,1989781,0,Tarjeta de Débito,Online
8114,2026-02-20,1472,25,12,1,1853677,0,Tarjeta de Débito,Sucursal
8115,2025-03-28,634,24,3,1,1763627,5,Tarjeta de Crédito,Sucursal
8116,2021-12-19,948,6,1,1,1764687,10,Tarjeta de Crédito,Online
8117,2023-04-15,1851,23,6,2,1928958,10,Tarjeta de Crédito,Sucursal
8118,2023-05-25,613,17,13,1,1455169,10,Tarjeta de Crédito,Online
8119,2026-06-03,534,14,15,2,2132068,15,Tarjeta de Crédito,Sucursal
8120,2021-12-24,1845,1,9,1,934942,30,Efectivo,Sucursal
8121,2021-09-19,1076,15,5,2,2254306,5,Tarjeta de Débito,Sucursal
8122,2023-11-14,1119,2,9,4,1484902,0,Efectivo,Sucursal
8123,2023-04-07,613,25,14,1,1853677,0,Tarjeta de Débito,Online
8124,2022-04-11,181,2,17,1,1484902,20,Tarjeta de Débito,Sucursal
8125,2024-11-20,770,5,7,3,658866,10,Efectivo,Sucursal
8126,2022-09-28,1496,4,20,1,2160479,0,Transferencia,Sucursal
8127,2023-02-02,837,16,6,3,954116,0,Tarjeta de Crédito,Online
8128,2024-03-28,863,18,3,2,1042885,0,Tarjeta de Crédito,Sucursal
8129,2022-04-22,302,3,19,1,1748036,0,Tarjeta de Débito,Sucursal
8130,2024-11-14,289,3,7,4,1748036,10,Transferencia,Sucursal
8131,2024-03-06,1971,17,13,1,1455169,5,Tarjeta de Crédito,Sucursal
8132,2024-12-29,1852,24,16,1,1763627,0,Efectivo,Online
8133,2021-08-24,1198,2,3,1,1484902,15,Tarjeta de Crédito,Sucursal
8134,2024-07-09,95,8,13,1,1661179,0,Tarjeta de Crédito,Online
8135,2021-09-23,211,10,19,1,2261684,15,Tarjeta de Crédito,Sucursal
8136,2025-09-24,737,21,6,1,1989781,15,Tarjeta de Débito,Sucursal
8137,2026-06-24,1455,11,3,1,1298880,0,Tarjeta de Crédito,Sucursal
8138,2023-09-16,93,2,16,1,1484902,10,Tarjeta de Débito,Sucursal
8139,2024-12-18,1523,23,9,3,1928958,10,Mercado Pago,Sucursal
8140,2022-10-14,127,2,14,1,1484902,0,Transferencia,Online
8141,2022-07-18,1487,15,5,1,2254306,5,Tarjeta de Débito,Online
8142,2023-04-11,337,8,16,2,1661179,0,Efectivo,Sucursal
8143,2026-05-05,510,19,17,5,1030169,5,Tarjeta de Débito,Sucursal
8144,2025-05-05,1732,7,17,1,1778736,5,Tarjeta de Crédito,Sucursal
8145,2023-05-18,1243,9,3,1,944582,10,Transferencia,Online
8146,2025-07-09,1578,25,4,1,1853677,0,Tarjeta de Crédito,Online
8147,2024-06-02,1107,25,10,1,1853677,0,Tarjeta de Crédito,Sucursal
8148,2022-05-22,1531,11,3,1,1298880,20,Tarjeta de Crédito,Sucursal
8149,2024-04-27,905,8,3,2,1661179,0,Tarjeta de Crédito,Sucursal
8150,2024-03-02,1580,3,14,1,1748036,5,Tarjeta de Crédito,Online
8151,2021-11-12,653,10,1,1,2261684,0,Mercado Pago,Sucursal
8152,2026-06-15,1375,21,18,2,1989781,0,Efectivo,Sucursal
8153,2024-08-03,751,4,4,1,2160479,0,Tarjeta de Crédito,Sucursal
8154,2022-09-04,472,8,15,1,1661179,15,Tarjeta de Débito,Online
8155,2024-07-28,108,22,17,3,1797606,10,Tarjeta de Débito,Sucursal
8156,2024-04-11,950,20,1,1,2236130,15,Tarjeta de Débito,Online
8157,2024-12-08,1264,3,5,2,1748036,0,Transferencia,Online
8158,2026-04-30,164,25,14,2,1853677,0,Tarjeta de Débito,Sucursal
8159,2025-06-09,1770,16,18,1,954116,0,Tarjeta de Crédito,Sucursal
8160,2026-05-27,481,7,5,1,1778736,15,Mercado Pago,Sucursal
8161,2022-05-27,1230,19,3,1,1030169,0,Tarjeta de Débito,Online
8162,2025-10-23,138,15,5,1,2254306,5,Tarjeta de Crédito,Sucursal
8163,2024-10-19,234,25,8,1,1853677,15,Tarjeta de Crédito,Sucursal
8164,2025-12-14,1601,21,3,1,1989781,15,Tarjeta de Débito,Sucursal
8165,2026-06-07,105,13,12,2,1102174,15,Tarjeta de Crédito,Sucursal
8166,2024-05-17,566,2,9,3,1484902,0,Tarjeta de Crédito,Online
8167,2024-05-02,568,9,16,5,944582,0,Tarjeta de Crédito,Online
8168,2024-03-27,1030,5,17,1,658866,10,Tarjeta de Crédito,Online
8169,2021-11-25,192,16,13,1,954116,0,Mercado Pago,Online
8170,2021-11-05,1625,17,18,2,1455169,10,Mercado Pago,Sucursal
8171,2024-08-21,741,17,3,1,1455169,0,Transferencia,Online
8172,2025-02-05,408,10,5,1,2261684,0,Tarjeta de Crédito,Sucursal
8173,2024-06-06,380,6,17,2,1764687,10,Transferencia,Online
8174,2024-02-26,837,24,5,1,1763627,0,Tarjeta de Crédito,Sucursal
8175,2026-06-04,1261,25,5,1,1853677,0,Tarjeta de Crédito,Sucursal
8176,2023-09-26,1442,21,5,3,1989781,30,Tarjeta de Débito,Sucursal
8177,2022-03-25,1886,24,16,1,1763627,0,Mercado Pago,Sucursal
8178,2021-07-17,1125,22,2,2,1797606,20,Tarjeta de Crédito,Online
8179,2021-11-23,1315,4,4,1,2160479,10,Tarjeta de Débito,Sucursal
8180,2022-05-07,880,14,18,1,2132068,0,Tarjeta de Crédito,Sucursal
8181,2022-05-27,977,25,18,2,1853677,0,Tarjeta de Crédito,Sucursal
8182,2023-09-29,754,18,4,1,1042885,20,Tarjeta de Crédito,Sucursal
8183,2024-10-28,739,6,20,1,1764687,10,Mercado Pago,Sucursal
8184,2021-12-04,327,16,14,1,954116,15,Tarjeta de Crédito,Online
8185,2025-10-04,1864,16,12,1,954116,20,Tarjeta de Crédito,Sucursal
8186,2024-11-17,262,11,20,1,1298880,0,Tarjeta de Crédito,Sucursal
8187,2023-08-29,624,12,7,1,1844344,10,Tarjeta de Crédito,Sucursal
8188,2026-02-27,1786,18,8,1,1042885,0,Tarjeta de Crédito,Sucursal
8189,2022-08-09,1628,7,11,1,1778736,0,Transferencia,Online
8190,2024-10-08,1334,13,12,1,1102174,0,Transferencia,Online
8191,2024-11-22,1177,14,13,2,2132068,0,Mercado Pago,Sucursal
8192,2024-07-04,1043,11,19,1,1298880,0,Tarjeta de Débito,Sucursal
8193,2022-07-07,1177,5,11,3,658866,0,Efectivo,Online
8194,2022-04-29,1112,25,15,1,1853677,10,Tarjeta de Crédito,Online
8195,2025-02-01,225,11,15,1,1298880,0,Tarjeta de Crédito,Sucursal
8196,2024-05-28,134,17,20,1,1455169,0,Tarjeta de Crédito,Sucursal
8197,2021-07-11,1351,18,8,1,1042885,10,Mercado Pago,Online
8198,2023-09-12,14,11,14,1,1298880,10,Tarjeta de Crédito,Sucursal
8199,2023-12-16,1866,3,6,3,1748036,10,Mercado Pago,Sucursal
8200,2021-12-29,487,7,6,1,1778736,0,Mercado Pago,Online
8201,2021-07-09,681,20,19,2,2236130,0,Efectivo,Sucursal
8202,2026-04-20,990,14,9,1,2132068,0,Tarjeta de Débito,Sucursal
8203,2025-06-23,214,19,18,1,1030169,10,Mercado Pago,Sucursal
8204,2021-12-27,1183,16,16,2,954116,0,Tarjeta de Crédito,Sucursal
8205,2025-11-27,1376,12,12,1,1844344,0,Transferencia,Online
8206,2024-08-21,417,1,16,1,934942,30,Tarjeta de Crédito,Sucursal
8207,2021-07-13,1265,15,9,1,2254306,0,Tarjeta de Crédito,Sucursal
8208,2025-04-13,210,17,13,1,1455169,0,Tarjeta de Crédito,Sucursal
8209,2022-02-01,1650,2,20,1,1484902,30,Tarjeta de Débito,Sucursal
8210,2026-04-05,659,7,18,1,1778736,15,Tarjeta de Crédito,Sucursal
8211,2024-01-20,1511,13,3,1,1102174,0,Tarjeta de Crédito,Online
8212,2021-12-23,10,2,12,3,1484902,0,Efectivo,Sucursal
8213,2023-02-10,1103,13,3,1,1102174,0,Tarjeta de Crédito,Sucursal
8214,2024-07-23,643,17,3,5,1455169,0,Tarjeta de Crédito,Online
8215,2022-10-13,756,22,12,1,1797606,0,Mercado Pago,Sucursal
8216,2025-06-18,1039,11,19,1,1298880,0,Tarjeta de Débito,Online
8217,2024-10-09,29,4,7,1,2160479,10,Mercado Pago,Sucursal
8218,2022-09-13,1789,5,14,1,658866,30,Tarjeta de Crédito,Online
8219,2022-01-23,1701,13,14,1,1102174,5,Tarjeta de Crédito,Sucursal
8220,2023-11-09,526,19,18,1,1030169,0,Tarjeta de Crédito,Sucursal
8221,2024-05-05,1932,23,3,3,1928958,5,Transferencia,Sucursal
8222,2024-11-03,1296,17,16,1,1455169,0,Tarjeta de Crédito,Sucursal
8223,2022-06-23,1725,1,17,3,934942,0,Tarjeta de Débito,Sucursal
8224,2022-08-12,1853,18,14,2,1042885,0,Tarjeta de Crédito,Sucursal
8225,2026-04-13,1582,18,5,2,1042885,0,Mercado Pago,Online
8226,2024-09-22,1311,3,16,2,1748036,0,Tarjeta de Crédito,Sucursal
8227,2021-09-24,1255,5,20,1,658866,10,Tarjeta de Crédito,Online
8228,2022-03-04,309,1,20,1,934942,15,Mercado Pago,Sucursal
8229,2025-01-17,1757,16,2,1,954116,0,Tarjeta de Crédito,Sucursal
8230,2024-12-24,948,23,1,4,1928958,5,Tarjeta de Crédito,Online
8231,2025-02-25,122,6,3,1,1764687,0,Tarjeta de Crédito,Sucursal
8232,2021-12-28,1000,25,4,1,1853677,0,Tarjeta de Crédito,Online
8233,2026-01-07,151,20,14,4,2236130,30,Tarjeta de Crédito,Online
8234,2024-06-02,439,5,6,1,658866,5,Tarjeta de Crédito,Online
8235,2024-06-20,187,4,9,1,2160479,10,Tarjeta de Crédito,Online
8236,2021-12-23,1931,21,14,1,1989781,0,Tarjeta de Crédito,Online
8237,2022-04-06,1378,23,9,1,1928958,0,Tarjeta de Crédito,Sucursal
8238,2022-01-10,1383,12,1,2,1844344,10,Tarjeta de Crédito,Sucursal
8239,2023-09-08,316,22,6,1,1797606,10,Mercado Pago,Online
8240,2022-06-17,1949,8,18,1,1661179,10,Tarjeta de Crédito,Sucursal
8241,2021-10-14,1492,24,18,2,1763627,0,Tarjeta de Crédito,Sucursal
8242,2025-07-09,684,7,4,2,1778736,5,Tarjeta de Débito,Sucursal
8243,2023-09-04,209,15,6,2,2254306,0,Mercado Pago,Sucursal
8244,2022-01-23,679,23,12,1,1928958,10,Tarjeta de Crédito,Sucursal
8245,2022-06-28,125,6,8,1,1764687,20,Mercado Pago,Online
8246,2024-10-23,1232,9,14,1,944582,5,Tarjeta de Crédito,Sucursal
8247,2024-12-30,80,3,13,1,1748036,10,Tarjeta de Débito,Online
8248,2021-11-28,969,3,12,1,1748036,0,Mercado Pago,Sucursal
8249,2023-05-26,211,21,11,1,1989781,10,Mercado Pago,Online
8250,2023-05-08,10,4,7,1,2160479,10,Mercado Pago,Online
8251,2023-01-05,896,13,10,2,1102174,10,Tarjeta de Crédito,Online
8252,2024-05-16,1308,19,17,1,1030169,0,Tarjeta de Crédito,Sucursal
8253,2026-04-16,1413,8,5,1,1661179,20,Tarjeta de Débito,Sucursal
8254,2023-02-27,538,10,6,1,2261684,15,Tarjeta de Crédito,Sucursal
8255,2024-02-26,1694,8,3,2,1661179,0,Tarjeta de Crédito,Online
8256,2022-10-27,350,24,19,2,1763627,0,Tarjeta de Débito,Online
8257,2024-01-05,1093,2,14,1,1484902,0,Tarjeta de Crédito,Online
8258,2025-10-18,1994,10,15,1,2261684,5,Mercado Pago,Sucursal
8259,2023-01-28,650,16,4,2,954116,0,Tarjeta de Débito,Sucursal
8260,2025-09-09,1647,10,19,5,2261684,10,Tarjeta de Crédito,Sucursal
8261,2023-03-03,541,1,15,1,934942,0,Tarjeta de Débito,Online
8262,2022-07-10,1932,20,10,1,2236130,0,Transferencia,Online
8263,2024-06-05,1638,2,18,1,1484902,15,Mercado Pago,Online
8264,2026-01-20,1807,25,8,1,1853677,20,Transferencia,Online
8265,2023-09-03,1984,3,18,1,1748036,0,Tarjeta de Crédito,Online
8266,2024-12-04,997,11,9,1,1298880,10,Tarjeta de Crédito,Sucursal
8267,2024-02-24,433,22,14,1,1797606,0,Mercado Pago,Sucursal
8268,2023-08-26,665,25,2,1,1853677,30,Tarjeta de Débito,Sucursal
8269,2021-09-28,879,6,19,2,1764687,5,Tarjeta de Crédito,Online
8270,2022-07-22,1704,11,11,1,1298880,10,Transferencia,Online
8271,2021-10-06,315,2,1,1,1484902,15,Tarjeta de Crédito,Sucursal
8272,2025-05-13,740,1,1,2,934942,0,Transferencia,Online
8273,2024-11-01,902,15,12,1,2254306,0,Tarjeta de Crédito,Sucursal
8274,2022-10-09,1977,13,2,1,1102174,0,Tarjeta de Débito,Online
8275,2026-02-09,852,4,3,2,2160479,0,Mercado Pago,Online
8276,2022-11-28,1050,2,20,2,1484902,0,Transferencia,Sucursal
8277,2023-03-15,292,4,3,1,2160479,10,Mercado Pago,Sucursal
8278,2022-02-06,1359,22,7,1,1797606,5,Tarjeta de Crédito,Online
8279,2021-11-17,1818,4,1,1,2160479,20,Tarjeta de Débito,Sucursal
8280,2025-05-26,1139,9,6,1,944582,5,Mercado Pago,Online
8281,2024-08-09,1406,21,5,1,1989781,30,Tarjeta de Crédito,Sucursal
8282,2022-11-21,1311,20,14,3,2236130,15,Tarjeta de Crédito,Online
8283,2023-03-14,369,9,16,2,944582,0,Tarjeta de Crédito,Sucursal
8284,2022-07-02,621,13,13,1,1102174,10,Tarjeta de Crédito,Sucursal
8285,2023-10-12,471,5,1,1,658866,0,Tarjeta de Crédito,Sucursal
8286,2022-08-26,792,11,8,1,1298880,0,Tarjeta de Crédito,Sucursal
8287,2026-02-06,1582,16,18,1,954116,0,Tarjeta de Crédito,Online
8288,2023-03-09,359,23,13,2,1928958,15,Mercado Pago,Online
8289,2022-03-06,221,24,13,1,1763627,0,Tarjeta de Crédito,Sucursal
8290,2024-05-13,1681,23,2,1,1928958,10,Tarjeta de Crédito,Sucursal
8291,2023-09-05,1676,19,1,1,1030169,0,Efectivo,Sucursal
8292,2023-04-20,1951,16,13,1,954116,10,Tarjeta de Crédito,Sucursal
8293,2025-08-01,1987,18,1,3,1042885,0,Tarjeta de Crédito,Sucursal
8294,2024-01-31,1737,7,19,2,1778736,0,Tarjeta de Débito,Sucursal
8295,2024-02-02,1020,11,19,1,1298880,0,Efectivo,Online
8296,2022-11-30,1906,23,3,1,1928958,10,Tarjeta de Débito,Online
8297,2021-07-05,1948,11,18,3,1298880,10,Tarjeta de Débito,Sucursal
8298,2024-04-28,155,16,12,1,954116,5,Tarjeta de Crédito,Sucursal
8299,2023-10-31,1572,3,17,1,1748036,15,Transferencia,Online
8300,2024-04-10,1870,19,15,2,1030169,0,Tarjeta de Crédito,Online
8301,2025-06-11,317,7,13,5,1778736,5,Tarjeta de Crédito,Sucursal
8302,2025-01-05,745,17,6,3,1455169,0,Tarjeta de Débito,Online
8303,2024-09-21,290,21,3,1,1989781,5,Tarjeta de Débito,Sucursal
8304,2023-07-20,1569,8,20,1,1661179,0,Tarjeta de Crédito,Online
8305,2023-08-14,341,2,5,2,1484902,0,Mercado Pago,Sucursal
8306,2024-01-02,45,2,4,3,1484902,5,Tarjeta de Crédito,Online
8307,2026-02-20,1534,8,2,1,1661179,0,Transferencia,Sucursal
8308,2026-05-30,1259,18,20,1,1042885,20,Tarjeta de Crédito,Sucursal
8309,2022-04-14,940,2,16,1,1484902,0,Tarjeta de Crédito,Sucursal
8310,2023-04-27,1506,25,4,1,1853677,0,Tarjeta de Crédito,Online
8311,2022-03-23,587,8,15,1,1661179,0,Tarjeta de Débito,Sucursal
8312,2024-07-25,744,24,20,1,1763627,5,Transferencia,Sucursal
8313,2021-12-13,831,13,7,1,1102174,30,Mercado Pago,Sucursal
8314,2024-03-08,1749,1,11,1,934942,15,Tarjeta de Débito,Sucursal
8315,2023-05-09,515,10,8,1,2261684,0,Mercado Pago,Sucursal
8316,2025-10-15,447,4,7,1,2160479,15,Tarjeta de Crédito,Sucursal
8317,2023-07-04,798,22,4,1,1797606,5,Efectivo,Online
8318,2025-06-28,826,5,11,1,658866,0,Tarjeta de Crédito,Sucursal
8319,2022-11-26,841,23,17,1,1928958,5,Tarjeta de Crédito,Sucursal
8320,2024-07-21,1695,25,17,1,1853677,0,Tarjeta de Débito,Sucursal
8321,2024-04-12,1347,6,20,2,1764687,0,Transferencia,Sucursal
8322,2025-01-06,1566,23,18,1,1928958,0,Mercado Pago,Online
8323,2025-06-23,320,14,20,1,2132068,0,Tarjeta de Crédito,Sucursal
8324,2025-10-19,75,13,15,1,1102174,5,Tarjeta de Débito,Sucursal
8325,2026-02-07,467,14,15,1,2132068,10,Efectivo,Sucursal
8326,2024-03-12,956,11,1,1,1298880,0,Tarjeta de Crédito,Sucursal
8327,2025-12-31,199,25,6,1,1853677,0,Transferencia,Sucursal
8328,2026-06-13,942,11,3,1,1298880,15,Tarjeta de Débito,Sucursal
8329,2021-08-12,958,18,18,1,1042885,0,Tarjeta de Débito,Sucursal
8330,2025-04-30,1176,16,6,1,954116,0,Tarjeta de Crédito,Sucursal
8331,2021-12-06,121,21,12,1,1989781,0,Mercado Pago,Online
8332,2025-01-16,191,25,17,1,1853677,0,Mercado Pago,Sucursal
8333,2024-05-19,1643,13,5,1,1102174,15,Tarjeta de Crédito,Online
8334,2021-12-05,34,17,17,1,1455169,20,Transferencia,Sucursal
8335,2025-01-13,1885,6,5,1,1764687,0,Efectivo,Sucursal
8336,2023-11-25,121,6,14,1,1764687,0,Tarjeta de Crédito,Sucursal
8337,2021-09-15,617,8,10,1,1661179,10,Mercado Pago,Sucursal
8338,2024-06-12,1017,13,20,1,1102174,0,Tarjeta de Débito,Sucursal
8339,2023-05-10,1733,19,20,1,1030169,10,Tarjeta de Crédito,Online
8340,2025-04-25,1874,4,17,1,2160479,0,Tarjeta de Débito,Sucursal
8341,2022-09-29,1193,6,1,1,1764687,0,Tarjeta de Crédito,Online
8342,2022-01-02,748,24,5,1,1763627,0,Tarjeta de Débito,Online
8343,2025-10-05,1558,4,7,2,2160479,0,Mercado Pago,Online
8344,2025-09-05,774,11,9,1,1298880,0,Tarjeta de Crédito,Sucursal
8345,2023-12-20,125,6,10,1,1764687,5,Tarjeta de Crédito,Sucursal
8346,2023-07-02,1309,1,16,1,934942,5,Tarjeta de Débito,Sucursal
8347,2023-05-31,1179,4,11,1,2160479,0,Tarjeta de Crédito,Sucursal
8348,2025-09-25,1499,9,19,1,944582,10,Tarjeta de Crédito,Sucursal
8349,2024-02-26,1844,3,4,2,1748036,0,Tarjeta de Crédito,Sucursal
8350,2024-08-23,584,3,12,1,1748036,0,Tarjeta de Crédito,Sucursal
8351,2022-06-14,947,14,7,1,2132068,0,Mercado Pago,Sucursal
8352,2024-11-13,987,10,17,1,2261684,0,Tarjeta de Débito,Sucursal
8353,2022-09-10,90,22,18,2,1797606,0,Tarjeta de Débito,Sucursal
8354,2026-01-09,959,1,20,1,934942,0,Tarjeta de Crédito,Sucursal
8355,2024-07-01,252,24,19,1,1763627,0,Mercado Pago,Sucursal
8356,2023-06-14,264,5,9,1,658866,10,Tarjeta de Débito,Sucursal
8357,2026-06-13,939,15,13,1,2254306,0,Tarjeta de Crédito,Sucursal
8358,2024-05-22,717,7,1,3,1778736,0,Tarjeta de Crédito,Sucursal
8359,2026-03-23,1321,8,11,1,1661179,20,Mercado Pago,Sucursal
8360,2026-05-26,1774,5,12,1,658866,20,Tarjeta de Débito,Sucursal
8361,2025-11-20,1644,13,12,1,1102174,15,Tarjeta de Débito,Sucursal
8362,2025-03-27,1979,7,15,3,1778736,15,Mercado Pago,Sucursal
8363,2022-05-19,126,21,14,1,1989781,0,Tarjeta de Crédito,Online
8364,2023-08-31,441,18,18,2,1042885,0,Tarjeta de Crédito,Online
8365,2023-01-08,649,17,20,1,1455169,0,Tarjeta de Crédito,Sucursal
8366,2025-07-14,1021,12,8,2,1844344,5,Efectivo,Sucursal
8367,2023-07-12,582,15,9,2,2254306,5,Tarjeta de Crédito,Sucursal
8368,2024-06-23,1452,23,6,1,1928958,5,Tarjeta de Crédito,Online
8369,2022-06-08,234,17,8,1,1455169,5,Tarjeta de Crédito,Sucursal
8370,2023-12-28,1119,14,7,1,2132068,0,Tarjeta de Crédito,Online
8371,2024-12-04,1549,2,2,1,1484902,0,Tarjeta de Crédito,Online
8372,2024-10-09,916,13,12,3,1102174,0,Tarjeta de Débito,Sucursal
8373,2025-01-30,679,5,4,1,658866,15,Tarjeta de Crédito,Sucursal
8374,2022-07-13,457,10,6,5,2261684,10,Tarjeta de Crédito,Sucursal
8375,2023-08-30,1467,4,8,1,2160479,0,Tarjeta de Crédito,Sucursal
8376,2024-06-09,1242,14,20,2,2132068,10,Tarjeta de Débito,Online
8377,2024-03-13,946,13,11,4,1102174,0,Tarjeta de Crédito,Sucursal
8378,2026-06-10,1244,12,7,2,1844344,30,Tarjeta de Crédito,Sucursal
8379,2021-10-18,534,7,9,1,1778736,0,Tarjeta de Débito,Sucursal
8380,2025-04-03,52,15,2,1,2254306,15,Mercado Pago,Sucursal
8381,2024-10-31,705,10,17,2,2261684,15,Tarjeta de Débito,Online
8382,2023-07-08,97,13,9,2,1102174,0,Tarjeta de Crédito,Online
8383,2025-04-18,718,2,8,2,1484902,10,Tarjeta de Crédito,Sucursal
8384,2022-10-02,108,15,12,1,2254306,0,Tarjeta de Débito,Sucursal
8385,2024-12-24,1762,24,11,3,1763627,0,Tarjeta de Crédito,Online
8386,2024-10-22,1120,22,15,3,1797606,0,Tarjeta de Débito,Sucursal
8387,2025-07-02,434,11,6,1,1298880,0,Mercado Pago,Sucursal
8388,2024-11-15,1847,10,9,2,2261684,0,Mercado Pago,Online
8389,2025-04-04,1441,25,11,1,1853677,10,Tarjeta de Crédito,Sucursal
8390,2024-09-10,1277,22,15,1,1797606,0,Tarjeta de Débito,Sucursal
8391,2021-12-07,956,13,7,1,1102174,0,Tarjeta de Crédito,Sucursal
8392,2024-02-13,513,13,19,1,1102174,20,Tarjeta de Débito,Sucursal
8393,2024-01-21,195,4,8,1,2160479,10,Mercado Pago,Sucursal
8394,2024-06-29,78,2,17,1,1484902,0,Transferencia,Sucursal
8395,2024-09-02,460,6,4,1,1764687,0,Tarjeta de Débito,Online
8396,2024-12-27,1604,23,2,1,1928958,5,Tarjeta de Crédito,Sucursal
8397,2021-08-25,441,14,19,1,2132068,5,Mercado Pago,Online
8398,2025-11-22,63,12,17,1,1844344,0,Tarjeta de Crédito,Sucursal
8399,2022-10-22,741,25,17,2,1853677,15,Tarjeta de Crédito,Sucursal
8400,2022-01-01,413,8,17,1,1661179,0,Efectivo,Sucursal
8401,2022-01-05,426,8,17,4,1661179,20,Tarjeta de Crédito,Sucursal
8402,2025-11-22,340,16,7,1,954116,0,Mercado Pago,Sucursal
8403,2024-07-05,68,20,8,1,2236130,20,Efectivo,Sucursal
8404,2025-11-19,1679,20,14,1,2236130,0,Tarjeta de Débito,Sucursal
8405,2024-08-12,1472,17,5,1,1455169,0,Transferencia,Sucursal
8406,2023-03-23,1926,18,12,1,1042885,10,Tarjeta de Débito,Online
8407,2022-10-01,592,24,1,4,1763627,10,Mercado Pago,Sucursal
8408,2025-06-24,935,20,17,1,2236130,10,Tarjeta de Crédito,Sucursal
8409,2024-09-03,668,5,4,1,658866,5,Tarjeta de Débito,Sucursal
8410,2023-03-01,157,7,3,1,1778736,0,Tarjeta de Crédito,Online
8411,2024-08-10,450,9,10,1,944582,15,Tarjeta de Crédito,Sucursal
8412,2025-09-20,1881,22,12,1,1797606,0,Tarjeta de Crédito,Sucursal
8413,2022-06-18,1694,10,4,1,2261684,5,Tarjeta de Crédito,Online
8414,2025-05-13,205,2,18,1,1484902,5,Tarjeta de Crédito,Sucursal
8415,2026-03-07,1141,6,15,1,1764687,0,Mercado Pago,Sucursal
8416,2022-10-21,1545,4,2,1,2160479,5,Tarjeta de Crédito,Online
8417,2021-09-13,538,21,12,1,1989781,0,Tarjeta de Crédito,Sucursal
8418,2023-04-05,1002,20,17,1,2236130,5,Tarjeta de Crédito,Online
8419,2024-03-30,293,8,13,1,1661179,5,Tarjeta de Crédito,Online
8420,2025-11-01,150,5,17,2,658866,10,Transferencia,Online
8421,2024-05-20,547,10,13,1,2261684,0,Mercado Pago,Sucursal
8422,2026-06-16,1231,4,3,3,2160479,0,Tarjeta de Crédito,Sucursal
8423,2022-04-04,1566,4,3,1,2160479,5,Tarjeta de Crédito,Online
8424,2024-05-14,1714,5,10,1,658866,0,Tarjeta de Crédito,Sucursal
8425,2025-03-23,925,25,14,1,1853677,0,Tarjeta de Crédito,Sucursal
8426,2024-02-13,346,15,7,1,2254306,0,Mercado Pago,Online
8427,2024-08-29,1578,1,3,1,934942,0,Tarjeta de Crédito,Sucursal
8428,2023-09-14,1874,23,20,1,1928958,0,Mercado Pago,Sucursal
8429,2024-01-02,81,16,15,1,954116,0,Tarjeta de Débito,Sucursal
8430,2025-11-01,1238,15,14,2,2254306,0,Mercado Pago,Sucursal
8431,2022-09-30,1629,4,9,1,2160479,5,Tarjeta de Crédito,Sucursal
8432,2022-05-31,636,14,17,1,2132068,0,Tarjeta de Crédito,Online
8433,2022-07-31,908,23,4,1,1928958,0,Tarjeta de Crédito,Sucursal
8434,2022-04-03,1451,2,16,1,1484902,20,Tarjeta de Débito,Sucursal
8435,2022-06-23,119,10,3,1,2261684,0,Tarjeta de Crédito,Online
8436,2025-11-13,1874,1,7,1,934942,20,Efectivo,Online
8437,2023-04-17,606,20,9,1,2236130,15,Tarjeta de Débito,Online
8438,2022-12-16,1977,18,5,1,1042885,0,Tarjeta de Crédito,Sucursal
8439,2026-04-09,894,3,4,1,1748036,0,Tarjeta de Débito,Sucursal
8440,2021-08-26,1828,18,6,2,1042885,5,Tarjeta de Débito,Online
8441,2023-11-06,1826,11,5,1,1298880,10,Mercado Pago,Sucursal
8442,2021-11-30,878,22,10,1,1797606,30,Tarjeta de Crédito,Online
8443,2023-07-30,879,24,7,5,1763627,10,Tarjeta de Crédito,Sucursal
8444,2022-08-07,896,17,13,2,1455169,0,Tarjeta de Crédito,Online
8445,2024-11-22,806,8,17,1,1661179,5,Tarjeta de Crédito,Sucursal
8446,2025-12-03,1158,7,5,1,1778736,15,Transferencia,Sucursal
8447,2024-09-25,1139,25,2,1,1853677,5,Tarjeta de Débito,Sucursal
8448,2023-04-01,638,24,4,1,1763627,5,Tarjeta de Crédito,Online
8449,2024-11-19,558,24,18,2,1763627,15,Tarjeta de Crédito,Sucursal
8450,2026-02-11,312,10,17,2,2261684,0,Tarjeta de Crédito,Online
8451,2025-05-02,1609,23,3,1,1928958,10,Tarjeta de Crédito,Sucursal
8452,2024-04-16,533,12,16,1,1844344,10,Mercado Pago,Sucursal
8453,2023-12-19,939,17,20,1,1455169,0,Tarjeta de Crédito,Sucursal
8454,2021-07-21,257,2,17,1,1484902,10,Tarjeta de Crédito,Sucursal
8455,2026-06-23,506,16,1,1,954116,0,Efectivo,Sucursal
8456,2022-04-23,957,19,16,1,1030169,20,Tarjeta de Crédito,Sucursal
8457,2024-04-15,1569,13,14,1,1102174,0,Tarjeta de Crédito,Sucursal
8458,2023-02-27,653,16,13,1,954116,0,Tarjeta de Crédito,Online
8459,2021-11-15,1749,1,4,1,934942,0,Tarjeta de Débito,Sucursal
8460,2023-09-13,224,15,7,2,2254306,0,Transferencia,Sucursal
8461,2025-10-26,1284,25,5,1,1853677,5,Tarjeta de Crédito,Online
8462,2026-01-30,1409,18,3,1,1042885,0,Tarjeta de Crédito,Sucursal
8463,2025-06-27,897,1,20,1,934942,20,Tarjeta de Débito,Sucursal
8464,2024-10-09,919,5,4,2,658866,0,Tarjeta de Débito,Sucursal
8465,2022-02-01,1290,6,15,3,1764687,0,Efectivo,Online
8466,2022-05-21,1566,20,19,1,2236130,0,Mercado Pago,Online
8467,2023-02-11,1329,15,7,1,2254306,0,Tarjeta de Crédito,Sucursal
8468,2024-08-23,1265,3,11,1,1748036,0,Transferencia,Online
8469,2023-09-08,1858,17,5,2,1455169,10,Tarjeta de Crédito,Online
8470,2024-03-18,1932,13,12,1,1102174,0,Tarjeta de Débito,Sucursal
8471,2022-10-16,1606,18,6,1,1042885,0,Efectivo,Sucursal
8472,2024-02-17,1406,8,15,2,1661179,0,Tarjeta de Crédito,Sucursal
8473,2022-05-02,1702,17,20,1,1455169,10,Tarjeta de Crédito,Online
8474,2024-05-09,1795,15,17,1,2254306,0,Tarjeta de Débito,Online
8475,2021-09-06,1531,10,1,1,2261684,20,Tarjeta de Crédito,Sucursal
8476,2023-10-01,329,4,4,1,2160479,0,Tarjeta de Crédito,Sucursal
8477,2024-04-16,375,15,1,1,2254306,15,Tarjeta de Débito,Sucursal
8478,2024-05-11,154,7,10,2,1778736,0,Tarjeta de Crédito,Sucursal
8479,2024-11-15,1652,11,6,1,1298880,15,Transferencia,Online
8480,2024-10-22,241,14,2,1,2132068,0,Tarjeta de Crédito,Online
8481,2021-08-10,1780,16,13,1,954116,30,Efectivo,Sucursal
8482,2025-03-25,634,2,12,1,1484902,0,Tarjeta de Crédito,Sucursal
8483,2024-04-18,484,2,7,1,1484902,5,Tarjeta de Crédito,Sucursal
8484,2024-11-06,1215,11,18,2,1298880,0,Transferencia,Online
8485,2024-01-19,544,25,10,3,1853677,5,Efectivo,Sucursal
8486,2022-05-28,697,20,20,1,2236130,0,Tarjeta de Crédito,Sucursal
8487,2023-06-24,972,18,2,1,1042885,10,Transferencia,Sucursal
8488,2025-02-07,1168,20,20,3,2236130,0,Transferencia,Sucursal
8489,2023-04-13,1061,2,3,3,1484902,10,Transferencia,Online
8490,2026-02-27,1097,22,1,2,1797606,0,Tarjeta de Débito,Online
8491,2025-05-27,1665,4,18,2,2160479,15,Mercado Pago,Online
8492,2023-08-15,1838,3,4,1,1748036,10,Tarjeta de Débito,Sucursal
8493,2025-08-20,184,16,14,2,954116,0,Tarjeta de Crédito,Online
8494,2024-10-31,1565,18,10,1,1042885,10,Tarjeta de Débito,Sucursal
8495,2023-07-06,1438,1,7,2,934942,5,Mercado Pago,Sucursal
8496,2024-10-21,275,3,17,2,1748036,0,Tarjeta de Crédito,Online
8497,2023-06-09,469,5,14,1,658866,0,Tarjeta de Crédito,Sucursal
8498,2023-01-18,3,14,9,1,2132068,0,Tarjeta de Débito,Sucursal
8499,2024-06-04,651,21,5,1,1989781,20,Tarjeta de Débito,Online
8500,2023-05-14,1573,14,10,1,2132068,0,Tarjeta de Crédito,Sucursal
8501,2024-07-18,842,12,20,1,1844344,0,Tarjeta de Crédito,Sucursal
8502,2022-10-28,1334,8,5,2,1661179,0,Tarjeta de Crédito,Sucursal
8503,2025-10-30,1653,7,17,1,1778736,15,Tarjeta de Débito,Sucursal
8504,2024-04-10,1810,18,10,5,1042885,5,Mercado Pago,Sucursal
8505,2025-01-24,795,3,17,2,1748036,0,Mercado Pago,Sucursal
8506,2024-12-17,1096,21,14,2,1989781,0,Transferencia,Online
8507,2022-12-14,1594,14,12,3,2132068,5,Mercado Pago,Online
8508,2024-04-07,1312,6,7,1,1764687,0,Tarjeta de Débito,Sucursal
8509,2026-02-13,504,2,16,1,1484902,5,Tarjeta de Crédito,Sucursal
8510,2023-01-30,655,15,4,1,2254306,10,Transferencia,Sucursal
8511,2025-08-16,85,25,2,3,1853677,0,Tarjeta de Crédito,Sucursal
8512,2025-08-27,215,17,19,1,1455169,0,Transferencia,Sucursal
8513,2024-09-17,314,2,3,1,1484902,10,Mercado Pago,Sucursal
8514,2022-04-10,1015,3,12,3,1748036,0,Transferencia,Sucursal
8515,2021-11-03,1153,20,15,2,2236130,5,Tarjeta de Crédito,Online
8516,2023-04-08,1651,15,13,2,2254306,0,Transferencia,Online
8517,2025-11-17,150,4,5,1,2160479,0,Transferencia,Sucursal
8518,2024-10-28,368,12,2,1,1844344,0,Tarjeta de Crédito,Sucursal
8519,2023-04-29,44,15,7,1,2254306,0,Tarjeta de Crédito,Sucursal
8520,2023-09-12,1227,25,20,2,1853677,10,Tarjeta de Crédito,Sucursal
8521,2021-12-10,842,22,17,1,1797606,15,Tarjeta de Débito,Online
8522,2022-12-25,1731,14,9,2,2132068,5,Tarjeta de Crédito,Online
8523,2024-11-07,679,8,15,1,1661179,0,Transferencia,Online
8524,2021-08-10,711,14,8,1,2132068,10,Tarjeta de Débito,Sucursal
8525,2024-11-22,1785,16,13,1,954116,15,Tarjeta de Crédito,Online
8526,2026-03-09,110,25,20,5,1853677,0,Mercado Pago,Online
8527,2021-07-22,1400,6,15,1,1764687,10,Mercado Pago,Sucursal
8528,2026-02-28,1596,24,2,1,1763627,5,Efectivo,Sucursal
8529,2024-03-15,860,18,20,1,1042885,10,Tarjeta de Crédito,Sucursal
8530,2023-12-11,38,19,7,1,1030169,20,Transferencia,Sucursal
8531,2022-11-10,950,17,11,2,1455169,15,Tarjeta de Débito,Sucursal
8532,2022-10-21,1028,18,12,2,1042885,0,Transferencia,Sucursal
8533,2021-11-30,1176,12,6,1,1844344,5,Tarjeta de Crédito,Online
8534,2024-02-12,1081,10,20,1,2261684,10,Tarjeta de Crédito,Sucursal
8535,2022-09-16,1140,14,5,1,2132068,0,Mercado Pago,Sucursal
8536,2024-04-05,1802,8,14,1,1661179,10,Tarjeta de Crédito,Online
8537,2024-07-15,1160,8,5,1,1661179,15,Tarjeta de Crédito,Sucursal
8538,2021-12-27,535,25,3,1,1853677,15,Tarjeta de Crédito,Sucursal
8539,2022-02-04,123,24,1,1,1763627,0,Tarjeta de Débito,Online
8540,2025-02-22,1580,20,18,1,2236130,0,Tarjeta de Crédito,Sucursal
8541,2026-01-12,475,19,10,1,1030169,0,Transferencia,Online
8542,2023-05-22,356,24,12,1,1763627,15,Tarjeta de Crédito,Online
8543,2023-05-29,844,6,18,1,1764687,0,Transferencia,Sucursal
8544,2026-06-28,736,7,6,2,1778736,0,Mercado Pago,Online
8545,2022-07-27,110,4,16,1,2160479,10,Tarjeta de Crédito,Online
8546,2023-06-13,1814,23,16,1,1928958,0,Tarjeta de Crédito,Sucursal
8547,2026-01-30,456,12,11,2,1844344,20,Tarjeta de Crédito,Sucursal
8548,2023-01-13,222,15,9,2,2254306,5,Tarjeta de Débito,Sucursal
8549,2024-09-19,34,12,2,4,1844344,0,Tarjeta de Débito,Online
8550,2022-07-30,826,6,3,1,1764687,0,Tarjeta de Crédito,Sucursal
8551,2025-12-22,1006,17,13,4,1455169,0,Tarjeta de Crédito,Sucursal
8552,2022-06-03,1917,20,5,1,2236130,15,Tarjeta de Crédito,Sucursal
8553,2023-02-17,1880,3,8,1,1748036,10,Tarjeta de Crédito,Online
8554,2024-03-16,871,9,14,1,944582,0,Tarjeta de Crédito,Sucursal
8555,2023-12-27,816,1,5,1,934942,10,Tarjeta de Crédito,Sucursal
8556,2021-09-17,344,6,15,1,1764687,0,Tarjeta de Crédito,Sucursal
8557,2022-10-26,594,18,14,3,1042885,20,Mercado Pago,Sucursal
8558,2021-12-03,760,17,16,2,1455169,0,Tarjeta de Crédito,Sucursal
8559,2026-02-07,669,11,7,1,1298880,5,Tarjeta de Crédito,Sucursal
8560,2024-06-07,304,15,16,1,2254306,10,Mercado Pago,Online
8561,2025-12-16,1335,9,4,2,944582,0,Tarjeta de Crédito,Sucursal
8562,2026-06-21,901,11,18,1,1298880,0,Tarjeta de Débito,Sucursal
8563,2025-01-14,382,10,4,4,2261684,0,Mercado Pago,Sucursal
8564,2022-09-24,619,9,10,1,944582,10,Tarjeta de Débito,Sucursal
8565,2022-05-01,1490,4,15,1,2160479,0,Mercado Pago,Sucursal
8566,2026-05-28,294,6,18,3,1764687,10,Tarjeta de Crédito,Sucursal
8567,2023-12-16,1035,23,12,1,1928958,0,Tarjeta de Crédito,Sucursal
8568,2021-08-11,1148,9,18,1,944582,30,Tarjeta de Crédito,Online
8569,2022-11-22,985,17,7,2,1455169,0,Tarjeta de Crédito,Sucursal
8570,2024-03-19,1060,17,14,2,1455169,10,Tarjeta de Débito,Sucursal
8571,2025-12-11,192,3,11,1,1748036,0,Tarjeta de Débito,Sucursal
8572,2026-04-21,67,10,17,1,2261684,0,Tarjeta de Crédito,Online
8573,2021-08-06,1476,7,6,1,1778736,0,Transferencia,Sucursal
8574,2022-01-04,1148,24,9,1,1763627,10,Mercado Pago,Sucursal
8575,2022-12-07,1635,7,3,1,1778736,10,Tarjeta de Crédito,Sucursal
8576,2026-05-14,615,16,5,1,954116,10,Tarjeta de Crédito,Sucursal
8577,2024-05-23,1798,18,20,2,1042885,5,Transferencia,Sucursal
8578,2021-10-21,868,12,15,2,1844344,0,Efectivo,Sucursal
8579,2022-08-27,178,8,16,1,1661179,0,Mercado Pago,Online
8580,2025-01-21,294,2,14,1,1484902,0,Tarjeta de Crédito,Sucursal
8581,2025-01-17,1036,8,15,1,1661179,0,Tarjeta de Crédito,Online
8582,2025-06-03,775,18,17,1,1042885,30,Mercado Pago,Sucursal
8583,2022-02-05,1562,7,1,1,1778736,15,Tarjeta de Crédito,Sucursal
8584,2022-03-23,1622,7,6,1,1778736,0,Efectivo,Sucursal
8585,2024-10-07,983,22,10,2,1797606,10,Mercado Pago,Sucursal
8586,2023-04-18,1894,15,13,1,2254306,0,Mercado Pago,Online
8587,2023-12-28,1223,15,19,1,2254306,10,Mercado Pago,Sucursal
8588,2023-06-12,334,25,11,1,1853677,30,Mercado Pago,Sucursal
8589,2025-12-05,1809,4,12,2,2160479,20,Tarjeta de Débito,Sucursal
8590,2023-03-29,863,6,7,1,1764687,0,Mercado Pago,Online
8591,2024-05-20,1591,4,9,1,2160479,0,Tarjeta de Crédito,Sucursal
8592,2023-08-03,1976,25,13,1,1853677,15,Tarjeta de Crédito,Online
8593,2024-03-25,560,19,10,2,1030169,0,Tarjeta de Crédito,Sucursal
8594,2024-03-11,905,7,9,1,1778736,20,Tarjeta de Débito,Online
8595,2023-01-28,332,4,12,1,2160479,0,Tarjeta de Crédito,Sucursal
8596,2022-08-22,654,15,11,1,2254306,0,Mercado Pago,Sucursal
8597,2023-04-26,1402,15,3,1,2254306,0,Tarjeta de Débito,Sucursal
8598,2024-09-05,189,17,17,2,1455169,0,Mercado Pago,Sucursal
8599,2023-12-19,1170,8,5,1,1661179,0,Tarjeta de Crédito,Sucursal
8600,2022-12-31,1411,3,5,1,1748036,0,Efectivo,Sucursal
8601,2022-08-14,1570,3,8,1,1748036,10,Tarjeta de Crédito,Sucursal
8602,2023-12-13,292,4,12,1,2160479,0,Tarjeta de Débito,Online
8603,2023-05-04,1127,1,11,1,934942,5,Tarjeta de Crédito,Online
8604,2025-12-17,913,5,13,1,658866,5,Transferencia,Online
8605,2023-11-28,5,16,15,2,954116,10,Tarjeta de Débito,Online
8606,2024-12-27,789,8,16,1,1661179,0,Mercado Pago,Online
8607,2024-08-21,1571,4,15,4,2160479,0,Efectivo,Sucursal
8608,2024-07-28,8,16,4,2,954116,10,Mercado Pago,Sucursal
8609,2026-02-13,521,23,7,1,1928958,0,Tarjeta de Crédito,Online
8610,2022-09-27,1793,3,1,1,1748036,0,Tarjeta de Crédito,Sucursal
8611,2025-09-11,1724,3,5,1,1748036,15,Tarjeta de Crédito,Sucursal
8612,2023-03-16,707,23,4,1,1928958,0,Transferencia,Sucursal
8613,2022-11-29,1909,6,1,2,1764687,0,Mercado Pago,Sucursal
8614,2022-03-31,1064,21,4,1,1989781,10,Efectivo,Sucursal
8615,2024-06-11,1922,20,5,1,2236130,10,Mercado Pago,Sucursal
8616,2026-03-12,406,3,1,1,1748036,10,Tarjeta de Crédito,Online
8617,2022-10-05,1582,15,8,3,2254306,0,Tarjeta de Crédito,Online
8618,2022-07-10,966,1,18,2,934942,0,Mercado Pago,Online
8619,2024-06-01,886,14,2,3,2132068,5,Tarjeta de Débito,Sucursal
8620,2024-02-07,1890,2,1,1,1484902,15,Tarjeta de Crédito,Sucursal
8621,2024-03-19,946,18,18,1,1042885,0,Tarjeta de Crédito,Sucursal
8622,2022-06-28,1813,20,15,2,2236130,20,Tarjeta de Débito,Sucursal
8623,2021-07-28,1010,16,13,1,954116,5,Mercado Pago,Sucursal
8624,2021-09-02,1027,15,16,1,2254306,0,Tarjeta de Crédito,Sucursal
8625,2022-08-13,662,23,12,1,1928958,0,Mercado Pago,Sucursal
8626,2024-05-18,1836,7,15,1,1778736,0,Mercado Pago,Online
8627,2021-09-24,699,5,19,1,658866,20,Tarjeta de Débito,Sucursal
8628,2022-12-10,12,6,5,1,1764687,10,Tarjeta de Crédito,Sucursal
8629,2023-07-19,1054,6,10,1,1764687,0,Tarjeta de Crédito,Sucursal
8630,2026-04-24,1862,10,4,1,2261684,0,Tarjeta de Débito,Sucursal
8631,2022-04-09,517,6,7,1,1764687,0,Tarjeta de Débito,Sucursal
8632,2024-08-28,1715,21,20,1,1989781,0,Tarjeta de Crédito,Sucursal
8633,2026-02-02,75,25,19,2,1853677,10,Tarjeta de Débito,Sucursal
8634,2022-09-12,831,19,18,1,1030169,0,Transferencia,Sucursal
8635,2023-04-07,1286,2,11,1,1484902,0,Tarjeta de Débito,Sucursal
8636,2026-02-10,182,25,14,1,1853677,5,Tarjeta de Crédito,Sucursal
8637,2023-01-07,1098,18,18,1,1042885,0,Transferencia,Sucursal
8638,2023-10-17,763,18,9,1,1042885,30,Tarjeta de Crédito,Sucursal
8639,2023-07-01,278,14,16,2,2132068,0,Mercado Pago,Sucursal
8640,2021-11-06,390,19,15,2,1030169,5,Mercado Pago,Sucursal
8641,2024-08-18,1609,3,3,1,1748036,0,Tarjeta de Débito,Sucursal
8642,2024-02-28,848,24,11,2,1763627,0,Tarjeta de Débito,Sucursal
8643,2022-03-29,749,23,19,1,1928958,0,Transferencia,Sucursal
8644,2026-01-22,1945,13,4,1,1102174,0,Tarjeta de Crédito,Sucursal
8645,2025-11-23,1103,19,4,1,1030169,0,Mercado Pago,Sucursal
8646,2023-10-06,1726,4,19,1,2160479,10,Transferencia,Sucursal
8647,2023-05-24,272,23,10,3,1928958,0,Tarjeta de Crédito,Sucursal
8648,2021-09-29,130,8,20,3,1661179,0,Mercado Pago,Sucursal
8649,2024-12-05,688,15,19,2,2254306,0,Tarjeta de Crédito,Sucursal
8650,2021-09-25,926,3,2,1,1748036,15,Mercado Pago,Sucursal
8651,2025-11-02,428,7,7,1,1778736,0,Transferencia,Sucursal
8652,2024-09-04,836,11,9,2,1298880,0,Mercado Pago,Online
8653,2024-06-07,1578,7,2,1,1778736,10,Transferencia,Sucursal
8654,2023-04-28,390,9,7,2,944582,15,Tarjeta de Crédito,Online
8655,2022-08-10,428,20,3,3,2236130,5,Tarjeta de Crédito,Online
8656,2022-06-21,488,4,11,1,2160479,0,Tarjeta de Crédito,Sucursal
8657,2025-10-21,71,5,9,1,658866,10,Tarjeta de Crédito,Sucursal
8658,2026-04-03,1135,6,5,1,1764687,0,Mercado Pago,Sucursal
8659,2025-03-16,24,23,12,1,1928958,5,Efectivo,Online
8660,2022-06-07,1427,22,17,1,1797606,5,Tarjeta de Crédito,Sucursal
8661,2024-09-05,1903,6,20,1,1764687,5,Tarjeta de Crédito,Online
8662,2021-09-16,831,20,10,3,2236130,15,Tarjeta de Crédito,Online
8663,2022-08-16,753,23,7,1,1928958,0,Tarjeta de Débito,Sucursal
8664,2025-05-24,772,25,1,2,1853677,0,Tarjeta de Débito,Sucursal
8665,2024-10-26,1483,1,20,3,934942,0,Tarjeta de Débito,Sucursal
8666,2023-12-28,1851,6,7,1,1764687,10,Tarjeta de Crédito,Sucursal
8667,2026-07-01,1033,23,18,1,1928958,10,Tarjeta de Débito,Sucursal
8668,2025-12-18,1563,2,6,1,1484902,0,Tarjeta de Crédito,Online
8669,2022-07-09,1531,9,12,1,944582,0,Tarjeta de Crédito,Sucursal
8670,2023-11-19,1019,21,12,3,1989781,10,Tarjeta de Crédito,Online
8671,2022-04-04,1518,4,8,1,2160479,10,Tarjeta de Crédito,Online
8672,2022-02-02,1360,14,12,2,2132068,0,Tarjeta de Crédito,Sucursal
8673,2021-07-28,373,10,19,1,2261684,10,Tarjeta de Crédito,Online
8674,2022-07-28,1022,19,16,1,1030169,0,Tarjeta de Crédito,Online
8675,2024-08-26,1877,7,20,3,1778736,20,Mercado Pago,Sucursal
8676,2025-09-08,1244,12,1,1,1844344,0,Tarjeta de Crédito,Online
8677,2021-10-04,67,17,15,2,1455169,10,Tarjeta de Débito,Sucursal
8678,2022-03-10,1105,14,14,1,2132068,0,Tarjeta de Crédito,Sucursal
8679,2024-10-11,16,13,16,1,1102174,10,Mercado Pago,Online
8680,2023-08-16,1856,22,3,1,1797606,0,Tarjeta de Crédito,Sucursal
8681,2023-09-28,1913,7,12,1,1778736,5,Tarjeta de Crédito,Online
8682,2025-10-21,1040,24,5,1,1763627,0,Tarjeta de Crédito,Sucursal
8683,2025-08-14,177,7,3,1,1778736,0,Efectivo,Online
8684,2023-10-06,90,14,13,1,2132068,10,Tarjeta de Crédito,Sucursal
8685,2023-10-10,493,16,18,1,954116,0,Tarjeta de Débito,Online
8686,2023-08-07,741,22,8,4,1797606,5,Tarjeta de Crédito,Sucursal
8687,2023-11-25,1806,4,17,1,2160479,30,Tarjeta de Crédito,Sucursal
8688,2026-01-20,496,21,3,1,1989781,10,Transferencia,Sucursal
8689,2025-09-17,679,15,15,2,2254306,15,Tarjeta de Débito,Sucursal
8690,2021-12-11,1910,14,8,1,2132068,20,Tarjeta de Débito,Online
8691,2025-09-05,1962,16,5,1,954116,10,Transferencia,Sucursal
8692,2025-01-06,343,20,3,1,2236130,0,Tarjeta de Débito,Sucursal
8693,2024-07-03,571,23,12,1,1928958,20,Tarjeta de Crédito,Online
8694,2022-06-23,1356,18,11,1,1042885,5,Transferencia,Online
8695,2024-01-21,1689,15,1,1,2254306,0,Mercado Pago,Sucursal
8696,2023-08-06,1516,14,11,1,2132068,0,Efectivo,Sucursal
8697,2023-04-09,1156,15,10,1,2254306,0,Tarjeta de Crédito,Sucursal
8698,2024-12-18,1076,22,20,2,1797606,5,Tarjeta de Débito,Online
8699,2022-08-03,1447,15,12,1,2254306,0,Tarjeta de Débito,Sucursal
8700,2022-05-19,304,16,3,1,954116,20,Tarjeta de Débito,Online
8701,2022-10-27,959,10,15,1,2261684,0,Tarjeta de Crédito,Online
8702,2022-12-17,1304,12,3,1,1844344,0,Transferencia,Sucursal
8703,2022-11-22,470,5,12,2,658866,0,Mercado Pago,Sucursal
8704,2025-07-18,1929,21,19,1,1989781,0,Mercado Pago,Sucursal
8705,2023-02-24,1460,4,6,1,2160479,10,Mercado Pago,Online
8706,2023-03-11,1950,10,7,1,2261684,0,Mercado Pago,Online
8707,2021-10-16,1369,21,9,1,1989781,0,Mercado Pago,Online
8708,2022-11-18,1182,7,5,1,1778736,10,Tarjeta de Débito,Online
8709,2025-11-08,418,25,6,3,1853677,0,Tarjeta de Crédito,Online
8710,2021-09-12,1689,10,12,1,2261684,0,Tarjeta de Crédito,Sucursal
8711,2022-03-04,1454,2,2,1,1484902,0,Mercado Pago,Sucursal
8712,2021-08-17,108,5,20,1,658866,20,Tarjeta de Crédito,Sucursal
8713,2026-06-15,364,18,8,2,1042885,0,Mercado Pago,Online
8714,2024-09-30,176,5,11,5,658866,0,Transferencia,Online
8715,2025-04-18,5,14,17,1,2132068,0,Transferencia,Sucursal
8716,2024-06-01,1269,1,10,1,934942,15,Tarjeta de Débito,Sucursal
8717,2022-10-17,1405,14,9,1,2132068,0,Transferencia,Sucursal
8718,2023-10-27,1783,21,14,1,1989781,5,Tarjeta de Crédito,Sucursal
8719,2025-10-09,448,20,11,1,2236130,20,Transferencia,Sucursal
8720,2026-03-07,132,2,12,3,1484902,0,Mercado Pago,Online
8721,2024-04-29,804,3,14,1,1748036,0,Tarjeta de Débito,Sucursal
8722,2023-02-11,583,15,19,1,2254306,30,Tarjeta de Crédito,Sucursal
8723,2025-12-18,250,16,6,1,954116,0,Transferencia,Sucursal
8724,2023-11-03,312,14,15,1,2132068,15,Tarjeta de Crédito,Online
8725,2025-12-08,393,11,12,1,1298880,0,Tarjeta de Crédito,Online
8726,2025-01-30,694,14,1,1,2132068,0,Tarjeta de Crédito,Sucursal
8727,2022-12-14,719,15,1,1,2254306,15,Mercado Pago,Sucursal
8728,2024-03-11,740,15,12,2,2254306,10,Transferencia,Sucursal
8729,2024-12-15,1449,3,10,2,1748036,0,Tarjeta de Débito,Online
8730,2026-01-26,761,10,8,2,2261684,30,Transferencia,Online
8731,2024-01-30,1385,5,7,1,658866,5,Tarjeta de Débito,Online
8732,2025-11-23,1882,9,18,1,944582,0,Tarjeta de Débito,Online
8733,2024-01-19,543,14,17,1,2132068,0,Tarjeta de Crédito,Online
8734,2025-06-18,925,16,11,1,954116,5,Tarjeta de Crédito,Sucursal
8735,2024-10-09,612,14,14,2,2132068,5,Tarjeta de Crédito,Sucursal
8736,2024-08-29,911,14,16,1,2132068,10,Transferencia,Online
8737,2022-11-28,700,6,3,3,1764687,0,Mercado Pago,Sucursal
8738,2021-08-30,1343,3,20,2,1748036,5,Efectivo,Sucursal
8739,2025-08-23,434,9,7,1,944582,5,Transferencia,Sucursal
8740,2023-04-21,1326,4,10,3,2160479,0,Tarjeta de Crédito,Online
8741,2025-05-19,729,24,2,2,1763627,0,Efectivo,Online
8742,2021-09-21,230,23,16,1,1928958,0,Tarjeta de Débito,Online
8743,2022-11-17,618,21,8,1,1989781,0,Tarjeta de Crédito,Online
8744,2024-09-24,1689,15,4,1,2254306,10,Mercado Pago,Online
8745,2023-05-21,553,11,14,1,1298880,0,Tarjeta de Crédito,Sucursal
8746,2025-12-16,1366,2,6,3,1484902,0,Tarjeta de Crédito,Sucursal
8747,2024-08-21,1483,5,10,1,658866,5,Mercado Pago,Sucursal
8748,2021-10-18,1030,24,4,1,1763627,0,Tarjeta de Débito,Sucursal
8749,2023-09-27,237,8,12,2,1661179,20,Tarjeta de Crédito,Online
8750,2022-08-13,12,5,3,2,658866,0,Tarjeta de Crédito,Sucursal
8751,2023-04-23,1783,17,5,2,1455169,10,Tarjeta de Débito,Sucursal
8752,2023-02-07,375,6,8,1,1764687,0,Tarjeta de Crédito,Online
8753,2023-09-29,400,15,12,1,2254306,0,Tarjeta de Crédito,Online
8754,2021-09-22,225,7,3,4,1778736,0,Tarjeta de Crédito,Online
8755,2025-02-23,1190,21,4,2,1989781,10,Tarjeta de Débito,Sucursal
8756,2022-09-11,385,7,13,2,1778736,0,Tarjeta de Crédito,Sucursal
8757,2024-09-03,595,20,13,1,2236130,0,Transferencia,Sucursal
8758,2024-04-08,1244,25,7,2,1853677,0,Tarjeta de Débito,Sucursal
8759,2025-08-17,1474,14,19,1,2132068,10,Tarjeta de Crédito,Online
8760,2025-12-04,1872,12,5,1,1844344,0,Tarjeta de Crédito,Sucursal
8761,2022-04-29,1613,2,1,1,1484902,30,Tarjeta de Débito,Sucursal
8762,2025-12-06,738,3,2,1,1748036,0,Tarjeta de Crédito,Online
8763,2022-01-19,1236,21,13,1,1989781,10,Tarjeta de Crédito,Sucursal
8764,2026-06-14,80,11,9,1,1298880,15,Tarjeta de Débito,Sucursal
8765,2025-05-11,1960,8,2,1,1661179,0,Tarjeta de Crédito,Sucursal
8766,2024-09-07,930,24,19,1,1763627,0,Tarjeta de Crédito,Sucursal
8767,2023-04-10,1063,23,12,2,1928958,0,Tarjeta de Débito,Sucursal
8768,2023-09-02,1448,14,2,1,2132068,0,Transferencia,Sucursal
8769,2021-12-06,835,23,20,2,1928958,5,Tarjeta de Crédito,Online
8770,2022-03-01,1658,4,3,5,2160479,15,Tarjeta de Crédito,Online
8771,2025-08-07,1783,12,1,2,1844344,5,Tarjeta de Crédito,Online
8772,2022-05-07,1948,1,15,1,934942,0,Tarjeta de Débito,Online
8773,2024-06-09,1259,8,12,1,1661179,10,Transferencia,Sucursal
8774,2022-12-03,261,22,8,1,1797606,0,Tarjeta de Débito,Online
8775,2023-10-22,1874,8,4,1,1661179,0,Mercado Pago,Online
8776,2021-10-01,1118,25,15,1,1853677,5,Mercado Pago,Sucursal
8777,2025-03-02,1983,7,1,1,1778736,5,Tarjeta de Crédito,Online
8778,2025-04-30,1578,13,14,1,1102174,0,Tarjeta de Crédito,Sucursal
8779,2024-11-06,1128,16,1,1,954116,0,Tarjeta de Crédito,Sucursal
8780,2026-06-05,1117,2,20,1,1484902,5,Tarjeta de Débito,Sucursal
8781,2026-05-05,1189,1,9,2,934942,10,Mercado Pago,Online
8782,2024-10-17,838,9,19,1,944582,0,Tarjeta de Crédito,Online
8783,2024-06-25,1534,7,20,1,1778736,5,Tarjeta de Crédito,Sucursal
8784,2023-08-07,1736,24,1,2,1763627,10,Tarjeta de Débito,Online
8785,2026-03-17,1196,25,19,2,1853677,0,Tarjeta de Débito,Online
8786,2023-05-27,1480,24,3,1,1763627,0,Tarjeta de Débito,Sucursal
8787,2022-05-12,1739,17,8,1,1455169,5,Mercado Pago,Online
8788,2026-04-14,170,12,19,3,1844344,0,Transferencia,Online
8789,2022-01-18,1605,3,18,2,1748036,10,Tarjeta de Débito,Online
8790,2022-07-27,543,2,12,2,1484902,15,Tarjeta de Crédito,Sucursal
8791,2023-09-06,302,21,6,1,1989781,0,Tarjeta de Crédito,Sucursal
8792,2026-05-20,1205,6,15,3,1764687,10,Mercado Pago,Sucursal
8793,2024-05-18,417,17,9,1,1455169,0,Tarjeta de Crédito,Sucursal
8794,2024-04-06,1093,12,2,2,1844344,0,Tarjeta de Crédito,Sucursal
8795,2023-08-19,757,5,6,2,658866,10,Tarjeta de Crédito,Online
8796,2025-10-02,1598,13,8,2,1102174,0,Mercado Pago,Sucursal
8797,2023-04-20,1802,8,17,1,1661179,0,Mercado Pago,Sucursal
8798,2025-05-28,818,15,9,1,2254306,5,Tarjeta de Débito,Sucursal
8799,2025-05-20,962,6,20,1,1764687,15,Tarjeta de Crédito,Sucursal
8800,2023-05-07,374,25,14,1,1853677,0,Transferencia,Sucursal
8801,2024-09-25,893,4,2,1,2160479,0,Tarjeta de Crédito,Sucursal
8802,2024-12-27,1708,15,18,1,2254306,5,Tarjeta de Crédito,Sucursal
8803,2026-06-05,118,12,1,1,1844344,0,Tarjeta de Crédito,Sucursal
8804,2022-09-09,1078,21,20,1,1989781,0,Tarjeta de Débito,Online
8805,2024-06-11,78,18,17,1,1042885,0,Transferencia,Online
8806,2025-07-27,1432,10,8,1,2261684,0,Efectivo,Sucursal
8807,2025-10-22,213,17,10,1,1455169,5,Tarjeta de Crédito,Sucursal
8808,2022-02-08,487,24,4,2,1763627,5,Tarjeta de Crédito,Sucursal
8809,2024-12-08,109,18,4,1,1042885,10,Tarjeta de Débito,Sucursal
8810,2026-05-05,346,24,13,1,1763627,0,Tarjeta de Débito,Sucursal
8811,2023-01-20,434,25,11,1,1853677,0,Transferencia,Sucursal
8812,2024-02-01,1104,5,16,3,658866,0,Transferencia,Sucursal
8813,2021-10-13,1860,22,18,1,1797606,10,Tarjeta de Débito,Online
8814,2024-07-04,110,9,5,1,944582,0,Tarjeta de Crédito,Sucursal
8815,2022-04-02,820,1,13,1,934942,15,Tarjeta de Crédito,Sucursal
8816,2021-09-04,1611,20,9,1,2236130,0,Mercado Pago,Sucursal
8817,2022-11-13,332,3,3,1,1748036,10,Transferencia,Sucursal
8818,2023-12-30,1071,6,19,3,1764687,0,Tarjeta de Crédito,Sucursal
8819,2024-12-25,1757,13,1,1,1102174,0,Tarjeta de Crédito,Online
8820,2023-10-25,1627,1,7,1,934942,0,Tarjeta de Débito,Online
8821,2023-01-22,1028,12,19,1,1844344,0,Tarjeta de Crédito,Online
8822,2021-12-29,1863,7,11,1,1778736,10,Tarjeta de Débito,Sucursal
8823,2025-05-14,561,11,13,1,1298880,0,Tarjeta de Crédito,Sucursal
8824,2022-07-14,582,1,10,1,934942,0,Tarjeta de Crédito,Online
8825,2021-12-20,1614,20,18,1,2236130,15,Transferencia,Online
8826,2025-12-01,352,21,18,1,1989781,10,Mercado Pago,Sucursal
8827,2022-06-06,303,14,11,1,2132068,0,Mercado Pago,Online
8828,2024-06-01,607,21,9,1,1989781,10,Tarjeta de Crédito,Online
8829,2023-01-02,1982,10,7,1,2261684,0,Tarjeta de Crédito,Sucursal
8830,2022-12-29,1097,12,3,2,1844344,30,Tarjeta de Crédito,Sucursal
8831,2023-09-03,1698,3,2,1,1748036,5,Tarjeta de Crédito,Online
8832,2022-09-02,222,12,1,2,1844344,0,Tarjeta de Crédito,Sucursal
8833,2025-09-03,848,9,19,2,944582,5,Transferencia,Sucursal
8834,2023-02-26,592,22,5,1,1797606,15,Tarjeta de Crédito,Online
8835,2024-12-12,1358,9,15,1,944582,20,Tarjeta de Crédito,Sucursal
8836,2024-11-27,1328,23,16,1,1928958,5,Transferencia,Online
8837,2022-11-11,1886,19,7,4,1030169,10,Tarjeta de Débito,Online
8838,2023-01-16,854,15,2,2,2254306,0,Tarjeta de Crédito,Online
8839,2025-01-05,801,11,12,1,1298880,0,Tarjeta de Débito,Online
8840,2022-06-25,512,7,17,1,1778736,5,Mercado Pago,Sucursal
8841,2023-03-27,672,19,3,1,1030169,0,Tarjeta de Crédito,Sucursal
8842,2021-07-12,1293,24,17,1,1763627,20,Mercado Pago,Sucursal
8843,2022-11-16,1429,20,3,3,2236130,30,Mercado Pago,Online
8844,2022-02-08,514,4,11,4,2160479,15,Tarjeta de Crédito,Sucursal
8845,2025-08-23,140,2,15,2,1484902,10,Mercado Pago,Sucursal
8846,2025-04-21,451,1,16,1,934942,0,Tarjeta de Débito,Online
8847,2025-08-25,1744,24,19,1,1763627,15,Tarjeta de Crédito,Online
8848,2024-05-11,938,7,5,1,1778736,0,Tarjeta de Crédito,Sucursal
8849,2024-11-23,575,16,10,2,954116,0,Mercado Pago,Sucursal
8850,2022-09-23,1696,12,4,1,1844344,0,Tarjeta de Débito,Online
8851,2023-04-24,1277,2,2,1,1484902,5,Tarjeta de Débito,Sucursal
8852,2022-12-03,1354,24,6,2,1763627,5,Mercado Pago,Online
8853,2021-07-30,167,8,19,2,1661179,0,Tarjeta de Crédito,Sucursal
8854,2023-11-18,1021,17,11,1,1455169,5,Mercado Pago,Sucursal
8855,2026-06-25,613,1,18,3,934942,0,Tarjeta de Crédito,Sucursal
8856,2025-05-31,1462,9,18,1,944582,0,Mercado Pago,Sucursal
8857,2021-10-24,676,18,17,1,1042885,0,Tarjeta de Crédito,Sucursal
8858,2022-02-28,1025,13,7,1,1102174,20,Mercado Pago,Sucursal
8859,2023-10-10,1594,6,1,1,1764687,0,Mercado Pago,Online
8860,2022-07-01,505,16,20,2,954116,5,Efectivo,Online
8861,2024-07-18,620,10,14,2,2261684,0,Tarjeta de Crédito,Sucursal
8862,2022-02-11,1276,17,19,1,1455169,0,Mercado Pago,Online
8863,2023-01-11,651,6,7,5,1764687,0,Tarjeta de Crédito,Sucursal
8864,2022-11-29,1814,5,8,4,658866,10,Mercado Pago,Sucursal
8865,2024-10-12,553,15,17,1,2254306,15,Tarjeta de Débito,Sucursal
8866,2023-04-27,1663,15,13,2,2254306,0,Mercado Pago,Sucursal
8867,2026-03-29,1949,22,2,1,1797606,0,Tarjeta de Crédito,Sucursal
8868,2025-07-12,999,9,4,1,944582,0,Tarjeta de Débito,Sucursal
8869,2024-11-06,1079,25,4,4,1853677,0,Efectivo,Sucursal
8870,2024-07-25,1612,14,2,1,2132068,0,Tarjeta de Crédito,Sucursal
8871,2022-10-05,59,8,11,2,1661179,0,Tarjeta de Crédito,Online
8872,2022-06-26,984,19,7,1,1030169,0,Tarjeta de Crédito,Sucursal
8873,2025-12-01,511,1,10,3,934942,0,Tarjeta de Crédito,Sucursal
8874,2026-05-23,925,5,16,1,658866,10,Tarjeta de Crédito,Sucursal
8875,2026-05-08,1235,14,3,2,2132068,5,Tarjeta de Crédito,Sucursal
8876,2026-01-21,1786,10,18,1,2261684,5,Tarjeta de Crédito,Sucursal
8877,2024-11-11,345,23,17,1,1928958,10,Tarjeta de Crédito,Sucursal
8878,2025-01-08,1375,9,7,1,944582,0,Mercado Pago,Sucursal
8879,2022-07-10,884,8,17,2,1661179,0,Tarjeta de Crédito,Online
8880,2024-07-26,1093,19,2,1,1030169,0,Tarjeta de Crédito,Online
8881,2025-08-15,689,15,5,2,2254306,0,Mercado Pago,Online
8882,2025-08-03,884,17,16,2,1455169,5,Tarjeta de Crédito,Online
8883,2021-11-19,226,17,17,5,1455169,0,Tarjeta de Débito,Sucursal
8884,2024-09-25,1364,1,18,1,934942,0,Tarjeta de Crédito,Online
8885,2024-03-27,1140,4,17,2,2160479,15,Tarjeta de Débito,Sucursal
8886,2022-12-08,1110,16,17,1,954116,0,Tarjeta de Débito,Online
8887,2023-08-30,55,9,3,1,944582,10,Tarjeta de Débito,Sucursal
8888,2022-09-02,1392,21,10,1,1989781,10,Mercado Pago,Sucursal
8889,2021-08-28,1642,23,12,1,1928958,0,Transferencia,Sucursal
8890,2024-03-20,1534,2,5,2,1484902,0,Tarjeta de Crédito,Sucursal
8891,2022-02-25,1648,12,5,5,1844344,0,Mercado Pago,Sucursal
8892,2025-07-22,504,25,17,5,1853677,10,Tarjeta de Crédito,Online
8893,2024-09-24,1103,13,13,1,1102174,0,Efectivo,Online
8894,2025-09-07,404,2,10,1,1484902,10,Tarjeta de Crédito,Sucursal
8895,2021-12-26,152,13,4,1,1102174,0,Tarjeta de Crédito,Sucursal
8896,2025-01-20,1698,22,10,1,1797606,0,Tarjeta de Crédito,Sucursal
8897,2025-11-09,1788,15,13,1,2254306,0,Tarjeta de Crédito,Online
8898,2024-12-25,1726,13,13,1,1102174,0,Tarjeta de Crédito,Sucursal
8899,2025-10-19,913,5,16,2,658866,5,Tarjeta de Crédito,Sucursal
8900,2026-04-23,146,9,8,1,944582,0,Mercado Pago,Sucursal
8901,2023-02-11,733,24,8,1,1763627,5,Tarjeta de Crédito,Sucursal
8902,2022-08-26,929,7,19,2,1778736,0,Mercado Pago,Online
8903,2023-01-06,783,16,5,1,954116,10,Tarjeta de Débito,Sucursal
8904,2023-11-02,1497,10,20,1,2261684,5,Tarjeta de Crédito,Sucursal
8905,2022-09-25,1435,8,14,1,1661179,15,Mercado Pago,Sucursal
8906,2022-07-29,1475,3,3,1,1748036,5,Tarjeta de Crédito,Sucursal
8907,2022-11-01,1519,11,17,1,1298880,5,Efectivo,Online
8908,2024-12-15,220,1,4,2,934942,20,Mercado Pago,Sucursal
8909,2022-04-15,788,10,15,1,2261684,0,Tarjeta de Crédito,Sucursal
8910,2024-01-15,1592,9,8,1,944582,10,Mercado Pago,Sucursal
8911,2021-09-16,478,23,4,1,1928958,15,Tarjeta de Crédito,Online
8912,2025-04-19,1146,6,20,1,1764687,5,Mercado Pago,Online
8913,2023-01-20,370,3,14,1,1748036,5,Efectivo,Sucursal
8914,2023-07-13,1498,21,4,1,1989781,0,Tarjeta de Crédito,Sucursal
8915,2024-05-21,1506,8,9,1,1661179,0,Mercado Pago,Sucursal
8916,2023-12-23,1047,18,12,1,1042885,0,Efectivo,Online
8917,2025-03-04,1343,20,15,1,2236130,5,Tarjeta de Crédito,Online
8918,2023-02-05,945,24,13,1,1763627,10,Tarjeta de Crédito,Online
8919,2025-09-11,1990,10,19,1,2261684,10,Tarjeta de Crédito,Sucursal
8920,2024-04-24,278,4,11,2,2160479,0,Tarjeta de Crédito,Online
8921,2023-01-10,683,13,16,1,1102174,0,Tarjeta de Crédito,Sucursal
8922,2025-08-16,357,9,10,1,944582,10,Transferencia,Sucursal
8923,2024-09-26,754,2,13,1,1484902,0,Tarjeta de Crédito,Sucursal
8924,2023-07-27,508,4,10,3,2160479,0,Transferencia,Sucursal
8925,2023-12-18,730,7,4,1,1778736,5,Tarjeta de Crédito,Online
8926,2021-07-06,736,17,8,2,1455169,0,Transferencia,Online
8927,2022-06-27,183,23,7,1,1928958,0,Mercado Pago,Sucursal
8928,2023-06-18,1761,25,10,1,1853677,10,Tarjeta de Crédito,Online
8929,2024-10-28,1922,8,3,1,1661179,0,Tarjeta de Débito,Sucursal
8930,2025-09-07,1967,7,19,1,1778736,0,Tarjeta de Débito,Online
8931,2026-04-22,221,8,6,1,1661179,20,Tarjeta de Crédito,Online
8932,2026-04-23,1525,12,14,1,1844344,5,Tarjeta de Crédito,Online
8933,2022-11-09,1803,6,4,1,1764687,0,Tarjeta de Débito,Sucursal
8934,2025-03-06,410,23,3,1,1928958,10,Tarjeta de Débito,Sucursal
8935,2024-07-30,553,16,7,1,954116,0,Tarjeta de Crédito,Sucursal
8936,2023-01-18,1810,10,7,2,2261684,0,Tarjeta de Crédito,Online
8937,2025-05-31,1496,6,14,2,1764687,20,Tarjeta de Débito,Sucursal
8938,2021-08-15,1878,22,1,1,1797606,0,Mercado Pago,Online
8939,2024-12-18,1597,21,4,1,1989781,0,Mercado Pago,Sucursal
8940,2023-11-10,810,6,1,1,1764687,0,Tarjeta de Crédito,Sucursal
8941,2022-11-02,863,12,10,1,1844344,0,Efectivo,Sucursal
8942,2023-07-30,466,14,6,4,2132068,10,Tarjeta de Débito,Sucursal
8943,2023-07-11,170,5,14,2,658866,10,Tarjeta de Crédito,Sucursal
8944,2023-11-01,1278,10,2,1,2261684,5,Mercado Pago,Online
8945,2023-04-06,1791,24,20,5,1763627,20,Mercado Pago,Online
8946,2024-08-31,1972,6,9,1,1764687,30,Tarjeta de Crédito,Online
8947,2026-04-16,46,5,8,1,658866,10,Tarjeta de Crédito,Sucursal
8948,2024-09-18,803,21,18,2,1989781,10,Mercado Pago,Online
8949,2025-07-09,1826,11,16,1,1298880,0,Transferencia,Sucursal
8950,2021-11-24,1878,7,12,1,1778736,0,Tarjeta de Crédito,Sucursal
8951,2021-09-26,52,10,19,1,2261684,0,Tarjeta de Crédito,Sucursal
8952,2022-01-26,1883,18,7,2,1042885,5,Tarjeta de Crédito,Sucursal
8953,2022-06-05,1232,11,4,3,1298880,30,Tarjeta de Débito,Online
8954,2024-12-01,545,25,2,1,1853677,10,Tarjeta de Débito,Sucursal
8955,2023-09-27,1154,5,19,1,658866,10,Mercado Pago,Online
8956,2025-11-18,216,1,16,1,934942,0,Tarjeta de Crédito,Sucursal
8957,2023-09-05,9,23,11,2,1928958,10,Tarjeta de Crédito,Online
8958,2026-03-03,1032,20,10,1,2236130,10,Tarjeta de Crédito,Sucursal
8959,2022-11-20,462,6,7,1,1764687,10,Tarjeta de Débito,Sucursal
8960,2023-04-24,396,10,10,2,2261684,5,Tarjeta de Crédito,Online
8961,2025-02-16,647,24,18,1,1763627,0,Transferencia,Sucursal
8962,2025-04-03,249,6,9,1,1764687,0,Tarjeta de Crédito,Sucursal
8963,2025-02-03,1874,23,12,2,1928958,0,Mercado Pago,Sucursal
8964,2022-06-27,1916,1,5,1,934942,0,Tarjeta de Crédito,Sucursal
8965,2022-03-10,1583,10,1,1,2261684,15,Mercado Pago,Online
8966,2025-05-23,744,17,6,1,1455169,0,Tarjeta de Débito,Sucursal
8967,2024-08-16,76,22,7,1,1797606,0,Mercado Pago,Sucursal
8968,2021-08-21,1897,22,13,1,1797606,0,Tarjeta de Débito,Sucursal
8969,2025-12-24,1126,19,11,3,1030169,0,Tarjeta de Crédito,Sucursal
8970,2022-10-27,1531,18,14,1,1042885,0,Mercado Pago,Sucursal
8971,2022-07-25,1761,19,10,1,1030169,15,Tarjeta de Crédito,Online
8972,2023-02-16,1564,21,7,1,1989781,0,Tarjeta de Crédito,Sucursal
8973,2024-03-10,1502,4,8,1,2160479,0,Mercado Pago,Sucursal
8974,2022-08-03,1450,17,4,2,1455169,10,Tarjeta de Crédito,Sucursal
8975,2022-08-05,297,22,20,1,1797606,15,Tarjeta de Crédito,Online
8976,2025-04-02,1547,7,8,1,1778736,10,Tarjeta de Crédito,Online
8977,2025-04-06,488,6,14,1,1764687,0,Tarjeta de Crédito,Sucursal
8978,2023-07-21,421,4,17,1,2160479,0,Tarjeta de Crédito,Sucursal
8979,2025-09-01,241,7,14,1,1778736,0,Tarjeta de Débito,Online
8980,2024-05-23,697,22,5,1,1797606,5,Tarjeta de Crédito,Sucursal
8981,2025-09-09,1293,6,9,1,1764687,5,Tarjeta de Crédito,Online
8982,2023-02-19,454,5,20,1,658866,0,Tarjeta de Débito,Sucursal
8983,2025-08-07,1847,4,17,3,2160479,0,Mercado Pago,Sucursal
8984,2023-06-16,1679,2,17,1,1484902,0,Mercado Pago,Sucursal
8985,2025-08-24,871,18,12,1,1042885,5,Tarjeta de Crédito,Online
8986,2023-06-22,969,13,10,1,1102174,10,Tarjeta de Crédito,Sucursal
8987,2025-10-23,849,12,2,1,1844344,5,Tarjeta de Crédito,Sucursal
8988,2024-08-10,256,7,13,3,1778736,0,Tarjeta de Débito,Sucursal
8989,2025-01-15,1387,2,2,3,1484902,5,Mercado Pago,Sucursal
8990,2025-05-17,1298,24,11,1,1763627,0,Transferencia,Sucursal
8991,2023-01-19,1303,16,1,2,954116,0,Tarjeta de Crédito,Sucursal
8992,2022-12-01,1835,1,9,1,934942,5,Tarjeta de Débito,Sucursal
8993,2025-06-06,196,24,1,1,1763627,15,Mercado Pago,Online
8994,2024-09-30,1530,10,20,1,2261684,0,Tarjeta de Crédito,Online
8995,2023-03-17,226,2,16,2,1484902,0,Mercado Pago,Sucursal
8996,2022-03-24,1704,12,9,1,1844344,0,Mercado Pago,Sucursal
8997,2025-09-30,1060,21,8,1,1989781,0,Tarjeta de Crédito,Sucursal
8998,2024-11-05,296,5,9,1,658866,5,Transferencia,Online
8999,2023-12-03,1106,13,2,1,1102174,10,Tarjeta de Crédito,Sucursal
9000,2024-06-20,312,20,4,2,2236130,0,Mercado Pago,Sucursal
9001,2021-10-15,1916,20,8,1,2236130,0,Transferencia,Sucursal
9002,2023-10-29,1422,8,2,1,1661179,0,Tarjeta de Crédito,Sucursal
9003,2023-12-17,1894,9,15,2,944582,5,Tarjeta de Débito,Online
9004,2024-07-20,60,19,16,2,1030169,30,Tarjeta de Crédito,Sucursal
9005,2024-10-08,1117,16,9,1,954116,10,Tarjeta de Crédito,Online
9006,2022-07-06,949,24,15,2,1763627,10,Transferencia,Sucursal
9007,2022-05-16,84,7,5,1,1778736,0,Tarjeta de Crédito,Online
9008,2023-06-22,942,6,17,1,1764687,10,Tarjeta de Crédito,Sucursal
9009,2023-07-17,626,9,20,1,944582,0,Transferencia,Online
9010,2023-06-10,856,22,14,5,1797606,0,Tarjeta de Débito,Sucursal
9011,2024-07-20,1368,9,4,2,944582,0,Tarjeta de Crédito,Online
9012,2023-07-29,896,17,1,1,1455169,5,Transferencia,Sucursal
9013,2025-08-30,478,1,15,1,934942,0,Tarjeta de Débito,Sucursal
9014,2022-04-22,1157,9,7,1,944582,0,Mercado Pago,Sucursal
9015,2024-02-02,373,17,6,1,1455169,10,Tarjeta de Crédito,Online
9016,2025-08-14,1128,3,17,3,1748036,0,Tarjeta de Crédito,Sucursal
9017,2024-01-10,1849,16,12,1,954116,10,Tarjeta de Crédito,Sucursal
9018,2021-07-13,121,8,10,2,1661179,0,Tarjeta de Crédito,Sucursal
9019,2022-06-05,2000,24,3,1,1763627,0,Efectivo,Sucursal
9020,2022-01-26,1678,9,2,2,944582,0,Mercado Pago,Online
9021,2025-07-12,1410,6,13,1,1764687,0,Tarjeta de Crédito,Sucursal
9022,2022-01-19,1833,10,2,1,2261684,10,Tarjeta de Crédito,Online
9023,2022-01-19,1226,8,19,1,1661179,0,Tarjeta de Crédito,Sucursal
9024,2021-07-22,281,10,12,1,2261684,0,Tarjeta de Débito,Sucursal
9025,2024-06-17,1713,8,15,2,1661179,0,Transferencia,Sucursal
9026,2021-11-26,1266,19,1,1,1030169,15,Tarjeta de Crédito,Sucursal
9027,2024-10-01,1131,18,4,1,1042885,5,Mercado Pago,Online
9028,2025-02-07,872,1,17,1,934942,0,Tarjeta de Crédito,Sucursal
9029,2024-02-07,509,11,18,1,1298880,0,Tarjeta de Crédito,Sucursal
9030,2025-09-02,206,14,19,1,2132068,0,Mercado Pago,Sucursal
9031,2022-07-30,1888,20,4,1,2236130,0,Tarjeta de Crédito,Sucursal
9032,2026-03-29,1603,18,10,2,1042885,10,Tarjeta de Débito,Sucursal
9033,2025-01-26,1606,5,10,1,658866,0,Transferencia,Online
9034,2025-10-21,1320,6,2,1,1764687,5,Mercado Pago,Sucursal
9035,2022-09-28,1981,22,13,3,1797606,10,Tarjeta de Crédito,Sucursal
9036,2022-05-14,900,7,13,3,1778736,20,Tarjeta de Crédito,Sucursal
9037,2022-01-10,550,12,14,1,1844344,0,Tarjeta de Débito,Sucursal
9038,2021-10-16,1134,7,4,1,1778736,0,Efectivo,Online
9039,2021-11-06,39,24,19,4,1763627,15,Tarjeta de Crédito,Online
9040,2025-06-23,672,17,5,1,1455169,0,Tarjeta de Crédito,Sucursal
9041,2024-02-22,152,3,15,1,1748036,0,Tarjeta de Crédito,Sucursal
9042,2022-07-08,1221,22,14,2,1797606,5,Tarjeta de Crédito,Sucursal
9043,2025-09-30,1839,3,10,1,1748036,0,Efectivo,Online
9044,2023-05-12,735,14,17,3,2132068,5,Tarjeta de Crédito,Sucursal
9045,2023-07-22,229,24,14,1,1763627,5,Tarjeta de Crédito,Online
9046,2026-07-04,695,9,5,1,944582,15,Tarjeta de Débito,Sucursal
9047,2024-07-03,958,9,17,2,944582,0,Tarjeta de Crédito,Online
9048,2023-08-05,1535,11,2,1,1298880,5,Tarjeta de Débito,Sucursal
9049,2026-03-23,1225,14,3,1,2132068,0,Tarjeta de Crédito,Sucursal
9050,2024-12-08,912,17,11,1,1455169,0,Mercado Pago,Sucursal
9051,2022-02-06,1739,16,17,1,954116,15,Tarjeta de Débito,Online
9052,2024-02-14,1272,18,13,2,1042885,10,Tarjeta de Crédito,Online
9053,2022-06-09,1333,17,6,1,1455169,0,Mercado Pago,Sucursal
9054,2022-10-18,83,2,15,1,1484902,0,Tarjeta de Débito,Online
9055,2022-05-16,21,22,8,1,1797606,0,Tarjeta de Crédito,Sucursal
9056,2022-01-06,970,13,12,1,1102174,0,Tarjeta de Crédito,Sucursal
9057,2022-05-01,1280,11,7,2,1298880,0,Tarjeta de Débito,Sucursal
9058,2022-05-12,798,6,19,1,1764687,0,Tarjeta de Débito,Sucursal
9059,2022-02-01,1322,19,20,1,1030169,15,Mercado Pago,Sucursal
9060,2023-11-25,1176,18,10,1,1042885,20,Transferencia,Sucursal
9061,2023-03-16,65,12,5,1,1844344,10,Tarjeta de Crédito,Online
9062,2023-04-13,1367,3,16,1,1748036,0,Tarjeta de Crédito,Sucursal
9063,2022-08-10,1420,17,15,2,1455169,15,Tarjeta de Crédito,Online
9064,2022-12-05,1147,2,8,1,1484902,0,Tarjeta de Crédito,Sucursal
9065,2022-05-15,1287,9,7,1,944582,0,Efectivo,Sucursal
9066,2025-12-30,897,9,12,2,944582,0,Tarjeta de Crédito,Online
9067,2025-05-25,1039,12,5,1,1844344,0,Tarjeta de Crédito,Sucursal
9068,2021-11-28,1082,20,5,1,2236130,20,Mercado Pago,Sucursal
9069,2025-04-30,1802,12,9,1,1844344,5,Tarjeta de Crédito,Online
9070,2022-04-02,1606,14,13,1,2132068,0,Mercado Pago,Online
9071,2023-02-13,1365,3,18,1,1748036,0,Transferencia,Sucursal
9072,2023-06-28,1567,17,2,1,1455169,0,Tarjeta de Crédito,Sucursal
9073,2022-12-16,218,7,14,1,1778736,10,Tarjeta de Débito,Online
9074,2023-05-29,988,23,3,3,1928958,0,Tarjeta de Crédito,Online
9075,2025-01-13,1106,1,4,1,934942,5,Tarjeta de Crédito,Sucursal
9076,2024-07-26,1772,22,19,1,1797606,0,Mercado Pago,Online
9077,2022-03-30,1583,24,11,2,1763627,20,Tarjeta de Crédito,Sucursal
9078,2021-07-27,1417,24,8,4,1763627,0,Tarjeta de Crédito,Sucursal
9079,2026-05-06,310,25,1,3,1853677,20,Tarjeta de Débito,Sucursal
9080,2022-04-22,1667,16,13,1,954116,15,Efectivo,Online
9081,2023-05-19,81,11,2,3,1298880,15,Tarjeta de Crédito,Sucursal
9082,2025-10-13,494,3,7,1,1748036,5,Tarjeta de Débito,Online
9083,2025-10-11,1205,8,16,3,1661179,0,Mercado Pago,Sucursal
9084,2024-01-02,136,13,20,1,1102174,0,Tarjeta de Crédito,Online
9085,2026-04-09,1137,7,20,1,1778736,0,Tarjeta de Crédito,Online
9086,2022-04-02,1395,21,17,1,1989781,0,Transferencia,Online
9087,2022-07-19,259,21,10,1,1989781,0,Efectivo,Online
9088,2022-07-30,978,20,4,1,2236130,0,Tarjeta de Débito,Online
9089,2026-02-23,898,17,10,1,1455169,0,Transferencia,Sucursal
9090,2025-01-25,1353,1,6,2,934942,10,Tarjeta de Crédito,Sucursal
9091,2025-04-20,1926,12,20,2,1844344,0,Efectivo,Sucursal
9092,2021-12-06,1827,24,1,2,1763627,10,Tarjeta de Crédito,Sucursal
9093,2024-01-11,129,9,12,1,944582,15,Mercado Pago,Sucursal
9094,2024-12-23,1001,13,4,1,1102174,0,Tarjeta de Débito,Sucursal
9095,2026-02-15,1421,24,7,1,1763627,15,Efectivo,Sucursal
9096,2025-07-26,1235,6,15,1,1764687,0,Mercado Pago,Online
9097,2024-11-19,484,7,2,2,1778736,0,Tarjeta de Crédito,Sucursal
9098,2024-09-29,1555,25,11,1,1853677,0,Tarjeta de Crédito,Sucursal
9099,2023-07-25,866,25,13,1,1853677,0,Mercado Pago,Sucursal
9100,2025-03-15,537,8,1,1,1661179,0,Tarjeta de Débito,Online
9101,2021-11-28,57,20,15,1,2236130,0,Tarjeta de Crédito,Sucursal
9102,2022-11-01,1507,24,8,3,1763627,0,Tarjeta de Débito,Sucursal
9103,2024-08-18,1167,4,18,1,2160479,0,Tarjeta de Crédito,Online
9104,2025-08-01,1924,14,12,1,2132068,10,Tarjeta de Crédito,Online
9105,2025-09-14,1956,15,1,1,2254306,0,Tarjeta de Crédito,Sucursal
9106,2021-11-04,433,10,7,1,2261684,15,Tarjeta de Crédito,Sucursal
9107,2023-08-14,1778,2,9,1,1484902,10,Tarjeta de Crédito,Online
9108,2024-09-08,1382,8,11,1,1661179,0,Tarjeta de Crédito,Sucursal
9109,2023-08-19,681,10,6,1,2261684,0,Transferencia,Sucursal
9110,2024-08-04,957,6,11,1,1764687,10,Transferencia,Online
9111,2024-02-09,1440,4,1,1,2160479,0,Tarjeta de Crédito,Sucursal
9112,2025-09-25,464,24,2,2,1763627,5,Tarjeta de Crédito,Sucursal
9113,2021-08-18,1464,15,15,1,2254306,5,Tarjeta de Débito,Sucursal
9114,2024-07-22,645,16,20,3,954116,30,Mercado Pago,Sucursal
9115,2024-07-08,617,6,6,1,1764687,10,Tarjeta de Crédito,Sucursal
9116,2025-09-10,923,4,16,2,2160479,10,Tarjeta de Crédito,Online
9117,2022-07-03,945,19,16,3,1030169,15,Tarjeta de Crédito,Sucursal
9118,2023-09-03,1571,4,18,2,2160479,0,Transferencia,Sucursal
9119,2021-12-22,1405,21,12,2,1989781,0,Transferencia,Sucursal
9120,2024-07-14,244,4,17,1,2160479,5,Tarjeta de Débito,Sucursal
9121,2026-01-01,429,2,8,1,1484902,5,Mercado Pago,Online
9122,2022-10-08,869,2,13,2,1484902,5,Tarjeta de Crédito,Sucursal
9123,2025-01-31,208,21,9,2,1989781,5,Tarjeta de Crédito,Sucursal
9124,2023-03-21,43,10,5,2,2261684,0,Tarjeta de Crédito,Sucursal
9125,2021-11-29,1368,20,4,1,2236130,10,Tarjeta de Crédito,Sucursal
9126,2023-06-19,361,11,9,1,1298880,5,Mercado Pago,Online
9127,2026-06-19,104,10,7,1,2261684,0,Mercado Pago,Sucursal
9128,2022-12-25,7,8,11,1,1661179,5,Tarjeta de Crédito,Sucursal
9129,2026-02-01,601,15,11,1,2254306,0,Tarjeta de Crédito,Online
9130,2023-07-14,1218,16,20,1,954116,0,Tarjeta de Crédito,Sucursal
9131,2026-04-29,990,18,10,1,1042885,10,Tarjeta de Débito,Sucursal
9132,2024-06-14,932,22,15,1,1797606,0,Tarjeta de Débito,Sucursal
9133,2021-11-06,1671,14,16,2,2132068,0,Tarjeta de Crédito,Online
9134,2024-10-27,1602,16,1,2,954116,0,Mercado Pago,Sucursal
9135,2022-09-13,1411,23,8,2,1928958,0,Mercado Pago,Online
9136,2022-10-12,140,11,16,2,1298880,0,Tarjeta de Crédito,Online
9137,2024-10-24,314,25,12,1,1853677,0,Mercado Pago,Sucursal
9138,2024-07-06,1176,21,12,1,1989781,0,Mercado Pago,Online
9139,2025-07-28,717,15,11,1,2254306,10,Mercado Pago,Sucursal
9140,2024-04-09,1349,19,12,1,1030169,0,Mercado Pago,Online
9141,2024-02-04,1788,17,16,3,1455169,0,Transferencia,Online
9142,2023-05-03,1280,14,10,1,2132068,0,Transferencia,Online
9143,2025-03-29,1070,1,15,1,934942,0,Tarjeta de Crédito,Sucursal
9144,2025-10-02,908,3,8,2,1748036,0,Tarjeta de Crédito,Sucursal
9145,2025-02-15,573,14,5,1,2132068,10,Tarjeta de Crédito,Sucursal
9146,2023-05-31,227,18,18,1,1042885,0,Tarjeta de Crédito,Sucursal
9147,2023-01-23,367,4,14,3,2160479,0,Tarjeta de Crédito,Online
9148,2026-05-04,1678,8,6,1,1661179,5,Tarjeta de Débito,Online
9149,2026-03-31,862,3,16,1,1748036,0,Tarjeta de Crédito,Online
9150,2024-04-21,1437,12,7,1,1844344,10,Tarjeta de Débito,Sucursal
9151,2024-07-27,1225,7,10,1,1778736,10,Tarjeta de Crédito,Sucursal
9152,2023-09-29,412,19,9,1,1030169,0,Tarjeta de Crédito,Sucursal
9153,2022-10-25,1725,7,4,3,1778736,0,Tarjeta de Crédito,Sucursal
9154,2024-02-25,707,22,8,1,1797606,0,Tarjeta de Débito,Sucursal
9155,2024-08-16,1536,22,2,1,1797606,0,Tarjeta de Crédito,Sucursal
9156,2024-03-21,624,20,15,1,2236130,0,Tarjeta de Crédito,Sucursal
9157,2024-07-27,1242,14,13,2,2132068,0,Tarjeta de Débito,Online
9158,2022-01-22,691,20,9,1,2236130,0,Tarjeta de Crédito,Online
9159,2024-09-11,84,22,20,2,1797606,0,Mercado Pago,Online
9160,2024-05-19,60,1,13,4,934942,10,Tarjeta de Débito,Sucursal
9161,2025-11-13,37,5,14,1,658866,0,Tarjeta de Crédito,Sucursal
9162,2024-10-13,619,24,7,1,1763627,5,Tarjeta de Crédito,Online
9163,2024-05-29,1894,2,1,1,1484902,0,Tarjeta de Crédito,Online
9164,2021-10-06,1077,12,5,1,1844344,20,Tarjeta de Crédito,Online
9165,2025-02-07,1157,1,3,2,934942,0,Tarjeta de Crédito,Sucursal
9166,2026-03-02,553,3,13,1,1748036,0,Tarjeta de Débito,Sucursal
9167,2023-01-16,1024,6,9,3,1764687,20,Efectivo,Online
9168,2024-02-17,974,19,4,3,1030169,0,Transferencia,Sucursal
9169,2025-02-21,853,1,10,1,934942,10,Tarjeta de Crédito,Sucursal
9170,2024-11-15,1605,17,16,1,1455169,0,Tarjeta de Crédito,Online
9171,2024-01-11,1078,22,14,1,1797606,0,Tarjeta de Débito,Online
9172,2022-10-06,1572,15,9,1,2254306,10,Tarjeta de Crédito,Online
9173,2026-06-06,1526,20,6,1,2236130,0,Transferencia,Sucursal
9174,2023-06-28,185,1,20,2,934942,0,Mercado Pago,Sucursal
9175,2024-05-30,1431,23,4,4,1928958,0,Tarjeta de Débito,Sucursal
9176,2022-12-15,538,11,2,2,1298880,0,Tarjeta de Débito,Online
9177,2021-12-08,1516,24,6,1,1763627,0,Tarjeta de Crédito,Online
9178,2024-03-18,157,2,8,1,1484902,0,Transferencia,Sucursal
9179,2022-08-23,1458,25,6,1,1853677,0,Transferencia,Online
9180,2024-02-03,1805,24,11,2,1763627,0,Mercado Pago,Sucursal
9181,2022-08-19,1550,19,9,1,1030169,5,Tarjeta de Crédito,Online
9182,2025-01-13,834,1,2,2,934942,0,Transferencia,Sucursal
9183,2026-05-08,1496,1,6,1,934942,0,Tarjeta de Crédito,Online
9184,2021-10-16,506,10,11,3,2261684,0,Mercado Pago,Sucursal
9185,2026-02-13,154,4,12,1,2160479,5,Transferencia,Sucursal
9186,2025-03-08,12,17,9,1,1455169,5,Transferencia,Sucursal
9187,2025-04-28,1391,8,1,1,1661179,5,Transferencia,Online
9188,2023-05-18,1339,11,2,1,1298880,0,Mercado Pago,Sucursal
9189,2021-08-14,310,12,10,2,1844344,0,Mercado Pago,Sucursal
9190,2025-04-22,713,7,7,2,1778736,5,Tarjeta de Débito,Sucursal
9191,2024-05-28,1089,20,17,3,2236130,0,Tarjeta de Crédito,Sucursal
9192,2025-06-16,240,10,4,1,2261684,0,Tarjeta de Crédito,Online
9193,2024-10-04,1129,14,5,1,2132068,5,Tarjeta de Débito,Sucursal
9194,2023-03-22,1429,10,7,1,2261684,0,Tarjeta de Crédito,Sucursal
9195,2023-04-20,1968,10,17,1,2261684,0,Tarjeta de Crédito,Sucursal
9196,2026-05-16,407,20,12,1,2236130,0,Transferencia,Online
9197,2021-08-18,809,2,1,1,1484902,15,Tarjeta de Crédito,Sucursal
9198,2022-11-08,499,12,17,1,1844344,0,Tarjeta de Crédito,Sucursal
9199,2023-06-06,888,25,4,1,1853677,15,Tarjeta de Crédito,Online
9200,2026-01-01,1593,14,8,1,2132068,0,Mercado Pago,Sucursal
9201,2024-11-13,398,11,1,1,1298880,0,Tarjeta de Crédito,Online
9202,2024-11-30,1071,11,17,2,1298880,0,Tarjeta de Débito,Sucursal
9203,2024-10-11,1810,10,11,1,2261684,0,Tarjeta de Crédito,Sucursal
9204,2025-03-02,1394,8,5,1,1661179,5,Tarjeta de Débito,Sucursal
9205,2024-11-29,30,2,6,4,1484902,0,Tarjeta de Crédito,Sucursal
9206,2024-03-09,156,14,9,1,2132068,5,Tarjeta de Crédito,Sucursal
9207,2026-03-26,865,2,18,2,1484902,0,Mercado Pago,Sucursal
9208,2026-02-06,1587,23,10,1,1928958,0,Mercado Pago,Sucursal
9209,2022-11-07,1938,8,1,1,1661179,0,Mercado Pago,Sucursal
9210,2025-09-25,368,3,19,1,1748036,20,Mercado Pago,Sucursal
9211,2025-07-02,926,5,2,1,658866,0,Tarjeta de Crédito,Online
9212,2024-06-15,1101,3,9,1,1748036,10,Mercado Pago,Sucursal
9213,2022-02-26,1553,19,15,1,1030169,0,Mercado Pago,Sucursal
9214,2022-05-21,1888,13,13,1,1102174,0,Tarjeta de Crédito,Online
9215,2026-06-13,97,17,14,2,1455169,0,Tarjeta de Crédito,Sucursal
9216,2026-04-21,523,10,8,2,2261684,5,Tarjeta de Débito,Sucursal
9217,2023-03-09,538,10,20,1,2261684,0,Tarjeta de Crédito,Sucursal
9218,2021-07-04,971,24,10,1,1763627,10,Tarjeta de Crédito,Sucursal
9219,2022-02-28,1258,12,13,1,1844344,0,Tarjeta de Débito,Online
9220,2021-07-09,1968,9,1,1,944582,0,Tarjeta de Crédito,Sucursal
9221,2021-11-03,1461,18,5,1,1042885,0,Tarjeta de Débito,Sucursal
9222,2021-12-23,1793,7,16,1,1778736,5,Tarjeta de Crédito,Sucursal
9223,2025-08-29,1343,6,20,1,1764687,5,Mercado Pago,Online
9224,2024-11-01,791,22,17,1,1797606,5,Tarjeta de Débito,Sucursal
9225,2025-04-23,756,23,18,1,1928958,10,Tarjeta de Crédito,Sucursal
9226,2024-07-25,1898,9,19,1,944582,0,Mercado Pago,Sucursal
9227,2022-02-02,1,17,10,1,1455169,0,Tarjeta de Crédito,Sucursal
9228,2021-12-13,545,4,8,1,2160479,0,Tarjeta de Débito,Sucursal
9229,2022-09-02,326,20,3,2,2236130,5,Tarjeta de Crédito,Sucursal
9230,2023-05-26,449,11,11,1,1298880,10,Tarjeta de Débito,Online
9231,2022-05-24,1454,22,3,1,1797606,0,Tarjeta de Débito,Sucursal
9232,2021-09-05,1514,15,18,1,2254306,0,Tarjeta de Crédito,Sucursal
9233,2023-10-19,1367,3,17,1,1748036,5,Transferencia,Sucursal
9234,2023-07-22,1096,10,6,1,2261684,10,Tarjeta de Crédito,Online
9235,2022-11-27,1940,13,12,3,1102174,0,Mercado Pago,Sucursal
9236,2024-10-01,624,4,12,1,2160479,0,Tarjeta de Débito,Sucursal
9237,2024-11-18,96,9,19,1,944582,0,Tarjeta de Crédito,Sucursal
9238,2025-05-27,565,11,9,1,1298880,5,Tarjeta de Crédito,Sucursal
9239,2021-09-15,1622,11,14,1,1298880,0,Tarjeta de Crédito,Online
9240,2026-02-24,1709,22,19,2,1797606,0,Tarjeta de Crédito,Sucursal
9241,2025-05-12,1896,18,20,1,1042885,15,Tarjeta de Crédito,Sucursal
9242,2025-02-02,1518,13,19,3,1102174,15,Mercado Pago,Sucursal
9243,2023-12-15,116,25,6,2,1853677,10,Tarjeta de Crédito,Sucursal
9244,2022-04-21,1274,22,12,1,1797606,10,Mercado Pago,Online
9245,2025-03-08,1589,9,17,5,944582,0,Tarjeta de Débito,Online
9246,2023-01-26,1887,22,1,1,1797606,0,Tarjeta de Débito,Sucursal
9247,2023-07-09,56,12,17,2,1844344,0,Tarjeta de Crédito,Sucursal
9248,2023-08-10,937,5,3,1,658866,10,Efectivo,Online
9249,2024-05-15,1388,20,15,2,2236130,0,Transferencia,Sucursal
9250,2024-06-23,936,17,19,1,1455169,0,Tarjeta de Crédito,Online
9251,2022-09-29,241,12,18,3,1844344,10,Tarjeta de Crédito,Sucursal
9252,2026-04-25,542,13,14,3,1102174,0,Tarjeta de Débito,Online
9253,2023-08-31,1610,17,15,2,1455169,15,Mercado Pago,Sucursal
9254,2023-09-16,993,10,1,1,2261684,0,Tarjeta de Crédito,Sucursal
9255,2023-01-30,1627,14,19,2,2132068,0,Tarjeta de Crédito,Online
9256,2021-11-26,844,17,9,1,1455169,0,Mercado Pago,Sucursal
9257,2025-09-08,67,19,6,1,1030169,0,Transferencia,Sucursal
9258,2022-01-11,1067,17,13,1,1455169,0,Tarjeta de Débito,Online
9259,2023-05-31,671,2,4,1,1484902,5,Tarjeta de Débito,Sucursal
9260,2024-12-16,854,4,10,1,2160479,0,Mercado Pago,Sucursal
9261,2022-11-27,471,17,15,1,1455169,0,Tarjeta de Crédito,Sucursal
9262,2025-02-21,586,7,1,1,1778736,0,Mercado Pago,Online
9263,2021-10-27,301,24,15,1,1763627,30,Tarjeta de Débito,Sucursal
9264,2025-06-12,1947,3,4,1,1748036,15,Tarjeta de Débito,Sucursal
9265,2023-09-01,974,4,9,1,2160479,10,Mercado Pago,Sucursal
9266,2026-02-26,1603,23,5,3,1928958,0,Mercado Pago,Online
9267,2025-01-22,1147,3,12,1,1748036,0,Transferencia,Sucursal
9268,2024-06-13,1036,18,1,1,1042885,0,Tarjeta de Débito,Online
9269,2022-03-15,157,12,1,1,1844344,0,Tarjeta de Crédito,Online
9270,2022-04-01,569,21,8,1,1989781,5,Transferencia,Online
9271,2025-03-24,52,12,11,1,1844344,0,Efectivo,Sucursal
9272,2022-10-25,268,21,5,1,1989781,0,Tarjeta de Crédito,Online
9273,2024-02-26,1189,25,13,1,1853677,0,Tarjeta de Crédito,Online
9274,2026-04-24,1967,6,5,1,1764687,0,Transferencia,Sucursal
9275,2026-06-09,165,11,13,3,1298880,0,Tarjeta de Débito,Online
9276,2022-06-19,544,11,17,1,1298880,0,Mercado Pago,Sucursal
9277,2022-08-21,1458,3,2,1,1748036,0,Tarjeta de Crédito,Sucursal
9278,2025-12-05,1076,17,2,2,1455169,5,Tarjeta de Débito,Sucursal
9279,2025-07-06,1170,14,12,1,2132068,10,Tarjeta de Crédito,Sucursal
9280,2024-09-26,472,11,15,1,1298880,10,Tarjeta de Crédito,Sucursal
9281,2025-09-13,581,4,7,1,2160479,0,Tarjeta de Crédito,Sucursal
9282,2024-09-26,1505,13,9,2,1102174,20,Tarjeta de Crédito,Sucursal
9283,2022-05-26,1162,16,15,2,954116,0,Mercado Pago,Sucursal
9284,2023-11-10,1010,14,12,1,2132068,0,Tarjeta de Crédito,Online
9285,2021-11-13,1406,25,18,1,1853677,0,Mercado Pago,Sucursal
9286,2023-05-04,467,24,17,1,1763627,0,Transferencia,Online
9287,2026-06-19,356,8,9,3,1661179,0,Tarjeta de Crédito,Online
9288,2023-08-23,866,9,4,1,944582,5,Mercado Pago,Sucursal
9289,2022-01-28,767,25,4,1,1853677,0,Tarjeta de Crédito,Sucursal
9290,2025-11-01,1681,3,1,1,1748036,5,Mercado Pago,Sucursal
9291,2022-04-23,1966,12,3,1,1844344,0,Tarjeta de Débito,Online
9292,2026-02-04,798,18,15,1,1042885,0,Tarjeta de Débito,Online
9293,2022-04-09,765,8,10,1,1661179,0,Mercado Pago,Sucursal
9294,2025-04-07,526,9,17,1,944582,0,Tarjeta de Débito,Sucursal
9295,2022-09-21,187,20,13,1,2236130,10,Efectivo,Online
9296,2022-06-03,1557,23,11,1,1928958,5,Tarjeta de Crédito,Online
9297,2022-08-23,515,11,8,3,1298880,0,Transferencia,Sucursal
9298,2022-04-13,1903,4,11,1,2160479,15,Tarjeta de Débito,Online
9299,2025-10-06,1110,18,8,1,1042885,0,Mercado Pago,Sucursal
9300,2023-01-10,170,3,1,1,1748036,0,Tarjeta de Crédito,Sucursal
9301,2022-12-27,1051,13,1,1,1102174,0,Tarjeta de Débito,Online
9302,2023-11-04,655,5,8,2,658866,10,Mercado Pago,Online
9303,2022-04-07,1387,22,15,1,1797606,5,Transferencia,Sucursal
9304,2024-11-07,1458,12,17,1,1844344,0,Tarjeta de Crédito,Online
9305,2025-10-16,1602,21,8,3,1989781,0,Tarjeta de Crédito,Sucursal
9306,2025-06-15,181,2,5,1,1484902,0,Mercado Pago,Sucursal
9307,2021-10-27,1988,12,18,1,1844344,0,Tarjeta de Crédito,Sucursal
9308,2024-03-02,1226,3,13,1,1748036,0,Tarjeta de Crédito,Sucursal
9309,2024-01-13,84,23,12,1,1928958,10,Efectivo,Sucursal
9310,2023-11-15,1522,8,18,3,1661179,0,Mercado Pago,Sucursal
9311,2023-08-28,1085,16,16,1,954116,0,Mercado Pago,Online
9312,2021-11-05,1308,9,6,1,944582,15,Tarjeta de Crédito,Sucursal
9313,2025-07-06,1801,15,7,1,2254306,5,Tarjeta de Crédito,Sucursal
9314,2022-04-26,817,7,18,2,1778736,0,Tarjeta de Crédito,Sucursal
9315,2024-10-01,1877,14,5,1,2132068,5,Tarjeta de Crédito,Sucursal
9316,2026-05-13,870,4,6,1,2160479,0,Transferencia,Online
9317,2023-03-31,609,7,5,1,1778736,15,Tarjeta de Crédito,Online
9318,2025-06-30,400,7,17,1,1778736,0,Tarjeta de Débito,Online
9319,2022-09-15,1998,19,20,1,1030169,0,Efectivo,Online
9320,2021-08-29,219,9,12,1,944582,5,Tarjeta de Crédito,Sucursal
9321,2024-06-30,217,1,1,1,934942,10,Transferencia,Sucursal
9322,2022-12-19,923,17,2,1,1455169,15,Tarjeta de Crédito,Sucursal
9323,2025-10-26,648,23,1,2,1928958,20,Tarjeta de Crédito,Online
9324,2022-02-27,256,13,17,2,1102174,0,Mercado Pago,Sucursal
9325,2025-10-21,712,20,4,2,2236130,0,Tarjeta de Crédito,Sucursal
9326,2023-07-22,857,16,10,1,954116,5,Efectivo,Sucursal
9327,2024-07-17,1417,10,5,1,2261684,10,Tarjeta de Débito,Sucursal
9328,2023-11-30,921,10,5,1,2261684,0,Tarjeta de Débito,Sucursal
9329,2023-04-25,395,4,14,1,2160479,0,Tarjeta de Crédito,Online
9330,2023-06-09,271,15,2,1,2254306,0,Mercado Pago,Sucursal
9331,2025-01-15,154,17,8,1,1455169,20,Mercado Pago,Sucursal
9332,2025-10-03,1456,6,1,1,1764687,5,Tarjeta de Crédito,Online
9333,2023-06-11,1170,13,16,1,1102174,15,Tarjeta de Débito,Online
9334,2025-04-14,1046,17,6,1,1455169,0,Tarjeta de Débito,Sucursal
9335,2023-01-17,65,13,3,1,1102174,10,Tarjeta de Crédito,Sucursal
9336,2022-01-25,812,13,15,2,1102174,5,Efectivo,Online
9337,2025-11-14,237,16,1,1,954116,0,Transferencia,Sucursal
9338,2022-02-15,1984,19,1,1,1030169,15,Tarjeta de Crédito,Sucursal
9339,2021-08-19,469,20,4,2,2236130,5,Tarjeta de Crédito,Sucursal
9340,2023-04-12,661,22,6,1,1797606,0,Tarjeta de Crédito,Sucursal
9341,2023-04-13,283,4,2,1,2160479,0,Tarjeta de Crédito,Online
9342,2025-04-02,1478,20,17,2,2236130,0,Tarjeta de Débito,Online
9343,2023-08-01,983,15,3,1,2254306,10,Mercado Pago,Sucursal
9344,2024-01-04,1731,24,11,1,1763627,5,Transferencia,Sucursal
9345,2022-01-12,1358,3,7,1,1748036,5,Tarjeta de Crédito,Sucursal
9346,2025-08-13,1734,19,9,3,1030169,0,Tarjeta de Crédito,Online
9347,2026-04-14,1278,16,11,3,954116,15,Tarjeta de Crédito,Online
9348,2025-07-04,1311,18,3,1,1042885,10,Transferencia,Sucursal
9349,2024-08-05,837,14,3,1,2132068,0,Tarjeta de Crédito,Online
9350,2024-12-04,1926,24,6,2,1763627,0,Tarjeta de Crédito,Online
9351,2024-12-30,582,24,7,1,1763627,15,Tarjeta de Débito,Online
9352,2023-04-10,1476,9,17,1,944582,0,Mercado Pago,Sucursal
9353,2022-01-29,637,20,4,1,2236130,5,Tarjeta de Débito,Sucursal
9354,2022-04-08,775,15,7,1,2254306,0,Efectivo,Sucursal
9355,2025-06-26,1672,24,15,2,1763627,0,Tarjeta de Débito,Online
9356,2024-10-16,1151,6,3,1,1764687,0,Transferencia,Sucursal
9357,2023-12-26,1597,1,4,1,934942,15,Mercado Pago,Sucursal
9358,2024-10-12,210,16,16,1,954116,0,Tarjeta de Crédito,Online
9359,2021-09-01,20,6,6,2,1764687,5,Tarjeta de Crédito,Sucursal
9360,2023-05-10,242,3,9,1,1748036,15,Transferencia,Sucursal
9361,2023-04-06,829,21,16,1,1989781,0,Transferencia,Sucursal
9362,2025-12-20,95,15,19,1,2254306,5,Mercado Pago,Sucursal
9363,2022-04-21,1722,20,16,2,2236130,15,Tarjeta de Crédito,Online
9364,2023-04-29,74,2,8,1,1484902,0,Tarjeta de Crédito,Sucursal
9365,2025-07-28,1053,4,13,1,2160479,0,Tarjeta de Débito,Sucursal
9366,2025-11-16,331,24,3,1,1763627,0,Tarjeta de Crédito,Sucursal
9367,2021-07-20,1813,1,14,1,934942,0,Mercado Pago,Sucursal
9368,2022-12-29,813,20,14,1,2236130,0,Mercado Pago,Online
9369,2025-10-21,742,2,7,1,1484902,10,Tarjeta de Débito,Sucursal
9370,2025-07-03,1351,8,16,1,1661179,0,Mercado Pago,Online
9371,2023-09-28,133,14,12,1,2132068,10,Tarjeta de Débito,Sucursal
9372,2021-08-23,1792,15,3,1,2254306,10,Transferencia,Sucursal
9373,2022-10-13,1235,13,15,1,1102174,15,Transferencia,Sucursal
9374,2022-12-20,921,20,3,1,2236130,5,Tarjeta de Crédito,Online
9375,2024-07-20,1520,23,11,1,1928958,0,Mercado Pago,Sucursal
9376,2024-04-30,180,16,7,4,954116,10,Tarjeta de Crédito,Sucursal
9377,2021-09-05,988,4,18,1,2160479,0,Mercado Pago,Sucursal
9378,2022-10-26,1200,23,1,1,1928958,0,Mercado Pago,Sucursal
9379,2023-12-31,1980,9,2,1,944582,0,Mercado Pago,Online
9380,2026-05-25,786,19,9,1,1030169,5,Transferencia,Sucursal
9381,2024-11-10,1608,9,1,1,944582,10,Mercado Pago,Sucursal
9382,2024-08-14,1381,3,19,2,1748036,20,Tarjeta de Crédito,Online
9383,2024-09-11,292,8,14,5,1661179,0,Efectivo,Sucursal
9384,2022-09-18,825,11,14,1,1298880,10,Transferencia,Sucursal
9385,2026-02-21,713,15,5,1,2254306,0,Mercado Pago,Sucursal
9386,2024-12-29,952,14,6,1,2132068,5,Tarjeta de Crédito,Sucursal
9387,2024-06-26,450,4,20,2,2160479,0,Mercado Pago,Sucursal
9388,2024-02-08,1371,11,5,3,1298880,0,Tarjeta de Crédito,Sucursal
9389,2025-02-17,1401,10,10,1,2261684,10,Transferencia,Sucursal
9390,2023-03-06,1747,24,14,5,1763627,15,Tarjeta de Crédito,Sucursal
9391,2021-10-09,1398,13,1,4,1102174,0,Tarjeta de Crédito,Sucursal
9392,2024-10-27,547,11,14,1,1298880,10,Tarjeta de Crédito,Online
9393,2023-06-20,1531,2,2,1,1484902,0,Mercado Pago,Sucursal
9394,2024-04-13,1801,5,15,2,658866,0,Tarjeta de Débito,Online
9395,2026-01-17,1310,23,18,1,1928958,0,Mercado Pago,Sucursal
9396,2024-10-19,1258,2,5,2,1484902,15,Tarjeta de Débito,Online
9397,2024-07-03,1104,22,13,1,1797606,10,Transferencia,Sucursal
9398,2025-08-08,1816,18,14,1,1042885,15,Tarjeta de Crédito,Sucursal
9399,2021-12-06,998,19,1,1,1030169,0,Tarjeta de Crédito,Sucursal
9400,2024-08-01,815,22,2,1,1797606,5,Tarjeta de Débito,Online
9401,2023-10-28,612,14,14,1,2132068,20,Mercado Pago,Sucursal
9402,2026-02-21,685,15,19,1,2254306,0,Tarjeta de Crédito,Sucursal
9403,2023-12-03,966,3,19,1,1748036,0,Mercado Pago,Sucursal
9404,2022-10-23,1042,23,7,3,1928958,20,Mercado Pago,Sucursal
9405,2025-03-06,1500,21,10,1,1989781,0,Tarjeta de Crédito,Online
9406,2023-07-10,1127,10,5,3,2261684,0,Tarjeta de Crédito,Sucursal
9407,2025-01-18,1831,20,6,5,2236130,30,Tarjeta de Crédito,Online
9408,2021-11-02,897,24,10,1,1763627,0,Tarjeta de Crédito,Sucursal
9409,2023-06-30,1768,21,4,2,1989781,0,Mercado Pago,Sucursal
9410,2021-12-05,124,17,4,1,1455169,15,Tarjeta de Crédito,Sucursal
9411,2022-03-15,852,11,6,2,1298880,0,Tarjeta de Débito,Sucursal
9412,2024-09-14,1312,17,7,2,1455169,0,Tarjeta de Crédito,Sucursal
9413,2023-10-21,1826,21,5,1,1989781,0,Tarjeta de Crédito,Sucursal
9414,2024-12-29,247,19,14,1,1030169,0,Tarjeta de Crédito,Online
9415,2025-01-17,377,7,6,1,1778736,5,Tarjeta de Crédito,Sucursal
9416,2021-10-12,1413,8,12,1,1661179,15,Tarjeta de Débito,Sucursal
9417,2025-04-23,1369,20,3,1,2236130,0,Tarjeta de Crédito,Online
9418,2024-12-04,576,10,3,1,2261684,0,Tarjeta de Crédito,Sucursal
9419,2025-03-28,676,23,7,1,1928958,0,Mercado Pago,Online
9420,2021-11-26,50,3,9,2,1748036,5,Tarjeta de Crédito,Sucursal
9421,2023-01-14,1201,17,4,1,1455169,5,Tarjeta de Crédito,Sucursal
9422,2024-06-10,354,12,1,3,1844344,0,Transferencia,Sucursal
9423,2026-02-12,1591,23,20,3,1928958,5,Tarjeta de Crédito,Online
9424,2022-11-11,753,14,11,2,2132068,0,Transferencia,Sucursal
9425,2022-01-08,84,11,4,1,1298880,0,Transferencia,Sucursal
9426,2023-09-14,1089,16,7,1,954116,30,Tarjeta de Crédito,Online
9427,2026-03-09,1678,22,12,1,1797606,0,Tarjeta de Crédito,Online
9428,2023-08-22,1119,13,10,1,1102174,0,Efectivo,Sucursal
9429,2023-08-20,320,25,12,1,1853677,0,Tarjeta de Crédito,Sucursal
9430,2022-02-17,1923,11,7,3,1298880,10,Tarjeta de Débito,Online
9431,2023-05-01,928,23,6,3,1928958,0,Mercado Pago,Sucursal
9432,2026-03-13,415,7,12,2,1778736,20,Tarjeta de Débito,Sucursal
9433,2024-11-20,1505,16,4,2,954116,5,Tarjeta de Crédito,Sucursal
9434,2022-06-26,804,14,8,1,2132068,0,Tarjeta de Débito,Sucursal
9435,2023-10-15,1140,20,8,1,2236130,0,Mercado Pago,Sucursal
9436,2024-09-03,1537,11,8,1,1298880,5,Tarjeta de Crédito,Online
9437,2022-04-04,1023,3,7,1,1748036,0,Tarjeta de Crédito,Sucursal
9438,2022-06-12,1186,24,1,2,1763627,0,Mercado Pago,Online
9439,2026-06-08,898,24,15,1,1763627,5,Tarjeta de Crédito,Sucursal
9440,2023-10-05,1721,13,9,1,1102174,5,Efectivo,Sucursal
9441,2022-03-23,1435,7,8,1,1778736,0,Tarjeta de Crédito,Sucursal
9442,2025-12-21,803,10,18,1,2261684,0,Tarjeta de Crédito,Sucursal
9443,2025-11-16,1637,6,16,1,1764687,0,Efectivo,Online
9444,2023-11-29,963,9,20,2,944582,0,Tarjeta de Crédito,Sucursal
9445,2025-01-05,295,21,9,1,1989781,15,Tarjeta de Crédito,Sucursal
9446,2022-07-02,637,4,7,1,2160479,0,Mercado Pago,Sucursal
9447,2025-10-01,743,1,13,1,934942,0,Tarjeta de Crédito,Online
9448,2025-04-22,1676,2,8,1,1484902,0,Efectivo,Sucursal
9449,2024-05-15,41,9,16,1,944582,0,Tarjeta de Débito,Sucursal
9450,2024-05-18,1703,6,12,2,1764687,0,Tarjeta de Débito,Sucursal
9451,2023-01-15,885,19,20,1,1030169,0,Mercado Pago,Online
9452,2024-02-18,1348,17,10,2,1455169,0,Tarjeta de Débito,Sucursal
9453,2022-03-12,580,10,5,1,2261684,0,Mercado Pago,Sucursal
9454,2022-01-17,1191,1,13,2,934942,5,Tarjeta de Crédito,Sucursal
9455,2024-06-13,1293,4,17,1,2160479,0,Transferencia,Online
9456,2025-07-01,1129,14,7,2,2132068,0,Tarjeta de Débito,Sucursal
9457,2024-02-05,1716,1,1,1,934942,20,Tarjeta de Crédito,Sucursal
9458,2023-08-13,211,22,5,1,1797606,5,Tarjeta de Débito,Sucursal
9459,2024-08-27,1791,8,12,1,1661179,0,Mercado Pago,Sucursal
9460,2025-04-04,411,19,2,1,1030169,0,Tarjeta de Crédito,Sucursal
9461,2024-03-30,415,15,1,3,2254306,10,Transferencia,Online
9462,2026-02-05,896,20,20,5,2236130,0,Tarjeta de Crédito,Sucursal
9463,2022-06-26,726,13,9,2,1102174,0,Efectivo,Online
9464,2022-02-07,784,6,17,1,1764687,0,Tarjeta de Débito,Sucursal
9465,2023-05-20,1044,5,19,2,658866,10,Tarjeta de Crédito,Sucursal
9466,2025-09-09,1282,8,11,1,1661179,20,Efectivo,Sucursal
9467,2023-12-10,662,15,2,1,2254306,0,Tarjeta de Crédito,Sucursal
9468,2021-09-03,1090,24,13,2,1763627,0,Tarjeta de Crédito,Sucursal
9469,2022-06-22,1760,20,3,1,2236130,0,Mercado Pago,Sucursal
9470,2024-01-22,1784,14,12,1,2132068,0,Tarjeta de Crédito,Online
9471,2022-12-30,1160,3,14,1,1748036,0,Tarjeta de Débito,Sucursal
9472,2024-08-16,1099,5,17,1,658866,0,Transferencia,Sucursal
9473,2022-04-05,738,11,17,1,1298880,0,Tarjeta de Crédito,Online
9474,2022-10-20,1958,8,20,1,1661179,10,Efectivo,Online
9475,2024-10-03,1426,21,7,1,1989781,10,Transferencia,Online
9476,2023-08-24,264,17,14,1,1455169,0,Tarjeta de Crédito,Sucursal
9477,2026-04-07,1956,14,2,1,2132068,0,Mercado Pago,Sucursal
9478,2024-01-22,542,2,16,1,1484902,0,Tarjeta de Crédito,Online
9479,2024-01-30,1493,5,18,1,658866,20,Tarjeta de Crédito,Online
9480,2022-09-22,315,6,4,1,1764687,15,Tarjeta de Crédito,Sucursal
9481,2022-09-23,247,9,15,1,944582,20,Tarjeta de Débito,Sucursal
9482,2023-04-16,1928,12,4,1,1844344,20,Tarjeta de Crédito,Online
9483,2025-01-02,648,6,5,1,1764687,0,Mercado Pago,Sucursal
9484,2024-02-06,1098,22,19,1,1797606,10,Tarjeta de Crédito,Sucursal
9485,2025-05-12,1157,7,9,2,1778736,10,Tarjeta de Crédito,Sucursal
9486,2023-08-05,3,12,12,1,1844344,15,Tarjeta de Crédito,Sucursal
9487,2023-09-09,1493,25,5,1,1853677,10,Transferencia,Sucursal
9488,2023-09-18,550,25,4,1,1853677,0,Tarjeta de Crédito,Online
9489,2023-07-17,455,11,10,1,1298880,0,Tarjeta de Débito,Online
9490,2023-09-05,533,11,6,4,1298880,0,Tarjeta de Débito,Sucursal
9491,2022-04-07,884,16,4,2,954116,10,Efectivo,Sucursal
9492,2023-07-21,916,11,13,1,1298880,0,Mercado Pago,Online
9493,2025-07-29,1872,4,16,4,2160479,0,Tarjeta de Crédito,Online
9494,2023-06-05,1791,13,17,1,1102174,0,Tarjeta de Crédito,Online
9495,2025-07-22,687,23,17,1,1928958,0,Tarjeta de Débito,Sucursal
9496,2025-08-21,480,17,11,2,1455169,5,Tarjeta de Crédito,Sucursal
9497,2025-12-20,162,18,19,1,1042885,15,Mercado Pago,Online
9498,2023-01-30,233,12,6,1,1844344,0,Tarjeta de Crédito,Sucursal
9499,2022-05-07,1132,7,19,2,1778736,0,Mercado Pago,Online
9500,2022-02-28,1818,7,9,1,1778736,0,Tarjeta de Crédito,Sucursal
9501,2024-12-13,824,8,6,2,1661179,0,Mercado Pago,Online
9502,2023-10-25,1590,20,17,3,2236130,0,Tarjeta de Crédito,Sucursal
9503,2026-01-29,200,5,15,1,658866,0,Tarjeta de Débito,Sucursal
9504,2023-11-14,1002,22,17,1,1797606,0,Transferencia,Sucursal
9505,2025-07-31,1696,25,16,1,1853677,10,Tarjeta de Débito,Sucursal
9506,2025-11-19,344,11,18,4,1298880,20,Tarjeta de Crédito,Sucursal
9507,2021-08-13,1794,12,8,1,1844344,0,Tarjeta de Débito,Sucursal
9508,2023-11-02,901,15,18,1,2254306,10,Mercado Pago,Sucursal
9509,2023-03-10,1758,15,10,1,2254306,0,Transferencia,Sucursal
9510,2021-12-29,1426,22,11,1,1797606,15,Mercado Pago,Sucursal
9511,2026-06-22,1628,22,9,3,1797606,15,Transferencia,Online
9512,2025-09-15,1588,2,15,1,1484902,20,Tarjeta de Débito,Online
9513,2021-08-17,1221,16,5,2,954116,0,Tarjeta de Débito,Sucursal
9514,2024-10-11,1587,19,2,1,1030169,15,Tarjeta de Crédito,Online
9515,2025-11-03,981,20,2,1,2236130,10,Tarjeta de Crédito,Sucursal
9516,2024-01-16,1754,19,2,1,1030169,0,Mercado Pago,Sucursal
9517,2023-11-07,702,20,12,1,2236130,0,Mercado Pago,Online
9518,2023-04-14,351,20,14,2,2236130,0,Tarjeta de Débito,Sucursal
9519,2022-04-27,1144,9,11,1,944582,0,Mercado Pago,Sucursal
9520,2022-02-19,1824,10,2,1,2261684,0,Tarjeta de Crédito,Sucursal
9521,2021-10-12,1928,17,4,1,1455169,5,Mercado Pago,Sucursal
9522,2021-11-16,16,21,18,1,1989781,5,Transferencia,Online
9523,2025-06-19,1574,2,20,2,1484902,10,Tarjeta de Crédito,Sucursal
9524,2025-03-04,845,11,11,1,1298880,15,Transferencia,Online
9525,2024-05-04,2,1,6,1,934942,5,Transferencia,Sucursal
9526,2024-09-27,935,20,15,3,2236130,5,Tarjeta de Crédito,Sucursal
9527,2021-08-16,196,18,6,1,1042885,0,Mercado Pago,Online
9528,2024-10-21,1370,18,15,3,1042885,0,Transferencia,Sucursal
9529,2025-01-18,1356,1,10,1,934942,10,Tarjeta de Débito,Sucursal
9530,2021-07-13,1029,11,13,1,1298880,0,Tarjeta de Crédito,Online
9531,2025-10-29,549,24,12,1,1763627,0,Tarjeta de Crédito,Sucursal
9532,2025-11-09,1106,13,7,2,1102174,5,Transferencia,Sucursal
9533,2025-06-27,1028,11,11,1,1298880,10,Tarjeta de Débito,Sucursal
9534,2026-02-10,833,9,6,1,944582,0,Mercado Pago,Sucursal
9535,2024-10-05,1520,3,19,2,1748036,0,Mercado Pago,Online
9536,2024-08-25,1334,11,12,1,1298880,0,Tarjeta de Crédito,Online
9537,2022-07-29,463,2,7,3,1484902,10,Tarjeta de Crédito,Sucursal
9538,2025-05-20,1966,1,18,2,934942,10,Tarjeta de Crédito,Online
9539,2022-08-22,747,19,3,1,1030169,0,Tarjeta de Débito,Sucursal
9540,2024-03-13,15,18,12,1,1042885,0,Tarjeta de Débito,Sucursal
9541,2025-12-03,1447,18,19,1,1042885,20,Mercado Pago,Sucursal
9542,2025-06-18,1820,17,16,2,1455169,0,Tarjeta de Crédito,Sucursal
9543,2024-04-27,87,12,20,1,1844344,0,Tarjeta de Crédito,Sucursal
9544,2025-12-14,1325,6,8,2,1764687,30,Mercado Pago,Sucursal
9545,2026-04-10,1981,2,9,1,1484902,20,Mercado Pago,Sucursal
9546,2022-06-06,1333,24,6,2,1763627,0,Tarjeta de Crédito,Sucursal
9547,2022-12-28,1918,11,10,1,1298880,0,Tarjeta de Crédito,Sucursal
9548,2022-05-12,179,16,1,4,954116,0,Mercado Pago,Sucursal
9549,2025-11-17,1494,3,2,1,1748036,0,Tarjeta de Crédito,Sucursal
9550,2022-01-26,1211,1,10,2,934942,0,Tarjeta de Crédito,Sucursal
9551,2022-08-03,1220,7,8,2,1778736,5,Tarjeta de Débito,Sucursal
9552,2025-10-12,497,22,19,1,1797606,10,Tarjeta de Crédito,Sucursal
9553,2022-07-13,823,19,18,2,1030169,0,Tarjeta de Débito,Online
9554,2022-02-26,1869,21,14,2,1989781,15,Mercado Pago,Online
9555,2026-06-18,220,16,2,1,954116,5,Tarjeta de Crédito,Online
9556,2024-08-23,725,9,13,1,944582,15,Mercado Pago,Online
9557,2026-03-09,1016,8,1,1,1661179,0,Mercado Pago,Sucursal
9558,2022-06-12,1400,23,15,1,1928958,0,Tarjeta de Crédito,Sucursal
9559,2024-12-23,533,25,16,2,1853677,0,Transferencia,Online
9560,2024-06-24,1930,10,14,1,2261684,0,Mercado Pago,Sucursal
9561,2022-04-19,99,19,15,1,1030169,0,Tarjeta de Crédito,Sucursal
9562,2025-06-06,1413,1,3,5,934942,0,Tarjeta de Débito,Online
9563,2026-04-10,803,19,19,1,1030169,5,Tarjeta de Crédito,Online
9564,2024-06-02,1489,19,20,1,1030169,5,Tarjeta de Débito,Sucursal
9565,2023-06-09,959,6,19,2,1764687,5,Tarjeta de Crédito,Online
9566,2023-01-03,697,3,8,2,1748036,0,Mercado Pago,Sucursal
9567,2022-09-07,442,19,14,1,1030169,15,Tarjeta de Débito,Online
9568,2025-02-04,1265,25,9,1,1853677,0,Transferencia,Sucursal
9569,2026-05-10,1132,7,1,1,1778736,0,Tarjeta de Crédito,Online
9570,2022-12-05,1348,22,8,2,1797606,5,Tarjeta de Crédito,Sucursal
9571,2024-05-20,1931,3,9,1,1748036,0,Transferencia,Sucursal
9572,2021-11-11,390,1,12,1,934942,0,Tarjeta de Débito,Sucursal
9573,2022-07-07,1668,10,4,1,2261684,0,Tarjeta de Débito,Sucursal
9574,2021-08-31,168,10,15,1,2261684,5,Tarjeta de Crédito,Sucursal
9575,2024-07-12,1601,24,19,1,1763627,0,Mercado Pago,Sucursal
9576,2023-08-28,370,2,13,1,1484902,0,Tarjeta de Crédito,Sucursal
9577,2024-03-27,640,9,12,1,944582,0,Tarjeta de Crédito,Online
9578,2024-09-13,788,9,18,1,944582,0,Tarjeta de Débito,Online
9579,2024-05-25,660,18,5,1,1042885,15,Transferencia,Online
9580,2024-01-17,1963,2,14,2,1484902,0,Efectivo,Online
9581,2023-02-18,1958,24,7,2,1763627,5,Transferencia,Online
9582,2025-08-01,838,21,17,1,1989781,0,Tarjeta de Crédito,Online
9583,2023-05-21,1997,11,17,1,1298880,0,Mercado Pago,Sucursal
9584,2022-04-05,1073,9,14,1,944582,15,Tarjeta de Crédito,Sucursal
9585,2022-09-17,1000,19,17,2,1030169,0,Transferencia,Online
9586,2025-03-20,165,8,1,2,1661179,5,Mercado Pago,Online
9587,2025-12-19,612,2,11,2,1484902,10,Tarjeta de Crédito,Sucursal
9588,2022-03-16,1541,16,13,2,954116,0,Tarjeta de Débito,Sucursal
9589,2024-05-20,1657,22,16,1,1797606,0,Mercado Pago,Sucursal
9590,2022-10-06,1754,11,8,3,1298880,0,Transferencia,Online
9591,2024-03-27,1472,7,1,1,1778736,0,Tarjeta de Débito,Sucursal
9592,2025-06-21,214,11,13,2,1298880,0,Transferencia,Sucursal
9593,2025-11-11,168,2,12,1,1484902,15,Mercado Pago,Online
9594,2022-02-25,86,25,10,1,1853677,0,Tarjeta de Débito,Sucursal
9595,2024-06-24,28,21,14,1,1989781,0,Mercado Pago,Online
9596,2025-11-26,936,7,11,1,1778736,10,Tarjeta de Débito,Online
9597,2023-07-25,663,4,7,1,2160479,5,Mercado Pago,Sucursal
9598,2023-07-08,1079,19,17,1,1030169,0,Tarjeta de Crédito,Sucursal
9599,2025-03-12,647,18,7,1,1042885,10,Tarjeta de Crédito,Sucursal
9600,2026-03-28,903,5,18,2,658866,15,Mercado Pago,Sucursal
9601,2023-02-04,1015,1,6,2,934942,0,Tarjeta de Crédito,Sucursal
9602,2025-03-30,98,20,9,1,2236130,0,Tarjeta de Débito,Online
9603,2021-09-07,111,15,6,1,2254306,20,Tarjeta de Débito,Sucursal
9604,2022-11-23,1386,12,9,3,1844344,10,Mercado Pago,Sucursal
9605,2025-07-13,674,13,19,1,1102174,0,Tarjeta de Débito,Sucursal
9606,2023-06-30,15,4,17,1,2160479,0,Tarjeta de Débito,Sucursal
9607,2022-02-06,461,12,1,3,1844344,15,Tarjeta de Crédito,Sucursal
9608,2024-12-28,1654,9,12,1,944582,0,Tarjeta de Débito,Online
9609,2022-09-05,388,20,6,1,2236130,10,Tarjeta de Débito,Sucursal
9610,2021-11-06,1090,3,3,1,1748036,5,Tarjeta de Débito,Online
9611,2023-11-12,1458,6,9,1,1764687,20,Mercado Pago,Sucursal
9612,2022-01-30,45,20,19,1,2236130,0,Mercado Pago,Online
9613,2024-08-27,1570,2,5,1,1484902,10,Tarjeta de Crédito,Sucursal
9614,2025-09-04,1878,24,3,3,1763627,5,Transferencia,Sucursal
9615,2023-06-16,185,15,13,1,2254306,15,Tarjeta de Débito,Sucursal
9616,2023-03-03,958,20,17,1,2236130,0,Transferencia,Sucursal
9617,2023-11-23,201,17,20,1,1455169,5,Tarjeta de Crédito,Online
9618,2025-04-26,27,12,4,1,1844344,10,Mercado Pago,Sucursal
9619,2022-05-01,561,16,12,3,954116,15,Tarjeta de Crédito,Online
9620,2021-08-20,1009,9,3,1,944582,0,Tarjeta de Débito,Online
9621,2024-06-11,691,23,1,2,1928958,0,Tarjeta de Crédito,Sucursal
9622,2024-02-04,403,6,2,1,1764687,0,Tarjeta de Crédito,Online
9623,2022-03-31,612,13,18,2,1102174,0,Tarjeta de Débito,Sucursal
9624,2026-01-06,1473,2,9,1,1484902,0,Tarjeta de Débito,Sucursal
9625,2024-05-06,1101,19,10,1,1030169,10,Tarjeta de Débito,Sucursal
9626,2024-11-07,1398,14,20,1,2132068,0,Mercado Pago,Sucursal
9627,2023-04-29,326,12,7,2,1844344,0,Tarjeta de Crédito,Sucursal
9628,2023-12-22,1360,10,11,1,2261684,0,Mercado Pago,Sucursal
9629,2025-05-21,1391,17,10,1,1455169,0,Tarjeta de Crédito,Sucursal
9630,2025-07-14,448,20,15,1,2236130,20,Tarjeta de Crédito,Online
9631,2025-01-26,1029,4,18,1,2160479,20,Tarjeta de Débito,Online
9632,2023-07-11,1573,7,14,1,1778736,0,Tarjeta de Crédito,Sucursal
9633,2023-08-27,1695,17,17,1,1455169,15,Mercado Pago,Online
9634,2024-10-22,772,19,20,1,1030169,0,Tarjeta de Crédito,Sucursal
9635,2023-04-18,1005,19,1,1,1030169,0,Tarjeta de Crédito,Online
9636,2022-01-17,1616,23,7,1,1928958,10,Tarjeta de Crédito,Sucursal
9637,2022-04-03,467,11,7,1,1298880,0,Tarjeta de Crédito,Sucursal
9638,2025-05-25,1793,5,9,1,658866,10,Tarjeta de Crédito,Sucursal
9639,2022-01-19,529,11,11,2,1298880,0,Tarjeta de Crédito,Sucursal
9640,2026-06-08,474,25,2,1,1853677,10,Tarjeta de Débito,Sucursal
9641,2022-08-06,991,12,2,2,1844344,0,Tarjeta de Crédito,Sucursal
9642,2026-01-13,166,22,5,1,1797606,5,Tarjeta de Crédito,Sucursal
9643,2021-08-15,1181,2,13,1,1484902,0,Tarjeta de Débito,Sucursal
9644,2022-01-30,436,2,15,1,1484902,0,Tarjeta de Crédito,Online
9645,2026-01-30,300,9,10,1,944582,0,Mercado Pago,Sucursal
9646,2024-02-04,1885,7,15,1,1778736,0,Tarjeta de Crédito,Sucursal
9647,2023-01-11,1322,1,18,1,934942,5,Tarjeta de Crédito,Sucursal
9648,2022-03-19,1450,10,2,2,2261684,10,Tarjeta de Crédito,Sucursal
9649,2022-12-21,876,16,4,1,954116,0,Efectivo,Online
9650,2025-01-14,1972,16,1,1,954116,0,Mercado Pago,Sucursal
9651,2023-07-27,1893,5,18,1,658866,0,Tarjeta de Débito,Sucursal
9652,2022-07-21,103,6,4,1,1764687,0,Mercado Pago,Sucursal
9653,2021-08-12,829,13,12,1,1102174,0,Mercado Pago,Sucursal
9654,2026-01-28,971,3,19,1,1748036,0,Tarjeta de Crédito,Sucursal
9655,2023-04-24,1113,20,12,1,2236130,0,Tarjeta de Crédito,Sucursal
9656,2023-07-11,625,13,10,1,1102174,5,Tarjeta de Crédito,Sucursal
9657,2022-11-18,478,7,1,1,1778736,15,Efectivo,Online
9658,2024-09-14,558,21,4,1,1989781,5,Tarjeta de Crédito,Sucursal
9659,2021-10-13,482,5,2,1,658866,0,Transferencia,Sucursal
9660,2024-09-15,1989,7,14,1,1778736,5,Tarjeta de Crédito,Sucursal
9661,2022-11-12,600,8,3,1,1661179,10,Tarjeta de Débito,Sucursal
9662,2022-11-19,1371,12,2,1,1844344,5,Tarjeta de Crédito,Sucursal
9663,2023-01-07,264,15,20,1,2254306,10,Tarjeta de Crédito,Online
9664,2025-10-08,970,15,1,1,2254306,0,Tarjeta de Crédito,Sucursal
9665,2022-11-30,1309,14,9,1,2132068,10,Tarjeta de Crédito,Online
9666,2026-01-08,1011,13,11,1,1102174,20,Mercado Pago,Sucursal
9667,2022-10-29,1914,5,19,1,658866,0,Tarjeta de Débito,Sucursal
9668,2024-08-25,1473,12,20,1,1844344,5,Tarjeta de Crédito,Sucursal
9669,2023-02-23,1375,11,9,2,1298880,30,Tarjeta de Débito,Sucursal
9670,2023-08-23,883,10,5,4,2261684,0,Tarjeta de Crédito,Online
9671,2021-07-05,673,18,20,1,1042885,0,Tarjeta de Crédito,Sucursal
9672,2025-07-07,212,17,7,2,1455169,10,Tarjeta de Crédito,Sucursal
9673,2022-11-27,1141,14,7,3,2132068,0,Tarjeta de Crédito,Sucursal
9674,2026-06-17,1254,22,17,2,1797606,0,Tarjeta de Crédito,Sucursal
9675,2025-08-28,1500,6,17,1,1764687,0,Tarjeta de Débito,Sucursal
9676,2023-07-03,1067,8,15,1,1661179,0,Tarjeta de Crédito,Online
9677,2024-12-25,195,13,19,1,1102174,0,Tarjeta de Crédito,Sucursal
9678,2021-11-05,942,15,7,1,2254306,0,Mercado Pago,Sucursal
9679,2022-09-17,606,3,13,1,1748036,0,Tarjeta de Débito,Online
9680,2025-05-08,752,24,1,1,1763627,5,Tarjeta de Crédito,Sucursal
9681,2021-08-04,246,5,5,2,658866,0,Mercado Pago,Sucursal
9682,2024-08-25,1808,15,8,2,2254306,0,Tarjeta de Débito,Sucursal
9683,2023-04-03,764,4,19,1,2160479,5,Mercado Pago,Online
9684,2024-09-08,552,4,12,2,2160479,0,Transferencia,Sucursal
9685,2025-07-06,62,13,15,1,1102174,0,Mercado Pago,Online
9686,2023-01-03,1439,5,12,1,658866,5,Tarjeta de Débito,Online
9687,2023-01-24,1961,11,4,1,1298880,10,Transferencia,Sucursal
9688,2025-01-16,1430,22,4,1,1797606,5,Tarjeta de Crédito,Sucursal
9689,2023-11-28,1297,4,8,2,2160479,15,Tarjeta de Débito,Sucursal
9690,2026-01-11,6,15,7,1,2254306,0,Tarjeta de Crédito,Online
9691,2022-06-01,1795,20,1,1,2236130,0,Tarjeta de Crédito,Online
9692,2025-10-15,1286,18,1,1,1042885,10,Tarjeta de Crédito,Sucursal
9693,2022-01-27,1888,1,1,4,934942,10,Tarjeta de Crédito,Sucursal
9694,2024-12-23,644,3,16,1,1748036,0,Efectivo,Online
9695,2025-06-06,393,5,1,1,658866,0,Transferencia,Sucursal
9696,2025-12-26,580,7,5,1,1778736,0,Tarjeta de Crédito,Sucursal
9697,2022-02-28,1710,2,7,1,1484902,5,Tarjeta de Crédito,Sucursal
9698,2026-02-09,943,15,1,1,2254306,0,Mercado Pago,Sucursal
9699,2024-07-02,1872,2,2,1,1484902,0,Tarjeta de Crédito,Online
9700,2025-10-10,1821,6,7,2,1764687,10,Tarjeta de Crédito,Online
9701,2022-04-04,1000,3,8,1,1748036,15,Tarjeta de Débito,Sucursal
9702,2026-02-25,1941,9,14,1,944582,0,Tarjeta de Débito,Sucursal
9703,2024-09-01,1175,20,10,3,2236130,5,Mercado Pago,Sucursal
9704,2022-10-05,926,18,5,1,1042885,0,Tarjeta de Crédito,Sucursal
9705,2023-03-16,1882,12,16,1,1844344,10,Tarjeta de Crédito,Sucursal
9706,2025-07-18,1969,7,17,1,1778736,10,Tarjeta de Crédito,Sucursal
9707,2025-11-06,1629,22,14,1,1797606,0,Tarjeta de Crédito,Online
9708,2023-08-06,1706,5,20,3,658866,10,Tarjeta de Crédito,Sucursal
9709,2022-11-08,1779,2,18,1,1484902,15,Transferencia,Sucursal
9710,2023-03-20,193,23,1,1,1928958,10,Tarjeta de Crédito,Online
9711,2024-01-22,801,20,18,1,2236130,5,Tarjeta de Débito,Sucursal
9712,2025-05-01,936,11,4,1,1298880,0,Tarjeta de Débito,Sucursal
9713,2024-12-09,929,8,2,2,1661179,0,Tarjeta de Crédito,Online
9714,2025-03-22,1458,22,6,1,1797606,10,Tarjeta de Crédito,Sucursal
9715,2021-10-27,332,8,6,1,1661179,0,Tarjeta de Crédito,Sucursal
9716,2023-05-07,1368,14,13,1,2132068,0,Tarjeta de Débito,Sucursal
9717,2026-01-29,716,1,7,1,934942,0,Tarjeta de Crédito,Sucursal
9718,2024-06-15,1925,12,1,1,1844344,0,Tarjeta de Crédito,Sucursal
9719,2022-01-02,953,1,19,1,934942,0,Tarjeta de Crédito,Sucursal
9720,2023-10-25,10,8,3,2,1661179,0,Mercado Pago,Sucursal
9721,2025-06-09,1445,12,18,1,1844344,0,Tarjeta de Crédito,Sucursal
9722,2023-12-28,427,10,14,1,2261684,5,Mercado Pago,Sucursal
9723,2025-11-11,1409,2,15,1,1484902,10,Tarjeta de Crédito,Sucursal
9724,2022-03-03,346,6,11,2,1764687,0,Tarjeta de Crédito,Online
9725,2022-08-17,560,18,14,1,1042885,0,Tarjeta de Crédito,Sucursal
9726,2025-02-14,211,22,11,1,1797606,15,Efectivo,Sucursal
9727,2026-04-05,1394,16,12,1,954116,0,Efectivo,Online
9728,2021-11-29,625,2,20,2,1484902,10,Tarjeta de Crédito,Sucursal
9729,2023-09-29,112,8,3,1,1661179,0,Tarjeta de Crédito,Sucursal
9730,2025-04-18,738,4,17,1,2160479,0,Transferencia,Sucursal
9731,2026-03-19,1784,12,4,1,1844344,0,Tarjeta de Crédito,Sucursal
9732,2022-09-25,803,16,10,1,954116,0,Tarjeta de Crédito,Sucursal
9733,2026-01-05,1956,5,19,1,658866,0,Mercado Pago,Online
9734,2021-11-21,1340,25,8,1,1853677,15,Tarjeta de Crédito,Sucursal
9735,2022-03-31,566,17,4,2,1455169,0,Tarjeta de Crédito,Sucursal
9736,2025-12-13,1040,3,6,1,1748036,0,Tarjeta de Crédito,Sucursal
9737,2023-05-13,1356,12,7,1,1844344,5,Tarjeta de Crédito,Sucursal
9738,2025-08-10,1445,17,16,1,1455169,5,Tarjeta de Débito,Sucursal
9739,2022-07-25,1492,14,7,1,2132068,0,Tarjeta de Crédito,Sucursal
9740,2023-05-02,1114,24,9,3,1763627,0,Tarjeta de Débito,Sucursal
9741,2022-09-07,587,22,2,2,1797606,5,Tarjeta de Crédito,Sucursal
9742,2026-03-16,176,15,18,1,2254306,15,Tarjeta de Crédito,Online
9743,2024-07-19,590,12,3,1,1844344,0,Mercado Pago,Sucursal
9744,2021-08-06,1627,14,9,1,2132068,10,Tarjeta de Crédito,Online
9745,2021-08-30,1292,12,4,1,1844344,10,Tarjeta de Débito,Sucursal
9746,2022-10-14,1864,5,12,1,658866,0,Transferencia,Sucursal
9747,2025-09-07,1177,15,5,1,2254306,0,Tarjeta de Débito,Sucursal
9748,2021-10-06,1164,13,12,3,1102174,10,Mercado Pago,Online
9749,2023-04-14,706,21,20,2,1989781,0,Tarjeta de Crédito,Sucursal
9750,2022-06-20,235,4,3,2,2160479,0,Tarjeta de Crédito,Sucursal
9751,2024-08-28,1122,7,1,1,1778736,20,Transferencia,Sucursal
9752,2023-03-18,733,4,9,2,2160479,0,Tarjeta de Débito,Sucursal
9753,2025-06-06,1108,17,10,1,1455169,0,Mercado Pago,Sucursal
9754,2024-04-01,1370,2,16,1,1484902,30,Tarjeta de Crédito,Online
9755,2021-12-30,177,1,9,1,934942,15,Tarjeta de Crédito,Sucursal
9756,2023-10-15,1499,7,14,2,1778736,0,Tarjeta de Crédito,Sucursal
9757,2025-04-18,217,12,16,1,1844344,0,Mercado Pago,Online
9758,2023-10-23,413,14,3,1,2132068,0,Tarjeta de Crédito,Sucursal
9759,2023-09-23,1890,11,17,1,1298880,0,Tarjeta de Débito,Sucursal
9760,2024-07-23,154,13,18,2,1102174,0,Tarjeta de Crédito,Sucursal
9761,2024-12-20,855,16,13,2,954116,0,Tarjeta de Crédito,Online
9762,2025-07-23,1896,9,4,1,944582,10,Tarjeta de Crédito,Sucursal
9763,2026-02-13,1973,16,4,3,954116,10,Tarjeta de Crédito,Sucursal
9764,2024-12-13,1472,1,7,1,934942,0,Tarjeta de Crédito,Online
9765,2023-11-30,62,19,1,2,1030169,5,Mercado Pago,Online
9766,2025-03-29,536,15,20,1,2254306,15,Tarjeta de Crédito,Online
9767,2023-05-12,339,22,6,3,1797606,5,Tarjeta de Crédito,Online
9768,2026-03-22,271,5,19,1,658866,0,Tarjeta de Crédito,Sucursal
9769,2022-06-24,1255,20,19,2,2236130,5,Tarjeta de Crédito,Sucursal
9770,2022-06-15,565,21,6,1,1989781,0,Mercado Pago,Sucursal
9771,2022-07-31,1317,21,5,1,1989781,0,Tarjeta de Crédito,Sucursal
9772,2023-08-03,894,12,14,1,1844344,10,Tarjeta de Crédito,Sucursal
9773,2023-11-13,240,17,15,1,1455169,15,Tarjeta de Débito,Sucursal
9774,2023-11-06,1291,21,10,1,1989781,10,Tarjeta de Débito,Sucursal
9775,2022-08-24,1519,15,14,1,2254306,15,Tarjeta de Crédito,Sucursal
9776,2023-01-23,993,7,11,1,1778736,0,Tarjeta de Débito,Online
9777,2023-09-26,478,10,13,1,2261684,5,Tarjeta de Crédito,Sucursal
9778,2023-04-17,73,14,4,1,2132068,30,Tarjeta de Crédito,Sucursal
9779,2024-10-01,1622,23,19,2,1928958,0,Transferencia,Sucursal
9780,2023-09-02,1863,14,2,2,2132068,0,Mercado Pago,Sucursal
9781,2024-05-10,1124,21,10,1,1989781,0,Mercado Pago,Online
9782,2021-09-12,955,4,16,2,2160479,10,Tarjeta de Débito,Sucursal
9783,2024-09-11,867,10,20,1,2261684,20,Tarjeta de Débito,Sucursal
9784,2025-04-05,292,3,10,1,1748036,30,Tarjeta de Crédito,Sucursal
9785,2024-10-27,1382,18,19,1,1042885,0,Efectivo,Sucursal
9786,2025-11-17,875,15,6,1,2254306,20,Tarjeta de Crédito,Sucursal
9787,2026-02-14,439,24,8,1,1763627,0,Tarjeta de Crédito,Sucursal
9788,2021-09-30,1784,14,15,1,2132068,0,Tarjeta de Crédito,Sucursal
9789,2025-01-11,636,6,7,2,1764687,30,Tarjeta de Débito,Sucursal
9790,2023-06-25,110,16,2,1,954116,5,Tarjeta de Débito,Online
9791,2023-05-25,150,4,14,1,2160479,15,Mercado Pago,Online
9792,2024-07-10,1568,18,20,1,1042885,10,Tarjeta de Crédito,Online
9793,2024-10-18,1826,16,8,1,954116,0,Tarjeta de Crédito,Online
9794,2025-08-05,378,1,3,1,934942,0,Transferencia,Sucursal
9795,2024-06-13,1089,19,6,1,1030169,10,Efectivo,Sucursal
9796,2024-08-24,543,21,19,1,1989781,0,Tarjeta de Crédito,Sucursal
9797,2023-07-13,1356,20,10,1,2236130,5,Tarjeta de Crédito,Sucursal
9798,2022-01-26,1637,10,2,1,2261684,0,Tarjeta de Crédito,Sucursal
9799,2026-01-24,171,6,9,1,1764687,0,Transferencia,Sucursal
9800,2025-02-10,110,23,5,2,1928958,10,Mercado Pago,Sucursal
9801,2023-05-20,1531,20,18,1,2236130,10,Tarjeta de Crédito,Online
9802,2026-06-11,337,8,6,1,1661179,0,Mercado Pago,Sucursal
9803,2025-01-01,958,12,6,1,1844344,0,Efectivo,Online
9804,2023-12-01,732,17,9,1,1455169,5,Tarjeta de Crédito,Sucursal
9805,2024-12-30,1790,9,3,2,944582,0,Transferencia,Online
9806,2023-12-21,714,1,20,1,934942,0,Mercado Pago,Online
9807,2025-04-14,523,9,17,2,944582,5,Transferencia,Sucursal
9808,2022-03-11,1650,1,9,1,934942,0,Efectivo,Sucursal
9809,2025-03-17,1922,25,18,1,1853677,5,Mercado Pago,Sucursal
9810,2025-12-21,81,2,5,1,1484902,0,Tarjeta de Crédito,Sucursal
9811,2025-12-31,1834,3,12,4,1748036,30,Mercado Pago,Online
9812,2026-02-10,1353,3,6,2,1748036,5,Tarjeta de Crédito,Online
9813,2026-02-28,368,2,11,1,1484902,20,Tarjeta de Crédito,Online
9814,2026-06-30,306,12,11,1,1844344,30,Tarjeta de Crédito,Online
9815,2021-09-06,546,24,2,2,1763627,15,Tarjeta de Crédito,Online
9816,2025-04-18,907,23,2,2,1928958,5,Tarjeta de Crédito,Sucursal
9817,2025-10-26,1246,8,16,1,1661179,5,Tarjeta de Crédito,Sucursal
9818,2022-04-01,930,2,5,2,1484902,0,Tarjeta de Crédito,Sucursal
9819,2023-06-28,1936,17,6,2,1455169,0,Efectivo,Online
9820,2024-05-28,1274,7,9,2,1778736,20,Tarjeta de Crédito,Online
9821,2022-07-01,683,10,12,3,2261684,5,Tarjeta de Crédito,Online
9822,2025-02-08,1877,24,4,3,1763627,5,Tarjeta de Crédito,Sucursal
9823,2023-04-27,778,1,12,2,934942,5,Tarjeta de Débito,Sucursal
9824,2026-05-27,829,8,18,1,1661179,10,Tarjeta de Crédito,Sucursal
9825,2022-07-18,1764,20,19,1,2236130,10,Transferencia,Online
9826,2023-08-17,26,9,11,1,944582,0,Tarjeta de Crédito,Sucursal
9827,2022-10-18,1737,25,11,1,1853677,0,Tarjeta de Débito,Sucursal
9828,2022-02-11,561,21,12,3,1989781,0,Tarjeta de Débito,Sucursal
9829,2023-11-02,998,3,5,2,1748036,0,Tarjeta de Débito,Sucursal
9830,2022-12-16,661,17,13,1,1455169,0,Tarjeta de Crédito,Sucursal
9831,2021-09-12,1571,12,14,1,1844344,15,Tarjeta de Crédito,Online
9832,2022-06-16,630,21,20,1,1989781,5,Mercado Pago,Sucursal
9833,2024-02-23,1228,18,4,2,1042885,20,Transferencia,Sucursal
9834,2025-04-10,1692,20,18,1,2236130,0,Tarjeta de Débito,Online
9835,2023-01-31,1466,7,1,1,1778736,15,Tarjeta de Crédito,Sucursal
9836,2025-02-01,140,1,10,1,934942,0,Tarjeta de Débito,Online
9837,2021-12-23,562,16,20,2,954116,10,Mercado Pago,Sucursal
9838,2022-06-27,150,19,14,1,1030169,10,Tarjeta de Crédito,Sucursal
9839,2026-04-19,1356,2,2,1,1484902,0,Tarjeta de Crédito,Sucursal
9840,2025-10-06,1694,15,15,2,2254306,0,Mercado Pago,Online
9841,2022-12-04,871,25,9,1,1853677,0,Efectivo,Sucursal
9842,2022-07-14,263,14,15,1,2132068,0,Tarjeta de Débito,Sucursal
9843,2022-06-16,663,11,6,1,1298880,0,Tarjeta de Débito,Sucursal
9844,2023-03-19,1892,15,8,1,2254306,5,Mercado Pago,Online
9845,2025-07-09,676,15,13,1,2254306,0,Tarjeta de Crédito,Sucursal
9846,2021-08-12,119,1,7,1,934942,0,Transferencia,Online
9847,2022-01-30,1417,13,18,2,1102174,5,Transferencia,Online
9848,2023-11-18,1137,1,12,2,934942,20,Tarjeta de Crédito,Sucursal
9849,2024-02-26,1748,17,10,1,1455169,0,Tarjeta de Crédito,Sucursal
9850,2024-11-15,883,9,7,2,944582,10,Tarjeta de Crédito,Sucursal
9851,2022-04-19,549,7,12,1,1778736,0,Tarjeta de Crédito,Sucursal
9852,2023-01-28,868,3,3,1,1748036,0,Tarjeta de Crédito,Online
9853,2025-07-31,1461,9,10,1,944582,0,Tarjeta de Crédito,Sucursal
9854,2022-11-18,1783,11,8,1,1298880,0,Transferencia,Sucursal
9855,2021-09-22,861,23,20,2,1928958,0,Tarjeta de Crédito,Sucursal
9856,2023-03-22,1159,15,17,2,2254306,0,Tarjeta de Crédito,Sucursal
9857,2023-02-07,88,14,8,1,2132068,5,Tarjeta de Crédito,Online
9858,2026-05-28,375,17,19,2,1455169,5,Tarjeta de Crédito,Online
9859,2025-07-06,698,19,12,2,1030169,0,Tarjeta de Crédito,Online
9860,2021-09-16,1506,16,12,2,954116,10,Tarjeta de Crédito,Online
9861,2023-02-12,114,15,1,1,2254306,5,Tarjeta de Crédito,Sucursal
9862,2022-01-06,1703,14,10,1,2132068,10,Mercado Pago,Online
9863,2022-06-24,83,17,6,2,1455169,0,Tarjeta de Crédito,Sucursal
9864,2025-05-28,1813,23,5,1,1928958,15,Tarjeta de Crédito,Sucursal
9865,2022-05-18,23,19,6,2,1030169,0,Mercado Pago,Sucursal
9866,2026-03-30,33,23,20,1,1928958,10,Tarjeta de Crédito,Online
9867,2025-09-29,1797,16,10,1,954116,0,Tarjeta de Débito,Sucursal
9868,2024-06-30,1653,12,18,1,1844344,0,Tarjeta de Débito,Sucursal
9869,2022-08-17,1098,25,12,1,1853677,0,Tarjeta de Débito,Online
9870,2022-01-21,1582,11,10,2,1298880,0,Tarjeta de Crédito,Online
9871,2023-08-31,1152,23,7,1,1928958,10,Tarjeta de Débito,Sucursal
9872,2022-06-06,177,9,2,1,944582,30,Tarjeta de Débito,Sucursal
9873,2024-10-13,121,6,9,2,1764687,10,Tarjeta de Crédito,Online
9874,2022-11-09,518,7,6,2,1778736,5,Mercado Pago,Sucursal
9875,2023-07-12,256,14,3,2,2132068,20,Tarjeta de Débito,Online
9876,2022-01-17,121,1,11,1,934942,0,Tarjeta de Débito,Online
9877,2022-12-01,611,9,18,1,944582,0,Tarjeta de Crédito,Sucursal
9878,2024-09-13,113,6,12,1,1764687,10,Efectivo,Sucursal
9879,2023-01-24,1194,10,8,2,2261684,0,Tarjeta de Crédito,Sucursal
9880,2024-10-07,936,14,14,1,2132068,5,Tarjeta de Crédito,Sucursal
9881,2022-09-26,991,25,15,2,1853677,0,Mercado Pago,Online
9882,2023-08-29,1973,16,2,1,954116,10,Tarjeta de Crédito,Online
9883,2022-06-05,620,23,10,2,1928958,0,Mercado Pago,Sucursal
9884,2021-12-21,998,18,11,1,1042885,0,Transferencia,Online
9885,2025-09-02,717,14,13,3,2132068,0,Tarjeta de Crédito,Sucursal
9886,2023-08-31,1695,17,12,1,1455169,0,Tarjeta de Débito,Online
9887,2023-06-27,498,4,9,1,2160479,5,Tarjeta de Débito,Online
9888,2024-05-13,1239,15,9,1,2254306,20,Tarjeta de Crédito,Sucursal
9889,2024-03-25,460,5,15,1,658866,0,Transferencia,Sucursal
9890,2026-02-15,1650,14,19,3,2132068,0,Tarjeta de Débito,Sucursal
9891,2024-09-19,741,5,1,1,658866,0,Mercado Pago,Online
9892,2025-04-28,1999,19,3,1,1030169,0,Tarjeta de Crédito,Sucursal
9893,2025-01-19,761,9,17,1,944582,0,Mercado Pago,Sucursal
9894,2021-08-01,505,2,14,1,1484902,10,Tarjeta de Crédito,Sucursal
9895,2025-06-03,1236,12,11,1,1844344,0,Mercado Pago,Sucursal
9896,2025-05-01,678,1,20,1,934942,5,Mercado Pago,Sucursal
9897,2025-05-22,703,21,16,2,1989781,0,Transferencia,Online
9898,2023-07-20,1929,2,10,1,1484902,15,Tarjeta de Débito,Sucursal
9899,2022-12-27,14,12,18,3,1844344,10,Tarjeta de Crédito,Sucursal
9900,2022-07-27,1898,15,15,1,2254306,0,Tarjeta de Crédito,Online
9901,2023-05-21,145,12,16,1,1844344,10,Mercado Pago,Sucursal
9902,2024-02-05,580,17,4,1,1455169,0,Tarjeta de Crédito,Sucursal
9903,2026-02-03,1166,22,7,1,1797606,15,Mercado Pago,Sucursal
9904,2022-10-08,1477,20,20,1,2236130,0,Transferencia,Sucursal
9905,2022-08-15,537,24,4,2,1763627,0,Mercado Pago,Sucursal
9906,2021-09-09,1860,8,3,3,1661179,10,Tarjeta de Débito,Online
9907,2024-04-29,187,19,12,1,1030169,10,Tarjeta de Crédito,Online
9908,2023-01-13,1773,13,2,3,1102174,0,Tarjeta de Débito,Sucursal
9909,2025-01-29,881,9,16,1,944582,15,Tarjeta de Débito,Online
9910,2022-04-14,1984,5,11,1,658866,0,Mercado Pago,Sucursal
9911,2025-05-16,590,7,10,4,1778736,5,Tarjeta de Crédito,Online
9912,2022-07-26,1650,17,20,2,1455169,0,Mercado Pago,Sucursal
9913,2024-01-23,1841,5,7,1,658866,0,Mercado Pago,Online
9914,2023-09-18,1028,22,5,5,1797606,0,Tarjeta de Crédito,Online
9915,2024-08-27,523,13,15,1,1102174,15,Mercado Pago,Sucursal
9916,2022-11-23,62,5,13,1,658866,20,Tarjeta de Débito,Sucursal
9917,2023-04-06,327,14,20,1,2132068,10,Mercado Pago,Online
9918,2021-10-31,1543,1,6,2,934942,10,Transferencia,Sucursal
9919,2025-10-20,324,5,17,1,658866,0,Tarjeta de Crédito,Online
9920,2024-05-31,1261,5,9,1,658866,0,Tarjeta de Crédito,Sucursal
9921,2025-10-11,86,6,6,1,1764687,5,Mercado Pago,Online
9922,2023-04-27,1068,25,2,1,1853677,10,Transferencia,Online
9923,2026-01-26,826,6,10,2,1764687,10,Tarjeta de Crédito,Sucursal
9924,2026-01-10,1198,21,7,1,1989781,5,Transferencia,Online
9925,2024-06-03,1970,7,17,1,1778736,0,Tarjeta de Débito,Sucursal
9926,2026-03-21,482,11,4,1,1298880,0,Mercado Pago,Online
9927,2025-11-01,712,17,14,1,1455169,0,Mercado Pago,Online
9928,2026-05-26,1647,22,3,1,1797606,0,Tarjeta de Débito,Online
9929,2024-01-12,32,4,15,1,2160479,5,Tarjeta de Crédito,Online
9930,2024-12-17,1916,9,18,1,944582,0,Tarjeta de Crédito,Sucursal
9931,2025-09-09,730,17,1,1,1455169,10,Mercado Pago,Sucursal
9932,2026-01-22,83,19,16,2,1030169,0,Mercado Pago,Sucursal
9933,2026-06-10,241,24,14,1,1763627,10,Tarjeta de Crédito,Online
9934,2023-02-20,1397,9,17,2,944582,0,Mercado Pago,Sucursal
9935,2026-04-28,1616,2,19,3,1484902,0,Mercado Pago,Online
9936,2021-09-08,138,3,13,1,1748036,10,Tarjeta de Débito,Sucursal
9937,2026-04-22,249,4,16,1,2160479,10,Tarjeta de Crédito,Online
9938,2025-07-18,1842,6,19,1,1764687,20,Efectivo,Online
9939,2022-10-14,1226,17,3,1,1455169,5,Tarjeta de Crédito,Online
9940,2024-10-19,571,17,3,1,1455169,0,Tarjeta de Débito,Sucursal
9941,2024-05-02,167,8,3,1,1661179,15,Tarjeta de Crédito,Sucursal
9942,2024-12-10,984,16,11,1,954116,0,Tarjeta de Crédito,Sucursal
9943,2022-12-20,69,14,17,2,2132068,0,Tarjeta de Crédito,Sucursal
9944,2024-12-29,1305,14,3,1,2132068,10,Tarjeta de Crédito,Sucursal
9945,2025-03-25,1110,16,20,1,954116,0,Efectivo,Online
9946,2024-07-18,230,13,12,1,1102174,10,Tarjeta de Crédito,Sucursal
9947,2026-01-31,1410,22,14,1,1797606,0,Transferencia,Online
9948,2021-07-28,312,4,10,1,2160479,10,Tarjeta de Crédito,Online
9949,2023-11-23,391,19,13,1,1030169,0,Tarjeta de Débito,Sucursal
9950,2026-06-14,1576,21,12,1,1989781,10,Tarjeta de Crédito,Sucursal
9951,2022-09-02,597,25,7,2,1853677,0,Tarjeta de Débito,Sucursal
9952,2021-12-01,466,1,1,1,934942,20,Mercado Pago,Sucursal
9953,2025-04-14,1230,23,12,1,1928958,10,Transferencia,Online
9954,2023-02-14,321,9,4,1,944582,0,Mercado Pago,Sucursal
9955,2023-10-21,391,9,10,1,944582,0,Tarjeta de Crédito,Sucursal
9956,2022-10-16,215,11,10,1,1298880,0,Efectivo,Sucursal
9957,2022-06-29,112,6,2,2,1764687,0,Tarjeta de Débito,Sucursal
9958,2025-04-13,1772,8,18,1,1661179,0,Tarjeta de Débito,Online
9959,2022-01-05,711,21,3,1,1989781,0,Tarjeta de Débito,Sucursal
9960,2022-07-26,894,21,12,1,1989781,10,Mercado Pago,Sucursal
9961,2023-11-02,98,2,17,2,1484902,10,Mercado Pago,Sucursal
9962,2025-06-12,639,18,2,1,1042885,5,Mercado Pago,Sucursal
9963,2023-02-21,1963,9,20,3,944582,5,Efectivo,Online
9964,2021-12-08,62,23,7,2,1928958,0,Tarjeta de Crédito,Online
9965,2022-03-06,1710,11,3,1,1298880,0,Transferencia,Sucursal
9966,2023-01-12,1464,11,1,4,1298880,20,Tarjeta de Crédito,Sucursal
9967,2022-11-10,793,7,6,1,1778736,15,Tarjeta de Crédito,Online
9968,2024-06-19,1324,20,19,2,2236130,0,Tarjeta de Crédito,Sucursal
9969,2022-12-15,945,18,8,1,1042885,5,Tarjeta de Crédito,Online
9970,2025-02-08,1281,2,1,2,1484902,0,Tarjeta de Crédito,Sucursal
9971,2021-11-21,1544,7,16,1,1778736,10,Mercado Pago,Online
9972,2022-08-15,754,2,3,2,1484902,20,Tarjeta de Débito,Sucursal
9973,2026-03-06,642,18,16,2,1042885,5,Tarjeta de Crédito,Online
9974,2021-11-13,1840,1,16,3,934942,5,Tarjeta de Crédito,Sucursal
9975,2023-01-14,1726,4,13,2,2160479,0,Mercado Pago,Sucursal
9976,2021-10-22,375,1,1,2,934942,0,Efectivo,Online
9977,2024-01-05,924,7,19,2,1778736,0,Tarjeta de Débito,Sucursal
9978,2024-11-10,1275,12,5,2,1844344,10,Tarjeta de Crédito,Online
9979,2025-04-03,1540,19,4,1,1030169,0,Tarjeta de Crédito,Online
9980,2023-03-05,590,6,9,1,1764687,20,Tarjeta de Crédito,Sucursal
9981,2021-07-16,1168,21,13,1,1989781,30,Mercado Pago,Sucursal
9982,2023-05-12,476,5,10,1,658866,5,Tarjeta de Débito,Sucursal
9983,2025-07-30,217,21,4,2,1989781,5,Mercado Pago,Online
9984,2025-06-24,1808,10,9,3,2261684,0,Tarjeta de Crédito,Sucursal
9985,2025-12-06,1476,13,20,2,1102174,10,Tarjeta de Débito,Sucursal
9986,2025-01-10,1646,11,5,1,1298880,0,Efectivo,Sucursal
9987,2026-05-06,1991,4,14,1,2160479,15,Tarjeta de Crédito,Sucursal
9988,2023-10-14,120,2,10,1,1484902,0,Tarjeta de Crédito,Sucursal
9989,2022-01-31,1426,11,3,1,1298880,0,Tarjeta de Crédito,Sucursal
9990,2022-07-22,823,14,10,1,2132068,0,Tarjeta de Crédito,Sucursal
9991,2023-06-28,866,7,20,1,1778736,0,Tarjeta de Crédito,Online
9992,2026-02-23,244,18,9,3,1042885,0,Tarjeta de Crédito,Sucursal
9993,2021-09-17,313,24,15,2,1763627,0,Mercado Pago,Sucursal
9994,2024-10-16,1950,14,1,1,2132068,0,Tarjeta de Débito,Sucursal
9995,2023-12-25,1991,23,2,2,1928958,10,Tarjeta de Crédito,Sucursal
9996,2021-10-09,1200,4,14,1,2160479,5,Tarjeta de Débito,Sucursal
9997,2022-01-11,667,10,9,1,2261684,0,Tarjeta de Crédito,Online
9998,2025-02-08,736,25,15,1,1853677,0,Tarjeta de Crédito,Sucursal
9999,2025-01-23,1284,20,4,1,2236130,10,Mercado Pago,Sucursal
10000,2024-08-26,1014,3,3,1,1748036,10,Mercado Pago,Online
10001,2023-08-18,732,3,18,2,1748036,0,Tarjeta de Crédito,Sucursal
10002,2025-03-13,314,19,17,2,1030169,5,Tarjeta de Crédito,Online
10003,2024-04-27,853,12,8,2,1844344,10,Tarjeta de Crédito,Sucursal
10004,2022-07-30,1439,16,3,1,954116,10,Tarjeta de Débito,Online
10005,2022-08-02,1148,4,3,3,2160479,10,Mercado Pago,Sucursal
10006,2023-12-28,899,16,15,2,954116,0,Mercado Pago,Sucursal
10007,2025-02-01,1406,19,15,2,1030169,15,Transferencia,Sucursal
10008,2025-06-26,507,25,14,1,1853677,10,Tarjeta de Débito,Online
10009,2023-01-06,1398,20,17,4,2236130,0,Mercado Pago,Sucursal
10010,2024-07-17,398,4,17,1,2160479,0,Mercado Pago,Sucursal
10011,2026-03-23,358,21,20,1,1989781,0,Tarjeta de Crédito,Online
10012,2022-04-20,1182,10,8,2,2261684,0,Transferencia,Sucursal
10013,2024-05-10,1540,13,11,2,1102174,0,Tarjeta de Crédito,Sucursal
10014,2023-11-07,1803,18,5,1,1042885,10,Tarjeta de Crédito,Sucursal
10015,2026-06-21,1463,12,8,1,1844344,0,Mercado Pago,Sucursal
10016,2022-09-24,462,1,7,1,934942,0,Tarjeta de Débito,Online
10017,2023-05-18,175,6,6,2,1764687,0,Tarjeta de Débito,Online
10018,2026-04-23,1450,5,13,2,658866,15,Tarjeta de Crédito,Sucursal
10019,2024-03-19,856,7,9,1,1778736,15,Tarjeta de Crédito,Sucursal
10020,2026-06-12,37,3,14,1,1748036,10,Tarjeta de Débito,Sucursal
10021,2022-06-29,1250,7,2,1,1778736,0,Tarjeta de Crédito,Sucursal
10022,2024-10-29,1002,21,4,2,1989781,5,Transferencia,Online
10023,2026-02-27,1728,16,8,1,954116,0,Tarjeta de Débito,Online
10024,2025-04-09,1017,16,20,1,954116,0,Tarjeta de Crédito,Online
10025,2024-01-22,84,2,7,3,1484902,10,Tarjeta de Crédito,Online
10026,2022-07-10,483,23,16,2,1928958,10,Mercado Pago,Sucursal
10027,2026-06-27,1196,3,8,1,1748036,10,Efectivo,Sucursal
10028,2022-07-06,1188,9,12,1,944582,10,Transferencia,Sucursal
10029,2024-09-11,964,18,1,1,1042885,0,Tarjeta de Crédito,Sucursal
10030,2022-04-29,893,16,9,1,954116,0,Tarjeta de Crédito,Online
10031,2024-11-26,1011,9,18,1,944582,10,Tarjeta de Débito,Online
10032,2025-07-16,1553,24,15,2,1763627,10,Tarjeta de Crédito,Sucursal
10033,2024-10-23,869,23,5,1,1928958,0,Tarjeta de Crédito,Sucursal
10034,2021-10-02,586,21,9,2,1989781,5,Mercado Pago,Sucursal
10035,2025-09-18,237,12,1,1,1844344,10,Tarjeta de Crédito,Online
10036,2022-05-01,452,25,3,1,1853677,15,Tarjeta de Débito,Sucursal
10037,2026-06-23,1106,4,16,2,2160479,0,Tarjeta de Crédito,Sucursal
10038,2025-11-18,927,1,2,1,934942,0,Tarjeta de Débito,Sucursal
10039,2026-01-03,1799,17,2,1,1455169,0,Tarjeta de Crédito,Online
10040,2026-03-01,1695,20,12,2,2236130,10,Mercado Pago,Online
10041,2024-05-08,1764,11,9,1,1298880,0,Tarjeta de Crédito,Online
10042,2021-08-28,1758,7,19,1,1778736,0,Tarjeta de Débito,Sucursal
10043,2025-01-10,1908,20,18,1,2236130,0,Transferencia,Sucursal
10044,2024-11-09,1090,17,20,1,1455169,0,Tarjeta de Crédito,Online
10045,2023-08-16,1504,6,20,1,1764687,0,Transferencia,Sucursal
10046,2022-02-16,571,2,18,1,1484902,20,Transferencia,Sucursal
10047,2022-12-17,1554,2,19,2,1484902,5,Transferencia,Online
10048,2025-12-01,603,19,7,1,1030169,0,Tarjeta de Crédito,Online
10049,2026-01-30,1652,12,16,1,1844344,5,Transferencia,Sucursal
10050,2024-09-07,1680,17,19,1,1455169,15,Tarjeta de Crédito,Sucursal
10051,2024-11-13,571,5,20,3,658866,0,Transferencia,Sucursal
10052,2025-01-21,540,4,3,1,2160479,30,Efectivo,Sucursal
10053,2021-08-08,1359,25,13,1,1853677,15,Tarjeta de Crédito,Sucursal
10054,2023-11-30,439,21,11,2,1989781,0,Tarjeta de Débito,Sucursal
10055,2023-09-30,1285,7,16,1,1778736,15,Tarjeta de Débito,Sucursal
10056,2022-09-08,1057,1,3,1,934942,0,Tarjeta de Crédito,Online
10057,2026-01-23,519,13,3,1,1102174,10,Tarjeta de Débito,Sucursal
10058,2024-06-04,759,11,19,1,1298880,10,Tarjeta de Crédito,Sucursal
10059,2024-06-28,56,23,14,1,1928958,5,Tarjeta de Crédito,Online
10060,2025-07-17,1324,10,10,1,2261684,10,Mercado Pago,Sucursal
10061,2021-07-12,681,16,8,1,954116,15,Mercado Pago,Sucursal
10062,2023-06-06,1488,19,6,2,1030169,15,Mercado Pago,Sucursal
10063,2022-04-24,1826,16,18,1,954116,0,Mercado Pago,Online
10064,2021-11-12,568,5,1,2,658866,0,Tarjeta de Crédito,Sucursal
10065,2025-09-07,910,25,13,3,1853677,10,Tarjeta de Crédito,Online
10066,2023-02-08,1923,3,10,2,1748036,0,Mercado Pago,Online
10067,2023-06-27,1731,13,12,2,1102174,10,Transferencia,Sucursal
10068,2023-07-03,741,9,12,1,944582,0,Mercado Pago,Sucursal
10069,2025-03-29,1860,19,8,1,1030169,5,Tarjeta de Crédito,Sucursal
10070,2023-12-07,1251,7,8,1,1778736,0,Transferencia,Sucursal
10071,2025-08-04,641,3,3,1,1748036,0,Tarjeta de Crédito,Online
10072,2024-07-29,341,15,11,2,2254306,10,Mercado Pago,Sucursal
10073,2021-07-22,743,9,10,2,944582,15,Tarjeta de Débito,Sucursal
10074,2026-04-11,1933,9,20,1,944582,0,Tarjeta de Débito,Sucursal
10075,2022-10-18,775,21,7,1,1989781,0,Mercado Pago,Sucursal
10076,2022-06-15,1857,19,18,1,1030169,0,Tarjeta de Crédito,Sucursal
10077,2024-08-27,471,20,12,1,2236130,5,Tarjeta de Crédito,Online
10078,2025-07-04,1477,14,19,1,2132068,10,Mercado Pago,Sucursal
10079,2024-02-28,632,25,10,2,1853677,0,Tarjeta de Crédito,Sucursal
10080,2023-08-03,15,22,13,2,1797606,0,Mercado Pago,Sucursal
10081,2025-06-29,698,8,12,1,1661179,0,Tarjeta de Crédito,Sucursal
10082,2022-07-24,1957,2,15,1,1484902,0,Tarjeta de Crédito,Online
10083,2025-08-13,845,7,20,1,1778736,0,Tarjeta de Crédito,Sucursal
10084,2024-10-14,1075,13,12,1,1102174,0,Transferencia,Online
10085,2023-01-14,1013,22,6,2,1797606,5,Transferencia,Sucursal
10086,2024-06-06,1943,19,20,2,1030169,10,Tarjeta de Crédito,Online
10087,2022-02-03,586,5,1,1,658866,0,Mercado Pago,Sucursal
10088,2022-01-15,784,6,11,1,1764687,5,Tarjeta de Débito,Sucursal
10089,2026-02-15,1718,21,5,2,1989781,0,Tarjeta de Débito,Online
10090,2026-01-29,305,14,6,1,2132068,10,Mercado Pago,Sucursal
10091,2022-06-20,1323,2,16,1,1484902,0,Transferencia,Sucursal
10092,2023-02-05,1865,9,17,4,944582,10,Tarjeta de Débito,Online
10093,2023-11-24,841,8,16,1,1661179,20,Tarjeta de Crédito,Sucursal
10094,2023-02-07,1948,24,20,1,1763627,10,Tarjeta de Crédito,Sucursal
10095,2025-03-30,1404,19,2,1,1030169,0,Tarjeta de Débito,Sucursal
10096,2022-05-19,1782,13,15,1,1102174,0,Tarjeta de Crédito,Sucursal
10097,2024-06-26,218,5,5,2,658866,10,Efectivo,Online
10098,2026-05-11,1010,7,5,1,1778736,5,Tarjeta de Crédito,Sucursal
10099,2024-06-10,1033,18,1,1,1042885,5,Tarjeta de Débito,Sucursal
10100,2023-05-07,303,16,14,4,954116,15,Tarjeta de Crédito,Sucursal
10101,2024-09-06,1906,12,17,1,1844344,0,Tarjeta de Débito,Online
10102,2022-10-12,492,21,6,1,1989781,0,Mercado Pago,Online
10103,2023-10-15,1967,6,9,4,1764687,10,Transferencia,Sucursal
10104,2025-10-12,595,11,17,1,1298880,10,Transferencia,Sucursal
10105,2024-05-09,1552,12,11,2,1844344,0,Tarjeta de Crédito,Sucursal
10106,2022-09-18,1422,21,4,1,1989781,0,Mercado Pago,Sucursal
10107,2026-03-09,1369,6,13,1,1764687,5,Tarjeta de Crédito,Sucursal
10108,2023-09-01,657,1,2,2,934942,0,Mercado Pago,Sucursal
10109,2025-08-29,1507,7,15,1,1778736,15,Tarjeta de Crédito,Sucursal
10110,2023-09-11,1123,21,17,1,1989781,0,Tarjeta de Crédito,Online
10111,2023-12-13,1501,16,12,2,954116,10,Tarjeta de Crédito,Sucursal
10112,2025-07-27,1460,7,3,1,1778736,0,Tarjeta de Débito,Online
10113,2025-04-26,1484,7,16,1,1778736,5,Tarjeta de Débito,Online
10114,2024-01-03,932,3,3,1,1748036,0,Transferencia,Sucursal
10115,2024-12-23,1628,5,16,1,658866,0,Tarjeta de Crédito,Sucursal
10116,2025-12-12,298,3,7,1,1748036,5,Mercado Pago,Sucursal
10117,2024-02-17,266,17,4,1,1455169,5,Tarjeta de Crédito,Online
10118,2024-08-31,1337,19,12,1,1030169,10,Tarjeta de Crédito,Sucursal
10119,2022-06-04,1852,11,4,1,1298880,0,Tarjeta de Crédito,Sucursal
10120,2024-01-13,299,15,15,1,2254306,0,Tarjeta de Débito,Sucursal
10121,2023-08-11,1188,9,18,1,944582,5,Transferencia,Sucursal
10122,2026-06-10,1457,22,2,2,1797606,20,Tarjeta de Crédito,Online
10123,2025-02-05,251,23,13,1,1928958,0,Mercado Pago,Sucursal
10124,2023-03-26,1685,11,6,1,1298880,10,Tarjeta de Crédito,Online
10125,2024-02-06,1656,2,19,1,1484902,10,Tarjeta de Crédito,Sucursal
10126,2026-06-14,1634,7,10,1,1778736,5,Tarjeta de Crédito,Online
10127,2026-03-01,849,9,4,4,944582,0,Tarjeta de Débito,Sucursal
10128,2022-02-14,137,18,15,1,1042885,0,Tarjeta de Débito,Online
10129,2023-01-05,1975,18,19,1,1042885,10,Transferencia,Sucursal
10130,2023-03-04,203,13,9,1,1102174,0,Mercado Pago,Sucursal
10131,2025-12-07,1024,12,19,3,1844344,0,Tarjeta de Crédito,Sucursal
10132,2024-12-14,313,8,1,5,1661179,0,Tarjeta de Débito,Sucursal
10133,2023-04-28,1503,6,5,1,1764687,5,Mercado Pago,Online
10134,2024-05-21,1316,24,12,1,1763627,0,Mercado Pago,Sucursal
10135,2022-05-08,498,22,12,1,1797606,5,Tarjeta de Crédito,Online
10136,2025-06-06,74,19,2,1,1030169,0,Tarjeta de Crédito,Sucursal
10137,2023-09-06,911,24,7,1,1763627,5,Tarjeta de Débito,Online
10138,2023-02-05,537,7,4,2,1778736,5,Tarjeta de Débito,Sucursal
10139,2023-05-10,1547,4,15,1,2160479,5,Transferencia,Sucursal
10140,2022-07-13,1070,11,12,2,1298880,0,Mercado Pago,Sucursal
10141,2024-03-27,1926,1,15,1,934942,0,Tarjeta de Crédito,Online
10142,2025-12-07,1456,6,20,5,1764687,20,Transferencia,Online
10143,2023-11-22,1640,20,9,3,2236130,0,Tarjeta de Crédito,Sucursal
10144,2023-08-09,907,21,19,1,1989781,0,Tarjeta de Crédito,Online
10145,2024-12-28,725,14,6,1,2132068,0,Tarjeta de Débito,Sucursal
10146,2026-03-14,1453,8,15,1,1661179,15,Mercado Pago,Online
10147,2026-03-23,97,16,9,1,954116,0,Tarjeta de Crédito,Sucursal
10148,2022-09-13,1276,11,7,1,1298880,5,Mercado Pago,Sucursal
10149,2025-11-25,122,15,1,1,2254306,0,Tarjeta de Crédito,Sucursal
10150,2022-09-03,441,19,4,2,1030169,15,Tarjeta de Débito,Sucursal
10151,2022-02-13,1063,10,6,1,2261684,0,Tarjeta de Crédito,Sucursal
10152,2022-12-21,1034,7,7,2,1778736,0,Efectivo,Online
10153,2024-07-01,741,8,9,3,1661179,0,Tarjeta de Crédito,Online
10154,2026-04-25,1547,3,15,1,1748036,0,Transferencia,Sucursal
10155,2025-10-03,635,8,18,3,1661179,20,Tarjeta de Crédito,Sucursal
10156,2025-04-04,1253,21,18,2,1989781,0,Tarjeta de Crédito,Sucursal
10157,2025-02-13,1996,25,19,2,1853677,10,Mercado Pago,Sucursal
10158,2025-06-29,1440,18,13,2,1042885,15,Tarjeta de Crédito,Online
10159,2026-02-11,660,16,4,2,954116,10,Tarjeta de Crédito,Online
10160,2025-09-04,851,1,7,1,934942,0,Tarjeta de Crédito,Online
10161,2023-02-08,587,11,8,3,1298880,10,Tarjeta de Débito,Sucursal
10162,2024-09-10,1795,18,8,1,1042885,30,Tarjeta de Crédito,Sucursal
10163,2025-04-04,1359,12,12,1,1844344,0,Transferencia,Sucursal
10164,2023-04-23,1645,25,15,1,1853677,5,Tarjeta de Débito,Sucursal
10165,2021-12-01,1679,12,1,1,1844344,0,Tarjeta de Débito,Sucursal
10166,2026-03-09,404,22,2,1,1797606,10,Tarjeta de Débito,Online
10167,2021-09-07,575,12,5,2,1844344,15,Tarjeta de Débito,Sucursal
10168,2021-11-05,1974,24,17,5,1763627,0,Transferencia,Online
10169,2023-12-24,120,23,13,2,1928958,0,Efectivo,Online
10170,2023-06-10,1213,1,3,2,934942,0,Transferencia,Sucursal
10171,2026-06-07,238,20,3,1,2236130,0,Tarjeta de Crédito,Sucursal
10172,2022-08-23,1372,17,8,1,1455169,0,Tarjeta de Débito,Sucursal
10173,2026-06-08,1813,6,9,1,1764687,5,Tarjeta de Crédito,Online
10174,2025-10-26,143,2,6,2,1484902,0,Tarjeta de Débito,Sucursal
10175,2022-05-18,1647,19,19,1,1030169,0,Tarjeta de Débito,Online
10176,2024-05-11,1006,10,13,2,2261684,0,Tarjeta de Débito,Sucursal
10177,2022-02-20,1870,2,6,1,1484902,10,Mercado Pago,Sucursal
10178,2023-12-28,1275,17,7,2,1455169,0,Tarjeta de Crédito,Sucursal
10179,2026-04-04,1614,1,17,2,934942,10,Tarjeta de Débito,Online
10180,2025-11-05,630,17,12,1,1455169,5,Tarjeta de Débito,Sucursal
10181,2022-08-25,834,5,6,2,658866,0,Tarjeta de Crédito,Sucursal
10182,2022-06-27,644,13,5,2,1102174,0,Tarjeta de Débito,Sucursal
10183,2022-06-30,1433,20,10,1,2236130,0,Mercado Pago,Sucursal
10184,2022-11-15,491,1,12,1,934942,0,Mercado Pago,Online
10185,2025-02-07,139,18,11,1,1042885,0,Tarjeta de Crédito,Sucursal
10186,2025-11-21,1435,15,5,3,2254306,0,Tarjeta de Crédito,Sucursal
10187,2025-11-10,842,3,5,1,1748036,15,Mercado Pago,Online
10188,2025-05-08,854,6,4,1,1764687,15,Transferencia,Sucursal
10189,2025-03-09,1005,25,10,1,1853677,0,Tarjeta de Débito,Sucursal
10190,2024-03-06,715,6,11,1,1764687,0,Efectivo,Sucursal
10191,2026-04-13,466,5,6,3,658866,5,Mercado Pago,Sucursal
10192,2023-01-14,684,22,19,1,1797606,15,Tarjeta de Crédito,Online
10193,2023-02-08,392,20,17,1,2236130,0,Tarjeta de Débito,Online
10194,2026-05-10,400,18,1,5,1042885,5,Tarjeta de Débito,Sucursal
10195,2025-11-06,1825,13,20,1,1102174,5,Tarjeta de Débito,Sucursal
10196,2025-02-06,266,6,16,1,1764687,0,Mercado Pago,Online
10197,2024-07-17,84,1,3,1,934942,30,Tarjeta de Crédito,Sucursal
10198,2023-07-23,312,17,4,1,1455169,0,Tarjeta de Crédito,Online
10199,2025-07-10,1249,21,20,2,1989781,0,Tarjeta de Crédito,Online
10200,2024-07-17,878,1,18,1,934942,0,Transferencia,Sucursal
10201,2023-06-01,1447,19,17,1,1030169,5,Mercado Pago,Sucursal
10202,2024-04-12,730,12,10,2,1844344,0,Efectivo,Sucursal
10203,2022-06-01,1743,11,20,1,1298880,10,Tarjeta de Crédito,Online
10204,2026-01-30,1143,11,20,1,1298880,10,Tarjeta de Crédito,Sucursal
10205,2022-03-28,1943,17,13,3,1455169,0,Tarjeta de Crédito,Sucursal
10206,2021-12-11,877,14,13,1,2132068,0,Tarjeta de Crédito,Online
10207,2023-06-04,1430,23,12,1,1928958,0,Tarjeta de Crédito,Sucursal
10208,2022-08-31,1067,22,9,1,1797606,30,Tarjeta de Crédito,Online
10209,2022-07-09,135,14,15,1,2132068,10,Tarjeta de Débito,Sucursal
10210,2023-09-04,1458,16,20,1,954116,0,Tarjeta de Crédito,Online
10211,2023-09-27,1525,15,2,1,2254306,15,Tarjeta de Débito,Sucursal
10212,2025-01-31,525,25,18,1,1853677,0,Mercado Pago,Sucursal
10213,2021-09-25,1203,16,18,1,954116,0,Tarjeta de Débito,Sucursal
10214,2024-05-17,586,6,3,2,1764687,0,Tarjeta de Crédito,Sucursal
10215,2023-03-24,383,25,3,1,1853677,0,Transferencia,Sucursal
10216,2025-03-14,547,2,15,1,1484902,10,Tarjeta de Débito,Sucursal
10217,2024-10-10,1971,24,19,2,1763627,0,Tarjeta de Débito,Sucursal
10218,2025-01-25,612,3,12,2,1748036,0,Tarjeta de Crédito,Sucursal
10219,2025-10-29,193,18,9,1,1042885,10,Tarjeta de Débito,Sucursal
10220,2022-01-12,313,24,13,1,1763627,0,Tarjeta de Crédito,Sucursal
10221,2026-04-11,1994,7,9,1,1778736,10,Tarjeta de Crédito,Sucursal
10222,2024-10-03,819,5,14,3,658866,0,Tarjeta de Crédito,Online
10223,2022-12-12,1774,7,10,1,1778736,5,Mercado Pago,Sucursal
10224,2023-10-31,958,4,6,2,2160479,0,Transferencia,Sucursal
10225,2023-10-19,171,18,15,2,1042885,5,Mercado Pago,Sucursal
10226,2024-09-08,101,14,5,3,2132068,0,Tarjeta de Débito,Online
10227,2022-09-08,557,3,1,2,1748036,5,Tarjeta de Crédito,Sucursal
10228,2026-04-14,889,13,9,1,1102174,0,Tarjeta de Crédito,Sucursal
10229,2022-04-09,1784,6,9,2,1764687,0,Tarjeta de Débito,Online
10230,2024-02-29,506,24,2,1,1763627,5,Tarjeta de Débito,Sucursal
10231,2023-06-03,269,25,16,1,1853677,10,Mercado Pago,Sucursal
10232,2024-05-20,1676,4,15,1,2160479,0,Tarjeta de Crédito,Sucursal
10233,2026-01-22,244,9,15,2,944582,5,Tarjeta de Débito,Sucursal
10234,2025-01-27,955,10,9,1,2261684,20,Transferencia,Sucursal
10235,2022-12-18,1314,23,11,1,1928958,15,Mercado Pago,Sucursal
10236,2026-05-24,676,3,14,1,1748036,20,Mercado Pago,Sucursal
10237,2022-10-12,1280,11,5,1,1298880,10,Mercado Pago,Online
10238,2025-02-13,1952,6,12,1,1764687,30,Transferencia,Online
10239,2024-09-16,518,15,7,1,2254306,20,Tarjeta de Crédito,Online
10240,2023-07-19,319,21,18,1,1989781,15,Tarjeta de Débito,Sucursal
10241,2022-02-28,723,22,19,1,1797606,10,Tarjeta de Crédito,Sucursal
10242,2022-01-09,1121,14,6,1,2132068,10,Tarjeta de Crédito,Sucursal
10243,2022-08-22,1508,1,2,1,934942,0,Tarjeta de Crédito,Sucursal
10244,2025-08-21,837,6,9,2,1764687,5,Mercado Pago,Online
10245,2022-09-30,529,4,10,1,2160479,0,Tarjeta de Débito,Sucursal
10246,2025-04-15,444,8,15,1,1661179,20,Tarjeta de Crédito,Sucursal
10247,2026-04-23,1897,20,6,1,2236130,30,Tarjeta de Débito,Sucursal
10248,2024-08-06,605,20,14,1,2236130,0,Tarjeta de Crédito,Sucursal
10249,2022-01-07,21,6,10,1,1764687,0,Tarjeta de Crédito,Sucursal
10250,2025-06-14,1366,18,19,3,1042885,0,Tarjeta de Crédito,Online
10251,2022-04-26,883,21,3,2,1989781,10,Transferencia,Online
10252,2022-11-17,101,23,11,2,1928958,10,Tarjeta de Crédito,Sucursal
10253,2024-09-26,979,17,14,1,1455169,0,Transferencia,Online
10254,2023-10-11,380,13,20,1,1102174,0,Transferencia,Sucursal
10255,2024-11-03,1651,7,11,1,1778736,0,Tarjeta de Crédito,Online
10256,2023-06-25,668,20,12,1,2236130,0,Tarjeta de Crédito,Sucursal
10257,2025-05-07,9,4,2,2,2160479,15,Tarjeta de Crédito,Sucursal
10258,2022-02-14,993,15,15,3,2254306,0,Mercado Pago,Sucursal
10259,2024-02-05,1529,14,19,1,2132068,20,Transferencia,Online
10260,2024-02-13,985,2,2,3,1484902,0,Transferencia,Online
10261,2025-01-23,674,22,9,1,1797606,0,Tarjeta de Débito,Sucursal
10262,2023-09-30,184,17,19,1,1455169,10,Tarjeta de Débito,Sucursal
10263,2021-07-25,135,12,20,1,1844344,20,Tarjeta de Crédito,Sucursal
10264,2024-09-09,1452,17,18,1,1455169,0,Tarjeta de Crédito,Sucursal
10265,2025-09-17,199,1,8,3,934942,0,Tarjeta de Crédito,Sucursal
10266,2023-12-10,1590,13,11,1,1102174,0,Mercado Pago,Sucursal
10267,2025-10-03,1092,18,1,1,1042885,10,Tarjeta de Débito,Online
10268,2023-12-17,1822,9,16,1,944582,0,Efectivo,Online
10269,2023-07-30,1517,18,19,1,1042885,0,Tarjeta de Crédito,Sucursal
10270,2022-06-03,326,18,20,1,1042885,0,Transferencia,Online
10271,2022-10-11,542,18,9,1,1042885,10,Transferencia,Sucursal
10272,2024-03-09,1457,21,5,1,1989781,10,Tarjeta de Crédito,Sucursal
10273,2024-11-04,732,3,4,3,1748036,5,Mercado Pago,Online
10274,2025-06-09,140,21,14,2,1989781,0,Tarjeta de Débito,Sucursal
10275,2025-12-15,518,14,11,2,2132068,0,Tarjeta de Crédito,Sucursal
10276,2024-05-02,1498,11,1,1,1298880,20,Transferencia,Sucursal
10277,2022-02-24,1863,16,10,1,954116,0,Efectivo,Sucursal
10278,2021-09-23,987,10,18,1,2261684,0,Tarjeta de Débito,Sucursal
10279,2021-12-03,1996,1,14,1,934942,5,Transferencia,Sucursal
10280,2025-07-06,1719,4,10,1,2160479,0,Tarjeta de Crédito,Sucursal
10281,2026-02-01,1073,14,10,2,2132068,10,Tarjeta de Crédito,Sucursal
10282,2025-11-29,1809,13,4,1,1102174,10,Tarjeta de Crédito,Sucursal
10283,2023-10-31,220,12,1,1,1844344,0,Tarjeta de Crédito,Sucursal
10284,2022-03-14,1749,6,10,4,1764687,20,Transferencia,Sucursal
10285,2024-01-23,1797,9,1,2,944582,0,Tarjeta de Crédito,Sucursal
10286,2024-09-13,1889,24,18,1,1763627,15,Tarjeta de Crédito,Sucursal
10287,2024-11-03,1603,18,1,1,1042885,5,Tarjeta de Débito,Sucursal
10288,2022-12-29,591,22,19,1,1797606,0,Transferencia,Sucursal
10289,2022-03-20,1627,19,14,2,1030169,0,Tarjeta de Débito,Online
10290,2024-10-18,143,12,1,1,1844344,0,Tarjeta de Crédito,Online
10291,2025-09-09,1683,8,14,1,1661179,0,Tarjeta de Crédito,Sucursal
10292,2026-06-07,42,11,4,1,1298880,10,Transferencia,Sucursal
10293,2024-04-06,1838,17,10,1,1455169,15,Tarjeta de Crédito,Online
10294,2026-06-14,25,19,19,1,1030169,0,Transferencia,Sucursal
10295,2023-11-19,1883,1,17,1,934942,20,Tarjeta de Débito,Online
10296,2025-02-08,1597,12,2,2,1844344,0,Tarjeta de Débito,Online
10297,2025-07-06,1297,12,11,2,1844344,0,Tarjeta de Crédito,Online
10298,2024-04-05,1079,7,3,1,1778736,5,Mercado Pago,Sucursal
10299,2022-05-05,1736,7,9,2,1778736,0,Tarjeta de Crédito,Sucursal
10300,2023-02-13,1344,7,2,3,1778736,0,Tarjeta de Crédito,Online
10301,2024-09-15,1241,15,16,1,2254306,0,Mercado Pago,Online
10302,2022-04-15,1789,16,18,1,954116,0,Transferencia,Sucursal
10303,2023-04-05,1109,15,1,2,2254306,5,Tarjeta de Crédito,Online
10304,2021-08-08,188,24,17,1,1763627,0,Tarjeta de Débito,Online
10305,2023-11-02,530,12,15,4,1844344,0,Tarjeta de Crédito,Online
10306,2023-09-12,53,18,13,1,1042885,15,Tarjeta de Crédito,Online
10307,2025-02-15,988,4,12,1,2160479,0,Tarjeta de Débito,Online
10308,2021-11-25,1178,9,16,1,944582,0,Tarjeta de Débito,Online
10309,2023-12-11,1842,10,13,2,2261684,0,Tarjeta de Débito,Sucursal
10310,2026-04-12,1848,9,7,1,944582,0,Tarjeta de Débito,Sucursal
10311,2023-05-04,1004,15,18,2,2254306,0,Mercado Pago,Sucursal
10312,2025-07-09,1613,9,1,2,944582,5,Tarjeta de Crédito,Sucursal
10313,2024-03-08,481,8,1,1,1661179,0,Tarjeta de Crédito,Online
10314,2022-09-01,298,24,13,1,1763627,0,Mercado Pago,Sucursal
10315,2023-08-05,1484,4,12,1,2160479,5,Tarjeta de Débito,Online
10316,2025-11-07,1382,12,6,1,1844344,0,Transferencia,Sucursal
10317,2026-03-02,1333,25,1,1,1853677,5,Tarjeta de Crédito,Sucursal
10318,2025-08-11,1659,22,15,1,1797606,0,Tarjeta de Débito,Online
10319,2024-01-04,1230,13,12,2,1102174,0,Tarjeta de Débito,Sucursal
10320,2022-09-22,1850,8,8,1,1661179,0,Tarjeta de Crédito,Sucursal
10321,2024-08-14,1318,15,13,2,2254306,15,Tarjeta de Crédito,Sucursal
10322,2022-07-23,140,6,17,1,1764687,0,Efectivo,Sucursal
10323,2025-06-14,1818,23,4,1,1928958,0,Efectivo,Sucursal
10324,2026-02-12,91,1,11,1,934942,5,Tarjeta de Crédito,Online
10325,2022-07-03,1469,14,8,2,2132068,0,Mercado Pago,Sucursal
10326,2022-01-02,312,25,5,3,1853677,0,Tarjeta de Crédito,Sucursal
10327,2025-04-08,1438,23,17,1,1928958,10,Tarjeta de Crédito,Online
10328,2022-07-01,1323,17,17,1,1455169,0,Tarjeta de Crédito,Online
10329,2026-03-12,710,19,14,1,1030169,0,Tarjeta de Crédito,Sucursal
10330,2025-02-01,1126,21,15,1,1989781,0,Tarjeta de Crédito,Online
10331,2022-11-12,263,12,4,1,1844344,0,Tarjeta de Crédito,Sucursal
10332,2024-09-04,1922,5,5,1,658866,0,Efectivo,Sucursal
10333,2025-03-21,1574,15,19,1,2254306,20,Tarjeta de Débito,Online
10334,2025-09-26,1456,14,8,1,2132068,10,Tarjeta de Débito,Online
10335,2024-10-30,453,23,7,1,1928958,0,Tarjeta de Crédito,Sucursal
10336,2023-04-25,1037,22,18,1,1797606,0,Tarjeta de Débito,Online
10337,2025-11-12,263,9,5,1,944582,15,Tarjeta de Crédito,Sucursal
10338,2024-09-20,414,12,4,1,1844344,30,Tarjeta de Crédito,Online
10339,2025-08-05,1812,19,6,1,1030169,15,Tarjeta de Crédito,Online
10340,2024-01-02,1449,18,14,3,1042885,0,Tarjeta de Crédito,Online
10341,2022-07-05,891,5,14,1,658866,5,Tarjeta de Crédito,Online
10342,2021-11-16,1797,4,12,1,2160479,0,Mercado Pago,Online
10343,2023-01-11,1470,5,8,1,658866,0,Tarjeta de Crédito,Online
10344,2024-03-10,1013,2,1,1,1484902,20,Transferencia,Online
10345,2022-04-29,1352,22,17,1,1797606,0,Tarjeta de Débito,Online
10346,2024-07-08,509,17,13,1,1455169,0,Tarjeta de Crédito,Sucursal
10347,2025-12-01,553,9,1,1,944582,0,Tarjeta de Crédito,Sucursal
10348,2024-01-07,752,25,13,1,1853677,0,Tarjeta de Crédito,Sucursal
10349,2024-06-25,535,16,13,2,954116,15,Efectivo,Sucursal
10350,2024-12-10,1950,9,8,1,944582,10,Tarjeta de Crédito,Online
10351,2021-07-12,1335,2,17,1,1484902,0,Tarjeta de Débito,Sucursal
10352,2024-09-11,1069,14,2,1,2132068,20,Transferencia,Online
10353,2021-07-10,1860,12,2,1,1844344,0,Tarjeta de Crédito,Online
10354,2023-12-04,640,1,12,3,934942,0,Mercado Pago,Sucursal
10355,2024-01-13,842,9,12,1,944582,0,Tarjeta de Crédito,Sucursal
10356,2025-02-27,83,18,8,1,1042885,10,Mercado Pago,Sucursal
10357,2022-11-21,706,20,19,1,2236130,20,Mercado Pago,Sucursal
10358,2026-07-02,1064,19,5,1,1030169,0,Tarjeta de Crédito,Sucursal
10359,2025-01-15,236,15,2,1,2254306,0,Tarjeta de Débito,Online
10360,2026-05-06,829,24,15,1,1763627,10,Tarjeta de Débito,Sucursal
10361,2024-03-16,507,1,8,1,934942,5,Transferencia,Sucursal
10362,2024-01-21,1617,25,14,1,1853677,5,Tarjeta de Crédito,Sucursal
10363,2025-07-21,1327,10,13,1,2261684,10,Tarjeta de Crédito,Sucursal
10364,2022-08-12,1634,11,2,2,1298880,0,Transferencia,Sucursal
10365,2022-09-29,1356,25,16,2,1853677,0,Mercado Pago,Online
10366,2022-06-20,167,22,6,2,1797606,10,Tarjeta de Débito,Sucursal
10367,2021-07-28,305,17,14,3,1455169,0,Tarjeta de Crédito,Sucursal
10368,2025-04-23,708,21,2,1,1989781,10,Mercado Pago,Sucursal
10369,2024-07-31,1438,7,19,2,1778736,0,Tarjeta de Crédito,Sucursal
10370,2025-12-06,1788,18,7,1,1042885,5,Mercado Pago,Sucursal
10371,2022-04-13,967,22,16,1,1797606,0,Tarjeta de Débito,Sucursal
10372,2022-05-31,90,15,13,1,2254306,0,Tarjeta de Crédito,Sucursal
10373,2023-10-28,202,15,4,2,2254306,15,Tarjeta de Crédito,Sucursal
10374,2021-08-13,1139,10,1,1,2261684,0,Tarjeta de Débito,Sucursal
10375,2023-12-05,272,3,3,1,1748036,5,Mercado Pago,Sucursal
10376,2026-03-24,1826,7,4,1,1778736,30,Tarjeta de Débito,Sucursal
10377,2023-01-17,1760,10,3,1,2261684,0,Tarjeta de Crédito,Sucursal
10378,2022-02-04,840,5,17,1,658866,0,Mercado Pago,Sucursal
10379,2024-08-27,1394,1,20,3,934942,10,Tarjeta de Crédito,Online
10380,2021-09-03,1249,16,18,1,954116,0,Tarjeta de Crédito,Sucursal
10381,2022-10-04,731,3,14,1,1748036,0,Tarjeta de Crédito,Sucursal
10382,2022-07-08,1873,7,1,1,1778736,0,Tarjeta de Débito,Online
10383,2021-08-10,673,4,15,1,2160479,10,Tarjeta de Crédito,Sucursal
10384,2024-09-02,998,19,1,4,1030169,5,Transferencia,Online
10385,2025-10-11,1695,11,15,2,1298880,10,Mercado Pago,Sucursal
10386,2023-05-22,57,9,19,1,944582,0,Tarjeta de Crédito,Sucursal
10387,2025-02-10,268,25,4,1,1853677,5,Mercado Pago,Sucursal
10388,2022-06-09,534,18,3,1,1042885,0,Tarjeta de Crédito,Sucursal
10389,2021-10-11,1579,19,1,5,1030169,0,Transferencia,Online
10390,2026-04-12,1604,11,9,1,1298880,0,Tarjeta de Crédito,Online
10391,2023-02-13,1525,3,5,1,1748036,10,Mercado Pago,Online
10392,2021-12-18,69,8,2,1,1661179,0,Tarjeta de Crédito,Sucursal
10393,2021-11-13,1588,8,18,1,1661179,5,Tarjeta de Crédito,Sucursal
10394,2024-06-08,1640,2,15,1,1484902,5,Mercado Pago,Sucursal
10395,2025-03-28,1444,18,2,2,1042885,0,Mercado Pago,Sucursal
10396,2025-04-20,1147,24,2,2,1763627,0,Tarjeta de Crédito,Sucursal
10397,2025-12-07,1684,17,6,1,1455169,0,Tarjeta de Débito,Sucursal
10398,2022-03-30,34,15,15,1,2254306,0,Transferencia,Sucursal
10399,2025-03-21,1633,21,9,2,1989781,5,Tarjeta de Crédito,Sucursal
10400,2024-10-03,110,19,9,3,1030169,0,Tarjeta de Crédito,Online
10401,2025-03-13,883,25,4,1,1853677,5,Tarjeta de Débito,Sucursal
10402,2023-11-07,1884,4,4,1,2160479,0,Transferencia,Sucursal
10403,2021-11-25,293,9,6,1,944582,0,Efectivo,Online
10404,2024-10-26,1229,2,12,1,1484902,0,Mercado Pago,Sucursal
10405,2022-09-02,1751,12,15,2,1844344,0,Mercado Pago,Sucursal
10406,2023-11-28,96,12,8,2,1844344,0,Tarjeta de Crédito,Sucursal
10407,2023-02-10,1052,3,7,2,1748036,0,Mercado Pago,Sucursal
10408,2026-04-18,187,4,19,1,2160479,10,Tarjeta de Crédito,Sucursal
10409,2026-06-30,126,19,13,3,1030169,20,Tarjeta de Débito,Sucursal
10410,2026-04-04,197,13,8,1,1102174,0,Tarjeta de Crédito,Sucursal
10411,2026-01-24,1519,7,6,2,1778736,15,Tarjeta de Crédito,Sucursal
10412,2026-06-18,691,1,1,2,934942,0,Tarjeta de Débito,Sucursal
10413,2025-06-04,1273,5,12,1,658866,10,Efectivo,Sucursal
10414,2024-11-03,1313,8,8,2,1661179,0,Transferencia,Sucursal
10415,2024-06-20,1552,22,10,2,1797606,0,Tarjeta de Crédito,Sucursal
10416,2026-04-27,1373,6,17,2,1764687,10,Tarjeta de Crédito,Sucursal
10417,2023-01-08,481,2,8,1,1484902,0,Tarjeta de Débito,Online
10418,2023-10-06,340,1,16,1,934942,0,Tarjeta de Crédito,Sucursal
10419,2023-07-20,1090,23,15,2,1928958,0,Tarjeta de Débito,Sucursal
10420,2024-02-06,1011,22,6,2,1797606,0,Mercado Pago,Online
10421,2024-03-27,562,17,7,1,1455169,10,Tarjeta de Crédito,Sucursal
10422,2026-04-22,799,24,5,2,1763627,10,Tarjeta de Crédito,Sucursal
10423,2026-03-05,205,1,6,1,934942,15,Tarjeta de Débito,Online
10424,2022-06-25,641,19,11,1,1030169,20,Mercado Pago,Sucursal
10425,2022-03-11,1419,14,12,1,2132068,0,Tarjeta de Crédito,Online
10426,2026-03-02,716,12,20,2,1844344,10,Tarjeta de Crédito,Sucursal
10427,2025-01-13,1225,24,4,1,1763627,10,Tarjeta de Débito,Sucursal
10428,2024-02-18,736,18,1,1,1042885,15,Tarjeta de Débito,Sucursal
10429,2025-08-15,861,9,8,1,944582,0,Tarjeta de Crédito,Sucursal
10430,2024-02-13,1347,6,14,2,1764687,10,Tarjeta de Crédito,Sucursal
10431,2022-11-13,1078,17,16,1,1455169,5,Tarjeta de Crédito,Sucursal
10432,2024-06-12,1278,5,19,1,658866,0,Mercado Pago,Sucursal
10433,2022-05-19,470,2,13,1,1484902,5,Transferencia,Online
10434,2023-02-11,957,4,14,1,2160479,0,Tarjeta de Débito,Sucursal
10435,2025-11-26,408,16,12,1,954116,0,Mercado Pago,Sucursal
10436,2024-08-26,1465,11,10,1,1298880,0,Tarjeta de Débito,Sucursal
10437,2021-09-03,688,10,14,3,2261684,10,Tarjeta de Crédito,Sucursal
10438,2023-05-31,687,23,20,1,1928958,0,Tarjeta de Crédito,Sucursal
10439,2026-05-31,1450,17,13,1,1455169,0,Tarjeta de Crédito,Online
10440,2025-02-27,1813,13,5,1,1102174,5,Mercado Pago,Sucursal
10441,2022-10-19,1786,15,19,1,2254306,0,Mercado Pago,Sucursal
10442,2024-03-31,1162,20,3,1,2236130,0,Mercado Pago,Online
10443,2024-10-07,804,11,5,1,1298880,0,Tarjeta de Crédito,Sucursal
10444,2026-02-04,799,21,3,1,1989781,0,Tarjeta de Débito,Online
10445,2024-01-13,1354,7,11,1,1778736,20,Tarjeta de Crédito,Online
10446,2024-05-20,1178,5,19,1,658866,0,Efectivo,Online
10447,2022-02-06,1786,18,17,1,1042885,0,Tarjeta de Débito,Sucursal
10448,2023-04-18,1018,3,1,5,1748036,0,Tarjeta de Crédito,Sucursal
10449,2022-05-01,1489,20,13,1,2236130,0,Tarjeta de Débito,Sucursal
10450,2022-12-04,455,18,15,1,1042885,15,Tarjeta de Débito,Online
10451,2022-11-03,1726,25,6,1,1853677,5,Tarjeta de Crédito,Online
10452,2025-01-23,712,22,16,1,1797606,0,Tarjeta de Crédito,Sucursal
10453,2024-10-08,547,18,4,1,1042885,0,Mercado Pago,Online
10454,2026-06-05,894,21,10,1,1989781,0,Mercado Pago,Online
10455,2022-11-17,509,21,13,5,1989781,15,Tarjeta de Débito,Online
10456,2021-12-27,352,24,5,1,1763627,30,Mercado Pago,Online
10457,2023-05-31,628,13,18,1,1102174,0,Mercado Pago,Sucursal
10458,2023-08-15,659,15,18,1,2254306,5,Mercado Pago,Sucursal
10459,2025-01-18,1638,20,16,3,2236130,10,Mercado Pago,Sucursal
10460,2024-03-19,528,25,6,2,1853677,0,Transferencia,Sucursal
10461,2021-11-20,1465,11,12,5,1298880,0,Mercado Pago,Sucursal
10462,2022-01-26,1343,3,12,1,1748036,0,Tarjeta de Crédito,Sucursal
10463,2026-04-13,116,2,19,1,1484902,0,Tarjeta de Débito,Sucursal
10464,2021-11-04,1759,24,19,1,1763627,0,Tarjeta de Crédito,Online
10465,2022-01-23,129,14,6,1,2132068,5,Tarjeta de Débito,Online
10466,2025-01-24,1669,15,7,2,2254306,10,Tarjeta de Débito,Sucursal
10467,2023-11-20,883,23,4,4,1928958,10,Efectivo,Sucursal
10468,2025-10-15,215,24,16,1,1763627,0,Transferencia,Online
10469,2022-11-13,1204,16,19,1,954116,10,Tarjeta de Crédito,Online
10470,2023-08-05,455,8,15,1,1661179,0,Tarjeta de Crédito,Sucursal
10471,2025-05-05,1897,9,2,1,944582,10,Tarjeta de Crédito,Sucursal
10472,2026-04-05,1140,17,4,1,1455169,10,Mercado Pago,Sucursal
10473,2022-04-15,473,3,17,1,1748036,0,Tarjeta de Crédito,Sucursal
10474,2021-07-19,414,24,4,1,1763627,0,Transferencia,Sucursal
10475,2024-10-26,754,10,5,1,2261684,5,Tarjeta de Crédito,Online
10476,2025-04-12,1288,23,15,1,1928958,15,Tarjeta de Crédito,Sucursal
10477,2026-05-10,612,18,4,1,1042885,5,Efectivo,Online
10478,2025-06-06,326,24,6,1,1763627,10,Tarjeta de Crédito,Online
10479,2023-07-21,782,3,6,5,1748036,0,Tarjeta de Débito,Sucursal
10480,2023-03-11,1510,25,17,1,1853677,0,Tarjeta de Crédito,Sucursal
10481,2025-05-22,462,25,17,2,1853677,0,Transferencia,Sucursal
10482,2025-07-19,224,24,14,1,1763627,5,Tarjeta de Crédito,Sucursal
10483,2022-02-19,350,1,15,1,934942,0,Mercado Pago,Online
10484,2021-12-19,762,25,20,2,1853677,0,Mercado Pago,Online
10485,2021-10-22,385,16,13,4,954116,5,Tarjeta de Débito,Sucursal
10486,2024-02-15,862,22,7,1,1797606,0,Tarjeta de Crédito,Sucursal
10487,2025-10-16,1990,19,4,1,1030169,0,Tarjeta de Crédito,Sucursal
10488,2021-08-07,690,24,1,1,1763627,0,Mercado Pago,Sucursal
10489,2022-11-26,656,13,11,1,1102174,0,Tarjeta de Crédito,Sucursal
10490,2024-08-10,1874,1,15,3,934942,0,Tarjeta de Crédito,Sucursal
10491,2025-07-12,429,8,8,1,1661179,30,Tarjeta de Crédito,Online
10492,2021-09-29,1101,5,12,1,658866,0,Tarjeta de Débito,Sucursal
10493,2025-10-14,660,14,10,1,2132068,5,Tarjeta de Crédito,Sucursal
10494,2025-09-07,1263,20,4,3,2236130,5,Tarjeta de Crédito,Online
10495,2025-03-23,168,18,8,2,1042885,0,Tarjeta de Crédito,Online
10496,2021-09-21,1367,3,7,2,1748036,10,Tarjeta de Débito,Online
10497,2023-08-28,566,21,3,1,1989781,0,Tarjeta de Débito,Sucursal
10498,2023-01-05,52,13,9,1,1102174,0,Tarjeta de Crédito,Online
10499,2024-09-13,18,11,12,2,1298880,0,Tarjeta de Crédito,Online
10500,2024-11-17,1390,12,3,1,1844344,0,Tarjeta de Crédito,Sucursal
10501,2024-07-01,1227,9,20,2,944582,0,Tarjeta de Débito,Sucursal
10502,2022-06-12,264,6,15,1,1764687,0,Efectivo,Sucursal
10503,2022-07-18,1111,3,14,2,1748036,0,Tarjeta de Crédito,Sucursal
10504,2022-02-01,34,22,5,2,1797606,0,Efectivo,Online
10505,2023-03-05,1576,24,14,1,1763627,0,Tarjeta de Débito,Sucursal
10506,2021-08-16,1935,16,4,2,954116,0,Tarjeta de Crédito,Online
10507,2024-05-29,933,14,17,3,2132068,0,Tarjeta de Crédito,Sucursal
10508,2026-01-24,1488,23,1,1,1928958,5,Tarjeta de Débito,Online
10509,2022-12-02,731,22,16,1,1797606,0,Tarjeta de Débito,Sucursal
10510,2021-12-16,309,16,19,2,954116,15,Tarjeta de Crédito,Sucursal
10511,2023-11-02,1219,10,2,1,2261684,0,Efectivo,Online
10512,2023-09-26,712,1,18,1,934942,0,Mercado Pago,Online
10513,2024-08-13,999,17,6,2,1455169,10,Tarjeta de Débito,Sucursal
10514,2024-05-04,1955,4,16,2,2160479,15,Transferencia,Online
10515,2024-02-12,1677,20,11,1,2236130,0,Tarjeta de Crédito,Sucursal
10516,2023-12-13,175,3,5,2,1748036,15,Transferencia,Sucursal
10517,2023-02-11,1561,12,5,1,1844344,0,Mercado Pago,Sucursal
10518,2025-07-20,229,5,17,1,658866,10,Efectivo,Sucursal
10519,2021-12-25,208,4,6,1,2160479,10,Tarjeta de Débito,Online
10520,2024-02-07,1552,11,9,1,1298880,0,Tarjeta de Débito,Sucursal
10521,2024-11-09,1738,9,16,1,944582,0,Mercado Pago,Sucursal
10522,2024-08-19,1317,13,19,1,1102174,15,Tarjeta de Crédito,Online
10523,2024-08-21,1281,21,2,2,1989781,0,Tarjeta de Crédito,Online
10524,2023-09-06,854,21,20,3,1989781,0,Tarjeta de Débito,Sucursal
10525,2025-05-31,597,8,19,1,1661179,10,Tarjeta de Débito,Sucursal
10526,2022-02-05,624,15,8,3,2254306,0,Mercado Pago,Sucursal
10527,2025-07-03,908,17,20,2,1455169,20,Tarjeta de Crédito,Online
10528,2023-07-30,316,14,19,2,2132068,10,Tarjeta de Débito,Sucursal
10529,2024-07-01,927,24,7,3,1763627,10,Tarjeta de Débito,Sucursal
10530,2023-09-24,1009,20,3,1,2236130,5,Tarjeta de Crédito,Online
10531,2023-11-18,153,15,14,1,2254306,0,Efectivo,Online
10532,2023-11-24,1482,9,8,1,944582,0,Mercado Pago,Sucursal
10533,2024-01-04,700,6,17,1,1764687,0,Tarjeta de Crédito,Sucursal
10534,2023-07-30,214,16,17,2,954116,0,Mercado Pago,Online
10535,2024-06-03,1004,10,6,1,2261684,5,Tarjeta de Crédito,Sucursal
10536,2026-06-23,1857,16,12,3,954116,30,Transferencia,Online
10537,2023-03-22,1558,24,15,2,1763627,15,Tarjeta de Crédito,Sucursal
10538,2022-08-09,1523,14,6,1,2132068,0,Transferencia,Online
10539,2025-10-28,1953,6,3,1,1764687,15,Efectivo,Online
10540,2024-11-25,1465,19,12,1,1030169,0,Tarjeta de Crédito,Online
10541,2023-05-31,9,14,6,1,2132068,0,Tarjeta de Crédito,Sucursal
10542,2025-04-22,1522,21,6,3,1989781,0,Tarjeta de Crédito,Sucursal
10543,2023-03-11,956,15,14,1,2254306,0,Tarjeta de Crédito,Sucursal
10544,2022-07-30,995,22,5,1,1797606,10,Tarjeta de Débito,Online
10545,2023-09-17,18,14,1,1,2132068,0,Tarjeta de Crédito,Sucursal
10546,2025-05-04,543,8,5,1,1661179,0,Efectivo,Online
10547,2021-08-18,444,5,2,1,658866,0,Tarjeta de Débito,Online
10548,2025-05-08,63,10,11,2,2261684,30,Tarjeta de Crédito,Sucursal
10549,2023-04-03,680,14,3,3,2132068,0,Tarjeta de Crédito,Online
10550,2023-03-05,1897,18,13,1,1042885,5,Tarjeta de Débito,Sucursal
10551,2024-09-25,1959,25,16,1,1853677,0,Tarjeta de Crédito,Online
10552,2022-04-02,146,1,11,5,934942,0,Tarjeta de Crédito,Online
10553,2024-10-12,1802,19,17,1,1030169,0,Tarjeta de Débito,Sucursal
10554,2021-08-26,1810,19,5,2,1030169,10,Tarjeta de Crédito,Sucursal
10555,2022-10-07,1152,23,10,1,1928958,0,Mercado Pago,Online
10556,2025-09-27,14,8,4,2,1661179,10,Tarjeta de Crédito,Sucursal
10557,2022-06-11,376,9,15,1,944582,0,Tarjeta de Crédito,Online
10558,2022-10-30,1603,3,7,2,1748036,0,Tarjeta de Débito,Sucursal
10559,2025-12-24,1971,12,10,1,1844344,5,Tarjeta de Crédito,Online
10560,2025-08-28,450,5,6,1,658866,0,Tarjeta de Crédito,Sucursal
10561,2024-07-27,1417,25,6,1,1853677,0,Tarjeta de Crédito,Sucursal
10562,2023-03-20,214,6,14,1,1764687,5,Tarjeta de Crédito,Online
10563,2025-04-07,385,19,6,1,1030169,5,Tarjeta de Débito,Online
10564,2025-08-30,1405,5,2,2,658866,0,Tarjeta de Crédito,Sucursal
10565,2024-05-27,646,20,1,1,2236130,5,Tarjeta de Crédito,Sucursal
10566,2026-03-14,782,24,20,1,1763627,5,Mercado Pago,Sucursal
10567,2022-02-06,1242,3,12,1,1748036,0,Tarjeta de Débito,Online
10568,2022-12-30,1167,21,5,1,1989781,5,Efectivo,Online
10569,2024-04-13,1771,23,7,2,1928958,0,Tarjeta de Crédito,Sucursal
10570,2026-01-19,1475,17,6,1,1455169,0,Tarjeta de Crédito,Sucursal
10571,2022-06-04,1556,14,15,1,2132068,10,Tarjeta de Débito,Sucursal
10572,2021-12-31,1261,16,17,1,954116,10,Mercado Pago,Online
10573,2021-11-25,774,14,6,1,2132068,0,Tarjeta de Crédito,Sucursal
10574,2021-12-14,737,3,1,1,1748036,0,Tarjeta de Crédito,Online
10575,2024-03-11,579,21,19,1,1989781,5,Mercado Pago,Sucursal
10576,2024-11-17,1937,6,15,1,1764687,0,Transferencia,Online
10577,2025-01-07,1462,21,14,2,1989781,5,Tarjeta de Crédito,Online
10578,2023-08-05,756,11,14,1,1298880,15,Mercado Pago,Sucursal
10579,2024-10-10,300,23,18,1,1928958,10,Tarjeta de Crédito,Online
10580,2023-12-15,1095,5,18,3,658866,20,Tarjeta de Crédito,Sucursal
10581,2024-11-25,392,23,9,2,1928958,15,Tarjeta de Crédito,Online
10582,2023-04-12,76,1,1,5,934942,0,Tarjeta de Crédito,Online
10583,2026-06-12,841,18,8,1,1042885,0,Mercado Pago,Online
10584,2021-12-05,219,12,13,1,1844344,0,Tarjeta de Débito,Sucursal
10585,2024-11-27,1682,3,14,1,1748036,0,Mercado Pago,Sucursal
10586,2025-09-06,737,18,3,1,1042885,20,Mercado Pago,Sucursal
10587,2021-10-21,1380,17,1,1,1455169,30,Mercado Pago,Sucursal
10588,2025-02-10,1471,16,5,1,954116,0,Tarjeta de Crédito,Sucursal
10589,2022-09-02,1230,12,9,1,1844344,20,Tarjeta de Crédito,Sucursal
10590,2025-12-31,1942,10,6,1,2261684,0,Tarjeta de Crédito,Online
10591,2022-08-05,107,12,17,1,1844344,5,Tarjeta de Crédito,Online
10592,2023-01-11,1319,10,5,1,2261684,0,Efectivo,Online
10593,2025-09-11,294,8,16,1,1661179,0,Tarjeta de Crédito,Sucursal
10594,2022-01-11,1257,6,11,1,1764687,0,Tarjeta de Crédito,Sucursal
10595,2024-03-07,914,3,6,1,1748036,0,Mercado Pago,Sucursal
10596,2023-05-13,721,2,13,1,1484902,0,Tarjeta de Crédito,Sucursal
10597,2024-07-29,1821,17,10,3,1455169,10,Tarjeta de Débito,Sucursal
10598,2021-10-18,428,20,19,1,2236130,0,Transferencia,Sucursal
10599,2023-07-19,665,13,7,1,1102174,0,Mercado Pago,Sucursal
10600,2025-08-18,1657,8,12,1,1661179,5,Tarjeta de Crédito,Sucursal
10601,2025-04-02,104,7,3,3,1778736,10,Tarjeta de Crédito,Sucursal
10602,2021-10-04,809,5,2,1,658866,0,Mercado Pago,Sucursal
10603,2025-01-22,1497,22,11,1,1797606,10,Tarjeta de Crédito,Sucursal
10604,2025-10-25,1567,8,13,1,1661179,15,Tarjeta de Crédito,Sucursal
10605,2024-08-09,28,15,13,1,2254306,0,Tarjeta de Débito,Sucursal
10606,2025-12-29,8,4,12,1,2160479,0,Tarjeta de Crédito,Sucursal
10607,2024-05-04,55,21,11,1,1989781,5,Tarjeta de Crédito,Sucursal
10608,2022-10-19,991,16,17,3,954116,0,Transferencia,Online
10609,2025-06-03,680,14,11,1,2132068,0,Efectivo,Online
10610,2023-10-20,1912,19,3,1,1030169,0,Mercado Pago,Sucursal
10611,2023-05-02,425,12,18,2,1844344,0,Tarjeta de Débito,Sucursal
10612,2023-06-17,309,19,20,1,1030169,15,Efectivo,Sucursal
10613,2021-08-31,1279,6,11,2,1764687,10,Transferencia,Sucursal
10614,2022-11-11,1058,21,7,1,1989781,10,Tarjeta de Crédito,Sucursal
10615,2024-08-08,226,15,11,1,2254306,15,Tarjeta de Crédito,Online
10616,2025-02-07,465,9,7,2,944582,5,Tarjeta de Débito,Sucursal
10617,2023-11-15,1315,24,19,1,1763627,0,Tarjeta de Crédito,Online
10618,2022-03-03,744,13,10,1,1102174,0,Tarjeta de Crédito,Online
10619,2024-06-03,975,15,14,1,2254306,0,Mercado Pago,Online
10620,2024-09-04,1004,24,19,1,1763627,0,Tarjeta de Crédito,Sucursal
10621,2024-08-12,1708,11,2,1,1298880,0,Efectivo,Sucursal
10622,2024-12-02,756,11,4,1,1298880,0,Tarjeta de Débito,Sucursal
10623,2025-11-13,82,22,1,4,1797606,0,Mercado Pago,Sucursal
10624,2022-10-21,851,21,20,5,1989781,0,Mercado Pago,Sucursal
10625,2025-01-19,1020,2,5,1,1484902,0,Tarjeta de Crédito,Online
10626,2023-04-29,1418,8,18,1,1661179,5,Mercado Pago,Sucursal
10627,2025-02-10,1012,17,11,1,1455169,0,Transferencia,Sucursal
10628,2022-06-05,531,20,2,1,2236130,0,Mercado Pago,Sucursal
10629,2024-11-01,215,5,10,1,658866,10,Transferencia,Sucursal
10630,2025-11-04,1016,20,18,1,2236130,0,Mercado Pago,Sucursal
10631,2024-02-24,871,11,17,1,1298880,10,Tarjeta de Crédito,Sucursal
10632,2025-07-25,1726,22,14,1,1797606,10,Mercado Pago,Sucursal
10633,2024-03-05,1331,19,5,2,1030169,0,Tarjeta de Crédito,Sucursal
10634,2024-08-04,1465,21,11,1,1989781,0,Tarjeta de Crédito,Online
10635,2024-09-12,1949,5,9,1,658866,0,Mercado Pago,Online
10636,2021-08-21,197,13,18,1,1102174,0,Tarjeta de Débito,Sucursal
10637,2023-03-08,1849,25,18,3,1853677,15,Tarjeta de Crédito,Sucursal
10638,2024-08-20,418,12,3,1,1844344,30,Tarjeta de Crédito,Online
10639,2023-04-09,141,13,11,1,1102174,5,Tarjeta de Crédito,Sucursal
10640,2026-01-01,1929,2,10,1,1484902,0,Tarjeta de Crédito,Sucursal
10641,2022-11-27,1311,19,1,1,1030169,10,Tarjeta de Crédito,Sucursal
10642,2022-04-19,566,25,12,3,1853677,0,Efectivo,Sucursal
10643,2023-08-05,1459,22,12,1,1797606,0,Efectivo,Sucursal
10644,2024-02-18,675,18,1,3,1042885,0,Tarjeta de Crédito,Online
10645,2026-05-18,480,9,9,1,944582,15,Mercado Pago,Online
10646,2023-03-19,1388,6,20,2,1764687,5,Tarjeta de Crédito,Online
10647,2023-09-24,1237,18,13,1,1042885,10,Mercado Pago,Online
10648,2024-06-23,1169,7,11,2,1778736,0,Tarjeta de Crédito,Online
10649,2023-10-29,491,8,14,2,1661179,0,Mercado Pago,Sucursal
10650,2024-03-28,1113,4,3,2,2160479,0,Tarjeta de Crédito,Sucursal
10651,2022-11-15,901,3,2,1,1748036,0,Mercado Pago,Sucursal
10652,2026-03-13,24,22,12,1,1797606,30,Mercado Pago,Online
10653,2022-03-05,170,18,19,2,1042885,0,Tarjeta de Crédito,Online
10654,2025-06-18,1036,20,17,2,2236130,0,Tarjeta de Crédito,Online
10655,2026-04-01,398,11,12,1,1298880,10,Tarjeta de Crédito,Sucursal
10656,2023-01-06,1796,3,7,1,1748036,0,Mercado Pago,Sucursal
10657,2023-10-13,1954,21,1,1,1989781,0,Tarjeta de Crédito,Online
10658,2021-09-17,769,13,17,1,1102174,0,Mercado Pago,Online
10659,2024-12-25,278,13,1,2,1102174,0,Tarjeta de Crédito,Sucursal
10660,2024-06-01,1303,20,8,3,2236130,0,Tarjeta de Crédito,Online
10661,2022-01-09,1428,18,14,1,1042885,0,Transferencia,Online
10662,2022-05-31,828,2,8,3,1484902,10,Mercado Pago,Sucursal
10663,2025-08-13,470,4,19,3,2160479,10,Tarjeta de Crédito,Sucursal
10664,2026-02-13,354,21,7,2,1989781,0,Transferencia,Sucursal
10665,2023-04-01,303,18,16,1,1042885,0,Tarjeta de Crédito,Sucursal
10666,2023-06-06,1447,16,19,1,954116,10,Tarjeta de Crédito,Sucursal
10667,2022-09-01,634,6,20,1,1764687,0,Tarjeta de Crédito,Online
10668,2023-02-17,514,19,16,4,1030169,0,Tarjeta de Crédito,Online
10669,2023-11-01,660,18,14,1,1042885,10,Transferencia,Sucursal
10670,2026-05-18,112,9,15,3,944582,5,Mercado Pago,Online
10671,2026-06-14,1098,9,20,1,944582,0,Tarjeta de Crédito,Sucursal
10672,2023-03-31,67,16,16,1,954116,15,Transferencia,Online
10673,2024-04-30,1216,22,18,1,1797606,0,Transferencia,Sucursal
10674,2023-05-25,1921,15,16,1,2254306,5,Tarjeta de Crédito,Sucursal
10675,2023-08-30,1063,2,13,1,1484902,10,Tarjeta de Débito,Online
10676,2024-10-29,815,10,8,3,2261684,15,Mercado Pago,Sucursal
10677,2025-01-30,1303,2,12,1,1484902,5,Transferencia,Sucursal
10678,2025-02-12,1893,17,15,2,1455169,15,Tarjeta de Crédito,Online
10679,2021-10-24,164,3,18,1,1748036,0,Mercado Pago,Sucursal
10680,2022-03-13,283,20,20,1,2236130,0,Tarjeta de Crédito,Sucursal
10681,2026-06-21,1726,25,9,1,1853677,0,Tarjeta de Crédito,Sucursal
10682,2026-01-26,1888,25,15,1,1853677,0,Mercado Pago,Online
10683,2022-11-18,834,2,5,1,1484902,0,Tarjeta de Crédito,Sucursal
10684,2023-04-27,1812,12,16,1,1844344,0,Efectivo,Sucursal
10685,2026-04-06,270,3,15,1,1748036,0,Tarjeta de Crédito,Sucursal
10686,2023-12-04,963,1,20,1,934942,10,Tarjeta de Crédito,Online
10687,2025-03-24,516,22,7,1,1797606,10,Tarjeta de Débito,Sucursal
10688,2023-08-09,1865,24,18,1,1763627,10,Tarjeta de Crédito,Sucursal
10689,2022-11-16,1502,17,3,1,1455169,20,Tarjeta de Débito,Online
10690,2024-10-15,1651,4,2,1,2160479,0,Tarjeta de Crédito,Online
10691,2026-06-09,152,9,5,3,944582,0,Tarjeta de Débito,Sucursal
10692,2022-05-04,217,18,18,1,1042885,0,Tarjeta de Débito,Sucursal
10693,2025-06-26,1272,9,9,2,944582,0,Mercado Pago,Sucursal
10694,2024-11-18,1086,8,14,1,1661179,0,Tarjeta de Crédito,Sucursal
10695,2025-12-04,1770,4,12,1,2160479,5,Tarjeta de Crédito,Sucursal
10696,2024-06-09,1431,3,1,2,1748036,20,Tarjeta de Crédito,Online
10697,2025-11-14,1774,8,9,2,1661179,5,Tarjeta de Crédito,Online
10698,2025-06-26,532,4,19,1,2160479,0,Mercado Pago,Sucursal
10699,2025-06-02,27,13,1,2,1102174,5,Tarjeta de Débito,Sucursal
10700,2023-12-27,829,9,19,1,944582,0,Tarjeta de Crédito,Sucursal
10701,2021-08-17,537,13,5,1,1102174,5,Tarjeta de Crédito,Sucursal
10702,2023-06-02,47,19,11,3,1030169,10,Efectivo,Sucursal
10703,2022-03-16,219,6,10,1,1764687,15,Tarjeta de Crédito,Online
10704,2024-08-03,925,22,4,2,1797606,0,Mercado Pago,Sucursal
10705,2021-12-02,160,16,12,1,954116,30,Tarjeta de Débito,Sucursal
10706,2026-03-25,187,4,19,2,2160479,15,Efectivo,Sucursal
10707,2022-02-24,1507,24,7,1,1763627,0,Tarjeta de Crédito,Sucursal
10708,2023-05-25,721,8,7,1,1661179,0,Tarjeta de Crédito,Online
10709,2026-01-18,1542,13,5,1,1102174,20,Tarjeta de Crédito,Sucursal
10710,2021-12-02,82,9,3,1,944582,0,Transferencia,Online
10711,2025-10-14,1861,3,15,1,1748036,10,Tarjeta de Débito,Sucursal
10712,2026-05-15,1333,12,2,1,1844344,0,Mercado Pago,Sucursal
10713,2022-12-18,1732,19,8,1,1030169,10,Efectivo,Sucursal
10714,2025-09-03,1972,2,1,3,1484902,20,Transferencia,Sucursal
10715,2024-12-28,1351,4,19,1,2160479,20,Tarjeta de Débito,Sucursal
10716,2023-07-01,1740,8,13,1,1661179,0,Mercado Pago,Sucursal
10717,2025-06-16,1044,23,18,1,1928958,0,Tarjeta de Crédito,Sucursal
10718,2023-10-30,1984,4,13,1,2160479,0,Mercado Pago,Online
10719,2025-07-21,1078,13,10,1,1102174,0,Tarjeta de Crédito,Sucursal
10720,2022-06-15,403,18,1,1,1042885,15,Tarjeta de Crédito,Sucursal
10721,2023-07-17,886,22,19,1,1797606,15,Tarjeta de Débito,Online
10722,2024-05-18,703,20,9,1,2236130,5,Mercado Pago,Sucursal
10723,2023-02-05,1543,15,20,1,2254306,15,Mercado Pago,Online
10724,2024-05-05,1571,2,12,1,1484902,0,Tarjeta de Crédito,Sucursal
10725,2025-05-09,568,12,15,1,1844344,0,Tarjeta de Débito,Online
10726,2022-07-04,1474,2,16,3,1484902,0,Tarjeta de Crédito,Online
10727,2026-04-11,841,6,1,1,1764687,0,Mercado Pago,Sucursal
10728,2022-03-08,530,1,9,2,934942,10,Tarjeta de Débito,Online
10729,2023-02-02,1891,12,7,1,1844344,10,Tarjeta de Crédito,Sucursal
10730,2024-05-09,947,12,12,1,1844344,10,Tarjeta de Crédito,Online
10731,2023-10-15,1679,8,2,1,1661179,30,Transferencia,Online
10732,2023-08-19,1193,15,18,1,2254306,0,Tarjeta de Débito,Sucursal
10733,2023-08-20,1263,18,18,1,1042885,0,Tarjeta de Crédito,Sucursal
10734,2025-11-17,1699,1,16,1,934942,0,Tarjeta de Crédito,Sucursal
10735,2023-01-16,12,17,13,1,1455169,0,Tarjeta de Débito,Sucursal
10736,2026-03-11,1435,22,2,1,1797606,5,Tarjeta de Crédito,Sucursal
10737,2022-12-06,1590,6,11,1,1764687,0,Tarjeta de Crédito,Sucursal
10738,2026-05-04,1748,22,14,1,1797606,0,Tarjeta de Crédito,Online
10739,2023-07-29,1556,14,19,1,2132068,0,Tarjeta de Crédito,Sucursal
10740,2024-12-06,1454,12,6,1,1844344,5,Tarjeta de Crédito,Sucursal
10741,2024-11-28,1055,23,20,1,1928958,0,Tarjeta de Crédito,Sucursal
10742,2024-08-12,7,1,18,1,934942,0,Transferencia,Online
10743,2023-10-10,861,23,14,2,1928958,0,Mercado Pago,Sucursal
10744,2025-10-28,1449,2,12,1,1484902,5,Tarjeta de Débito,Sucursal
10745,2022-04-18,762,4,10,1,2160479,0,Tarjeta de Crédito,Online
10746,2023-12-23,378,6,15,2,1764687,15,Tarjeta de Crédito,Sucursal
10747,2023-02-04,744,16,4,3,954116,0,Tarjeta de Crédito,Sucursal
10748,2021-07-09,1897,8,5,1,1661179,0,Tarjeta de Crédito,Sucursal
10749,2024-04-18,1855,20,11,1,2236130,10,Tarjeta de Crédito,Sucursal
10750,2024-08-12,999,5,15,1,658866,0,Tarjeta de Crédito,Online
10751,2025-10-24,250,22,5,2,1797606,10,Efectivo,Sucursal
10752,2024-08-05,1221,18,19,1,1042885,0,Tarjeta de Crédito,Sucursal
10753,2023-05-19,543,17,20,1,1455169,0,Tarjeta de Crédito,Sucursal
10754,2026-01-31,1718,25,16,2,1853677,5,Tarjeta de Crédito,Sucursal
10755,2024-07-02,1715,22,15,1,1797606,0,Mercado Pago,Online
10756,2026-04-04,722,12,20,1,1844344,0,Tarjeta de Crédito,Sucursal
10757,2024-04-09,1791,11,19,2,1298880,0,Efectivo,Sucursal
10758,2021-08-22,1893,6,15,1,1764687,0,Tarjeta de Crédito,Online
10759,2023-10-31,720,23,10,1,1928958,0,Tarjeta de Crédito,Sucursal
10760,2021-11-07,1427,8,7,1,1661179,5,Transferencia,Online
10761,2024-03-31,595,6,15,1,1764687,0,Tarjeta de Crédito,Sucursal
10762,2022-11-05,675,18,3,1,1042885,0,Transferencia,Sucursal
10763,2025-02-03,624,12,13,1,1844344,10,Mercado Pago,Online
10764,2026-07-02,1061,8,17,1,1661179,0,Tarjeta de Crédito,Online
10765,2025-08-23,1139,4,19,1,2160479,0,Tarjeta de Crédito,Sucursal
10766,2022-07-09,182,24,17,1,1763627,0,Mercado Pago,Sucursal
10767,2023-01-12,1715,20,9,1,2236130,0,Tarjeta de Crédito,Sucursal
10768,2024-05-15,193,21,7,2,1989781,0,Efectivo,Online
10769,2022-03-11,731,24,16,1,1763627,0,Tarjeta de Débito,Sucursal
10770,2024-07-17,218,24,4,2,1763627,0,Mercado Pago,Online
10771,2025-12-26,1776,4,17,1,2160479,0,Tarjeta de Débito,Online
10772,2026-04-06,1880,3,13,2,1748036,0,Tarjeta de Crédito,Sucursal
10773,2022-02-25,1582,4,6,2,2160479,20,Tarjeta de Crédito,Online
10774,2023-04-05,1457,2,8,1,1484902,30,Tarjeta de Crédito,Online
10775,2025-09-09,1626,2,12,2,1484902,0,Tarjeta de Crédito,Online
10776,2022-11-12,1833,23,13,1,1928958,0,Tarjeta de Crédito,Sucursal
10777,2022-06-24,1890,4,13,1,2160479,10,Transferencia,Online
10778,2026-01-08,380,21,1,2,1989781,0,Tarjeta de Débito,Sucursal
10779,2024-04-21,740,12,12,1,1844344,5,Tarjeta de Débito,Sucursal
10780,2024-11-07,767,5,7,1,658866,0,Mercado Pago,Sucursal
10781,2025-06-25,1883,13,18,1,1102174,10,Tarjeta de Crédito,Sucursal
10782,2022-10-01,755,14,3,1,2132068,10,Mercado Pago,Sucursal
10783,2025-06-04,707,9,1,1,944582,0,Mercado Pago,Sucursal
10784,2024-02-21,1450,12,19,1,1844344,0,Transferencia,Sucursal
10785,2023-09-25,76,18,20,1,1042885,10,Mercado Pago,Online
10786,2025-02-12,988,4,12,1,2160479,0,Tarjeta de Crédito,Sucursal
10787,2025-03-29,170,1,3,2,934942,10,Tarjeta de Crédito,Sucursal
10788,2025-11-04,1928,21,6,1,1989781,0,Tarjeta de Crédito,Sucursal
10789,2022-07-02,1378,22,11,1,1797606,10,Tarjeta de Débito,Sucursal
10790,2026-05-15,757,24,10,1,1763627,10,Tarjeta de Crédito,Online
10791,2025-06-19,765,13,5,3,1102174,5,Mercado Pago,Sucursal
10792,2022-10-19,1109,7,12,1,1778736,0,Tarjeta de Crédito,Online
10793,2021-10-29,1939,11,19,4,1298880,10,Tarjeta de Crédito,Sucursal
10794,2023-10-08,397,11,6,1,1298880,20,Tarjeta de Crédito,Sucursal
10795,2023-04-12,204,17,2,3,1455169,15,Mercado Pago,Sucursal
10796,2026-04-08,314,17,14,1,1455169,0,Tarjeta de Crédito,Sucursal
10797,2025-09-13,1753,11,11,1,1298880,15,Tarjeta de Débito,Sucursal
10798,2024-01-06,1417,8,11,1,1661179,0,Tarjeta de Crédito,Online
10799,2024-07-25,1706,7,8,1,1778736,0,Mercado Pago,Online
10800,2023-11-02,1688,14,4,1,2132068,0,Tarjeta de Crédito,Sucursal
10801,2023-05-12,607,8,1,4,1661179,0,Tarjeta de Crédito,Sucursal
10802,2025-11-28,1758,21,9,2,1989781,0,Mercado Pago,Sucursal
10803,2024-07-18,1051,5,18,1,658866,5,Tarjeta de Crédito,Sucursal
10804,2025-02-10,1445,9,4,1,944582,5,Efectivo,Online
10805,2024-06-06,1642,15,5,1,2254306,0,Tarjeta de Crédito,Online
10806,2022-07-28,463,7,3,1,1778736,15,Tarjeta de Débito,Online
10807,2022-06-26,1721,6,12,1,1764687,5,Mercado Pago,Online
10808,2023-10-21,452,10,20,3,2261684,0,Efectivo,Online
10809,2025-12-09,1617,25,11,3,1853677,0,Mercado Pago,Sucursal
10810,2024-08-28,736,20,6,1,2236130,5,Tarjeta de Crédito,Sucursal
10811,2025-10-02,711,22,12,1,1797606,0,Transferencia,Sucursal
10812,2025-01-16,1462,2,10,2,1484902,10,Tarjeta de Crédito,Sucursal
10813,2024-04-25,1451,2,8,1,1484902,0,Tarjeta de Crédito,Online
10814,2024-12-19,1319,22,10,1,1797606,30,Tarjeta de Débito,Sucursal
10815,2025-08-24,1233,2,7,1,1484902,0,Efectivo,Sucursal
10816,2023-09-19,551,22,8,1,1797606,0,Tarjeta de Crédito,Online
10817,2024-01-30,595,5,17,1,658866,0,Tarjeta de Crédito,Online
10818,2022-06-12,1860,7,13,1,1778736,0,Tarjeta de Crédito,Sucursal
10819,2024-11-19,1502,5,2,1,658866,0,Tarjeta de Crédito,Sucursal
10820,2025-11-29,1824,15,11,1,2254306,5,Tarjeta de Débito,Online
10821,2025-03-22,1378,3,17,2,1748036,10,Tarjeta de Crédito,Online
10822,2026-01-03,1718,6,3,1,1764687,0,Tarjeta de Débito,Online
10823,2021-09-22,1651,6,2,1,1764687,0,Tarjeta de Crédito,Sucursal
10824,2025-05-01,1231,9,14,1,944582,0,Tarjeta de Crédito,Sucursal
10825,2022-09-18,1834,18,15,1,1042885,0,Tarjeta de Débito,Online
10826,2023-06-02,897,6,12,2,1764687,0,Tarjeta de Crédito,Sucursal
10827,2025-11-19,664,7,6,1,1778736,15,Tarjeta de Débito,Sucursal
10828,2022-06-18,1859,5,16,3,658866,0,Tarjeta de Crédito,Sucursal
10829,2022-02-17,1937,22,6,1,1797606,15,Mercado Pago,Sucursal
10830,2024-06-07,321,24,7,1,1763627,0,Mercado Pago,Sucursal
10831,2026-04-05,391,25,8,1,1853677,10,Tarjeta de Débito,Sucursal
10832,2023-10-14,933,13,11,1,1102174,0,Tarjeta de Crédito,Sucursal
10833,2026-03-24,652,11,20,1,1298880,15,Tarjeta de Crédito,Sucursal
10834,2022-01-01,1815,9,6,2,944582,10,Tarjeta de Crédito,Sucursal
10835,2025-03-25,1023,3,17,2,1748036,20,Tarjeta de Crédito,Sucursal
10836,2025-01-10,1693,9,20,1,944582,10,Tarjeta de Crédito,Sucursal
10837,2024-07-18,72,4,16,1,2160479,0,Tarjeta de Débito,Sucursal
10838,2021-09-23,1605,22,19,3,1797606,20,Tarjeta de Crédito,Sucursal
10839,2023-08-24,217,16,18,1,954116,15,Mercado Pago,Online
10840,2026-04-06,158,13,5,1,1102174,0,Transferencia,Online
10841,2025-04-25,1341,24,20,2,1763627,15,Tarjeta de Crédito,Online
10842,2022-12-22,961,11,1,1,1298880,10,Tarjeta de Crédito,Sucursal
10843,2025-08-25,1990,6,16,1,1764687,0,Mercado Pago,Sucursal
10844,2022-06-18,512,8,5,4,1661179,0,Transferencia,Online
10845,2025-02-20,1575,6,20,1,1764687,20,Transferencia,Sucursal
10846,2024-07-19,1658,20,2,1,2236130,0,Tarjeta de Crédito,Sucursal
10847,2022-10-16,1689,23,10,1,1928958,10,Mercado Pago,Sucursal
10848,2021-10-11,247,2,14,1,1484902,5,Tarjeta de Crédito,Sucursal
10849,2022-02-12,1014,23,4,2,1928958,0,Tarjeta de Crédito,Sucursal
10850,2021-11-20,739,14,4,3,2132068,0,Tarjeta de Crédito,Online
10851,2025-04-08,1622,16,4,2,954116,5,Tarjeta de Crédito,Online
10852,2021-10-13,552,17,12,2,1455169,10,Tarjeta de Crédito,Sucursal
10853,2025-05-30,553,20,19,2,2236130,5,Transferencia,Sucursal
10854,2022-11-28,388,14,12,2,2132068,10,Tarjeta de Débito,Online
10855,2025-08-02,374,13,9,2,1102174,0,Tarjeta de Crédito,Sucursal
10856,2021-08-06,402,10,1,3,2261684,5,Mercado Pago,Online
10857,2025-03-05,720,14,10,1,2132068,0,Transferencia,Sucursal
10858,2022-09-19,814,8,11,3,1661179,0,Tarjeta de Crédito,Sucursal
10859,2022-01-30,1966,16,4,3,954116,5,Mercado Pago,Sucursal
10860,2025-06-26,1956,25,17,1,1853677,30,Tarjeta de Crédito,Online
10861,2025-04-10,543,3,2,2,1748036,0,Tarjeta de Crédito,Online
10862,2024-01-20,1594,18,19,1,1042885,5,Efectivo,Online
10863,2026-06-25,1799,8,14,2,1661179,0,Tarjeta de Débito,Sucursal
10864,2021-10-22,1898,21,20,2,1989781,0,Mercado Pago,Online
10865,2024-06-06,1705,6,6,1,1764687,0,Tarjeta de Débito,Sucursal
10866,2023-11-03,959,10,2,3,2261684,5,Tarjeta de Crédito,Sucursal
10867,2022-05-14,1779,22,2,1,1797606,0,Tarjeta de Crédito,Sucursal
10868,2022-06-08,577,24,19,1,1763627,15,Tarjeta de Crédito,Online
10869,2021-10-05,1122,24,16,1,1763627,0,Mercado Pago,Online
10870,2023-09-10,619,19,19,1,1030169,15,Tarjeta de Débito,Sucursal
10871,2023-08-14,1962,9,20,1,944582,5,Tarjeta de Débito,Sucursal
10872,2022-06-29,417,24,10,1,1763627,0,Tarjeta de Crédito,Sucursal
10873,2025-02-20,179,3,19,2,1748036,15,Tarjeta de Crédito,Sucursal
10874,2023-06-15,4,5,20,1,658866,5,Mercado Pago,Sucursal
10875,2023-12-05,257,17,14,2,1455169,5,Mercado Pago,Online
10876,2021-09-08,1142,23,14,1,1928958,0,Tarjeta de Crédito,Sucursal
10877,2025-02-22,618,7,20,1,1778736,10,Tarjeta de Crédito,Sucursal
10878,2025-03-01,664,6,10,1,1764687,0,Tarjeta de Débito,Sucursal
10879,2022-06-25,342,5,16,2,658866,10,Mercado Pago,Sucursal
10880,2024-08-01,1304,10,9,1,2261684,0,Transferencia,Online
10881,2025-06-30,717,21,3,1,1989781,15,Tarjeta de Crédito,Sucursal
10882,2022-08-08,755,21,14,1,1989781,10,Mercado Pago,Sucursal
10883,2022-10-03,505,5,19,1,658866,0,Tarjeta de Crédito,Online
10884,2022-07-06,1436,6,7,1,1764687,0,Tarjeta de Crédito,Sucursal
10885,2021-09-26,926,9,3,3,944582,0,Tarjeta de Débito,Sucursal
10886,2024-08-11,645,1,15,3,934942,0,Tarjeta de Crédito,Online
10887,2024-08-26,1618,2,14,1,1484902,0,Mercado Pago,Online
10888,2023-07-14,166,24,7,2,1763627,0,Mercado Pago,Online
10889,2022-10-28,943,24,15,1,1763627,0,Tarjeta de Crédito,Sucursal
10890,2026-03-01,1344,18,5,1,1042885,0,Tarjeta de Crédito,Sucursal
10891,2024-09-02,36,16,10,1,954116,0,Mercado Pago,Sucursal
10892,2022-10-14,456,6,3,1,1764687,10,Tarjeta de Crédito,Online
10893,2026-01-04,1105,24,18,1,1763627,0,Mercado Pago,Sucursal
10894,2023-07-01,456,8,3,1,1661179,10,Tarjeta de Crédito,Sucursal
10895,2026-02-26,622,13,3,2,1102174,10,Tarjeta de Crédito,Sucursal
10896,2022-01-29,1414,22,15,4,1797606,0,Tarjeta de Débito,Sucursal
10897,2024-04-03,825,24,9,1,1763627,30,Tarjeta de Débito,Sucursal
10898,2024-06-27,944,12,13,1,1844344,0,Mercado Pago,Online
10899,2024-02-21,899,7,1,1,1778736,0,Mercado Pago,Sucursal
10900,2026-03-05,1636,24,10,1,1763627,0,Tarjeta de Débito,Sucursal
10901,2025-01-21,1527,2,2,1,1484902,10,Tarjeta de Débito,Sucursal
10902,2024-07-12,1665,24,2,1,1763627,0,Tarjeta de Crédito,Sucursal
10903,2024-05-16,1852,2,9,1,1484902,0,Mercado Pago,Online
10904,2023-08-31,1250,10,1,1,2261684,20,Tarjeta de Débito,Online
10905,2023-04-30,1481,20,5,1,2236130,0,Mercado Pago,Sucursal
10906,2023-02-03,1074,7,7,1,1778736,0,Tarjeta de Crédito,Online
10907,2025-08-28,908,1,16,1,934942,20,Tarjeta de Crédito,Sucursal
10908,2022-02-05,1674,15,13,2,2254306,0,Mercado Pago,Sucursal
10909,2023-01-20,245,16,19,2,954116,10,Efectivo,Sucursal
10910,2025-03-01,1401,4,19,2,2160479,0,Tarjeta de Crédito,Sucursal
10911,2026-02-04,329,4,8,1,2160479,0,Tarjeta de Crédito,Online
10912,2023-04-21,170,17,18,1,1455169,20,Tarjeta de Débito,Sucursal
10913,2022-06-27,171,20,14,1,2236130,0,Tarjeta de Crédito,Sucursal
10914,2022-11-30,1857,7,11,3,1778736,5,Tarjeta de Débito,Online
10915,2021-09-22,1987,13,17,1,1102174,10,Mercado Pago,Sucursal
10916,2024-12-18,1238,6,10,2,1764687,0,Tarjeta de Crédito,Sucursal
10917,2024-06-17,1471,3,8,2,1748036,5,Tarjeta de Crédito,Sucursal
10918,2025-12-16,58,8,8,1,1661179,10,Tarjeta de Crédito,Sucursal
10919,2023-06-22,385,6,6,1,1764687,0,Mercado Pago,Sucursal
10920,2022-05-31,1953,24,17,1,1763627,0,Tarjeta de Débito,Online
10921,2025-01-06,1363,6,19,2,1764687,0,Tarjeta de Crédito,Sucursal
10922,2024-12-29,1138,1,19,1,934942,0,Tarjeta de Crédito,Online
10923,2024-10-18,1765,10,4,1,2261684,0,Transferencia,Online
10924,2025-02-11,1942,8,15,1,1661179,30,Tarjeta de Débito,Sucursal
10925,2024-05-07,468,13,4,1,1102174,0,Tarjeta de Crédito,Sucursal
10926,2026-03-22,1358,21,9,1,1989781,10,Mercado Pago,Online
10927,2022-05-06,757,7,20,2,1778736,0,Tarjeta de Crédito,Online
10928,2026-04-02,1259,6,2,2,1764687,10,Tarjeta de Débito,Sucursal
10929,2021-09-25,1630,12,16,2,1844344,0,Mercado Pago,Sucursal
10930,2022-05-03,1313,5,5,5,658866,30,Transferencia,Online
10931,2022-07-16,791,6,11,1,1764687,0,Tarjeta de Débito,Sucursal
10932,2024-05-29,982,16,17,1,954116,5,Mercado Pago,Online
10933,2022-07-12,1567,23,9,1,1928958,5,Tarjeta de Débito,Sucursal
10934,2023-06-12,1096,1,10,1,934942,0,Tarjeta de Crédito,Sucursal
10935,2024-04-15,1185,11,12,1,1298880,0,Tarjeta de Débito,Sucursal
10936,2025-02-28,267,6,14,1,1764687,0,Mercado Pago,Sucursal
10937,2025-06-26,672,4,18,3,2160479,0,Tarjeta de Crédito,Sucursal
10938,2023-02-23,1987,20,4,1,2236130,0,Transferencia,Sucursal
10939,2023-06-20,115,2,3,3,1484902,15,Tarjeta de Crédito,Sucursal
10940,2025-09-21,21,22,5,1,1797606,0,Tarjeta de Crédito,Sucursal
10941,2021-09-17,1012,4,11,2,2160479,0,Tarjeta de Crédito,Sucursal
10942,2021-07-24,1284,23,10,1,1928958,10,Tarjeta de Crédito,Sucursal
10943,2021-10-15,415,2,2,1,1484902,0,Transferencia,Online
10944,2023-03-21,159,20,14,1,2236130,0,Mercado Pago,Online
10945,2023-08-30,673,22,1,1,1797606,5,Tarjeta de Crédito,Online
10946,2024-11-27,78,17,20,2,1455169,5,Mercado Pago,Online
10947,2025-08-23,963,6,9,1,1764687,0,Efectivo,Online
10948,2022-08-03,1148,16,6,3,954116,15,Mercado Pago,Sucursal
10949,2025-08-04,1860,9,6,3,944582,0,Mercado Pago,Online
10950,2025-03-02,321,2,16,1,1484902,5,Tarjeta de Crédito,Sucursal
10951,2025-07-20,356,10,12,1,2261684,10,Tarjeta de Crédito,Online
10952,2022-06-24,680,16,5,1,954116,0,Tarjeta de Crédito,Sucursal
10953,2025-10-12,1536,11,13,1,1298880,0,Tarjeta de Crédito,Online
10954,2023-09-13,1312,15,16,3,2254306,15,Mercado Pago,Sucursal
10955,2023-07-11,746,11,14,3,1298880,5,Tarjeta de Crédito,Online
10956,2022-11-12,1020,24,6,1,1763627,5,Mercado Pago,Online
10957,2025-05-16,1193,2,20,1,1484902,0,Tarjeta de Crédito,Online
10958,2024-02-09,751,13,10,2,1102174,5,Tarjeta de Crédito,Online
10959,2022-11-30,1598,23,10,2,1928958,0,Tarjeta de Débito,Sucursal
10960,2022-09-14,232,25,11,1,1853677,0,Efectivo,Sucursal
10961,2021-11-14,1291,2,19,3,1484902,5,Mercado Pago,Online
10962,2023-12-29,219,12,10,1,1844344,10,Tarjeta de Crédito,Sucursal
10963,2023-02-06,911,12,5,1,1844344,0,Transferencia,Sucursal
10964,2025-09-05,1173,13,1,3,1102174,20,Efectivo,Sucursal
10965,2021-10-01,203,6,4,2,1764687,0,Tarjeta de Crédito,Sucursal
10966,2025-04-07,1366,10,5,2,2261684,0,Efectivo,Online
10967,2022-09-01,1492,12,10,3,1844344,10,Tarjeta de Crédito,Sucursal
10968,2023-05-02,1205,14,19,1,2132068,5,Tarjeta de Débito,Sucursal
10969,2021-09-18,736,6,11,1,1764687,0,Mercado Pago,Sucursal
10970,2023-06-21,557,1,10,1,934942,5,Tarjeta de Crédito,Sucursal
10971,2022-05-01,1901,19,19,1,1030169,30,Mercado Pago,Sucursal
10972,2026-05-06,234,1,9,2,934942,15,Transferencia,Sucursal
10973,2025-06-15,654,2,15,1,1484902,0,Tarjeta de Crédito,Online
10974,2026-06-07,1444,17,14,1,1455169,0,Mercado Pago,Online
10975,2021-12-01,973,22,18,2,1797606,0,Tarjeta de Crédito,Online
10976,2025-08-08,467,6,17,1,1764687,0,Tarjeta de Crédito,Sucursal
10977,2026-06-18,1342,1,3,2,934942,0,Transferencia,Sucursal
10978,2022-02-14,1314,15,11,1,2254306,15,Tarjeta de Crédito,Sucursal
10979,2025-03-17,971,9,2,1,944582,0,Tarjeta de Débito,Sucursal
10980,2022-07-26,639,14,6,2,2132068,0,Tarjeta de Débito,Online
10981,2021-12-21,269,19,5,1,1030169,0,Mercado Pago,Sucursal
10982,2024-03-28,757,23,17,1,1928958,0,Tarjeta de Débito,Sucursal
10983,2022-03-31,598,2,2,1,1484902,30,Mercado Pago,Online
10984,2025-05-22,60,15,2,3,2254306,0,Tarjeta de Crédito,Online
10985,2023-04-10,1856,4,1,1,2160479,10,Tarjeta de Crédito,Sucursal
10986,2023-11-20,212,9,15,2,944582,0,Tarjeta de Crédito,Sucursal
10987,2025-11-07,768,21,20,1,1989781,0,Transferencia,Sucursal
10988,2026-01-28,88,17,17,2,1455169,30,Tarjeta de Crédito,Online
10989,2025-11-29,112,24,6,1,1763627,10,Tarjeta de Débito,Sucursal
10990,2023-05-05,1827,11,11,1,1298880,20,Mercado Pago,Sucursal
10991,2023-05-29,105,17,10,1,1455169,15,Tarjeta de Débito,Online
10992,2024-01-30,659,7,14,1,1778736,5,Transferencia,Online
10993,2023-12-07,1250,16,9,1,954116,0,Mercado Pago,Sucursal
10994,2021-07-24,25,14,11,1,2132068,0,Mercado Pago,Sucursal
10995,2023-08-03,1615,6,4,1,1764687,15,Tarjeta de Débito,Sucursal
10996,2024-12-14,706,23,12,1,1928958,0,Tarjeta de Débito,Sucursal
10997,2021-08-05,710,2,6,1,1484902,10,Tarjeta de Crédito,Sucursal
10998,2022-05-07,1779,10,2,1,2261684,5,Mercado Pago,Sucursal
10999,2026-03-14,816,8,5,1,1661179,20,Tarjeta de Crédito,Online
11000,2021-10-30,1202,8,12,5,1661179,0,Tarjeta de Crédito,Online
11001,2021-12-21,730,7,15,1,1778736,0,Transferencia,Online
11002,2025-06-20,1440,21,4,1,1989781,5,Tarjeta de Crédito,Online
11003,2026-04-12,917,15,14,4,2254306,10,Tarjeta de Crédito,Sucursal
11004,2021-07-21,1532,24,12,1,1763627,15,Tarjeta de Crédito,Sucursal
11005,2026-05-07,1175,16,2,1,954116,0,Tarjeta de Crédito,Sucursal
11006,2026-06-16,278,25,12,2,1853677,20,Mercado Pago,Sucursal
11007,2023-05-08,604,13,1,1,1102174,10,Tarjeta de Crédito,Sucursal
11008,2023-09-14,854,14,13,1,2132068,0,Mercado Pago,Online
11009,2021-11-03,6,6,10,2,1764687,15,Tarjeta de Crédito,Sucursal
11010,2023-08-26,260,20,12,1,2236130,20,Transferencia,Sucursal
11011,2023-09-18,1685,9,16,2,944582,0,Transferencia,Sucursal
11012,2023-11-14,1579,2,11,1,1484902,0,Mercado Pago,Online
11013,2025-12-10,279,21,19,1,1989781,0,Tarjeta de Crédito,Online
11014,2024-11-26,1067,2,1,1,1484902,10,Tarjeta de Crédito,Sucursal
11015,2022-10-30,809,14,16,1,2132068,30,Tarjeta de Crédito,Sucursal
11016,2022-12-12,1021,12,14,1,1844344,0,Tarjeta de Crédito,Sucursal
11017,2025-11-08,167,23,2,1,1928958,0,Tarjeta de Crédito,Sucursal
11018,2023-05-01,1356,2,7,1,1484902,5,Tarjeta de Crédito,Sucursal
11019,2024-01-06,1535,16,19,1,954116,0,Mercado Pago,Sucursal
11020,2024-04-25,677,22,20,1,1797606,0,Mercado Pago,Sucursal
11021,2024-07-16,580,21,3,1,1989781,0,Tarjeta de Débito,Sucursal
11022,2023-12-03,404,11,6,1,1298880,0,Tarjeta de Crédito,Sucursal
11023,2022-01-22,399,7,20,1,1778736,0,Tarjeta de Débito,Online
11024,2026-04-23,1793,21,2,1,1989781,0,Tarjeta de Crédito,Online
11025,2026-06-23,464,5,20,1,658866,0,Efectivo,Sucursal
11026,2022-02-07,1059,13,16,1,1102174,0,Tarjeta de Crédito,Sucursal
11027,2022-11-03,1670,7,20,1,1778736,15,Efectivo,Sucursal
11028,2023-11-22,733,7,11,1,1778736,0,Mercado Pago,Sucursal
11029,2023-07-15,1759,24,5,2,1763627,0,Tarjeta de Crédito,Sucursal
11030,2021-10-23,330,2,19,1,1484902,0,Tarjeta de Crédito,Sucursal
11031,2024-04-04,152,15,8,1,2254306,0,Tarjeta de Crédito,Online
11032,2023-07-27,536,2,18,1,1484902,10,Tarjeta de Crédito,Sucursal
11033,2023-11-05,1292,16,18,1,954116,5,Transferencia,Sucursal
11034,2026-02-10,280,15,5,1,2254306,0,Tarjeta de Crédito,Sucursal
11035,2022-10-23,643,21,20,1,1989781,0,Mercado Pago,Sucursal
11036,2023-01-13,1851,21,7,1,1989781,0,Transferencia,Sucursal
11037,2023-10-29,1138,6,12,1,1764687,5,Tarjeta de Crédito,Sucursal
11038,2025-07-30,597,9,6,3,944582,0,Transferencia,Sucursal
11039,2022-11-14,935,22,14,4,1797606,15,Efectivo,Online
11040,2025-05-25,361,20,11,1,2236130,10,Transferencia,Sucursal
11041,2022-12-05,267,23,20,1,1928958,5,Mercado Pago,Online
11042,2026-05-03,1633,11,2,1,1298880,0,Tarjeta de Crédito,Online
11043,2022-01-29,1601,12,7,1,1844344,0,Tarjeta de Crédito,Online
11044,2021-12-05,949,2,4,1,1484902,0,Tarjeta de Crédito,Online
11045,2025-12-20,1727,1,5,1,934942,20,Tarjeta de Crédito,Online
11046,2022-11-14,1551,21,1,3,1989781,10,Tarjeta de Crédito,Sucursal
11047,2023-01-14,1884,12,5,1,1844344,0,Tarjeta de Débito,Sucursal
11048,2025-11-26,183,23,15,5,1928958,0,Tarjeta de Crédito,Sucursal
11049,2023-12-25,741,21,18,1,1989781,5,Tarjeta de Crédito,Online
11050,2024-01-22,1089,7,12,1,1778736,0,Tarjeta de Crédito,Sucursal
11051,2025-05-22,1153,16,16,1,954116,0,Tarjeta de Crédito,Sucursal
11052,2024-01-08,787,14,4,1,2132068,5,Tarjeta de Débito,Sucursal
11053,2022-06-27,1227,7,2,1,1778736,15,Tarjeta de Crédito,Sucursal
11054,2023-09-17,212,12,2,1,1844344,0,Tarjeta de Débito,Sucursal
11055,2022-05-26,1059,18,19,2,1042885,0,Tarjeta de Crédito,Sucursal
11056,2024-07-26,593,21,10,1,1989781,15,Tarjeta de Crédito,Sucursal
11057,2026-05-26,1676,24,14,1,1763627,0,Tarjeta de Crédito,Sucursal
11058,2024-11-03,1547,24,12,1,1763627,10,Tarjeta de Crédito,Sucursal
11059,2024-02-21,1449,22,5,1,1797606,15,Transferencia,Online
11060,2021-10-08,71,14,5,1,2132068,0,Tarjeta de Crédito,Online
11061,2022-10-10,1793,14,19,1,2132068,15,Mercado Pago,Sucursal
11062,2026-05-01,80,2,14,1,1484902,10,Tarjeta de Crédito,Sucursal
11063,2024-05-12,1297,13,18,1,1102174,10,Mercado Pago,Sucursal
11064,2021-10-08,848,8,3,2,1661179,15,Tarjeta de Crédito,Sucursal
11065,2026-03-14,1650,16,2,2,954116,5,Mercado Pago,Sucursal
11066,2023-12-08,48,22,14,1,1797606,10,Tarjeta de Débito,Sucursal
11067,2025-01-04,573,17,9,1,1455169,0,Tarjeta de Crédito,Sucursal
11068,2025-02-05,614,18,6,2,1042885,15,Tarjeta de Crédito,Sucursal
11069,2024-08-27,941,9,16,1,944582,5,Tarjeta de Crédito,Sucursal
11070,2025-11-12,32,5,2,1,658866,0,Tarjeta de Crédito,Sucursal
11071,2024-12-27,338,16,1,1,954116,0,Tarjeta de Débito,Sucursal
11072,2025-06-29,458,14,11,1,2132068,0,Tarjeta de Crédito,Online
11073,2021-10-07,1697,17,19,2,1455169,5,Tarjeta de Débito,Sucursal
11074,2024-07-16,1915,7,1,4,1778736,0,Tarjeta de Débito,Sucursal
11075,2025-03-24,372,21,10,1,1989781,0,Efectivo,Sucursal
11076,2023-11-24,1827,21,10,1,1989781,0,Efectivo,Sucursal
11077,2022-01-01,619,22,8,1,1797606,0,Tarjeta de Crédito,Online
11078,2025-06-03,1076,15,3,2,2254306,5,Tarjeta de Crédito,Online
11079,2022-12-18,539,9,2,1,944582,0,Tarjeta de Crédito,Online
11080,2024-02-20,1905,6,13,1,1764687,0,Tarjeta de Crédito,Sucursal
11081,2025-12-20,420,7,18,2,1778736,15,Mercado Pago,Sucursal
11082,2026-04-08,86,21,10,1,1989781,0,Tarjeta de Crédito,Online
11083,2025-01-18,1491,8,18,1,1661179,0,Mercado Pago,Sucursal
11084,2025-09-22,1516,4,18,2,2160479,15,Efectivo,Online
11085,2025-03-15,540,3,16,1,1748036,0,Tarjeta de Crédito,Sucursal
11086,2023-06-15,1939,22,6,2,1797606,5,Mercado Pago,Sucursal
11087,2023-08-02,1204,17,18,2,1455169,0,Mercado Pago,Sucursal
11088,2022-04-14,1911,22,7,1,1797606,0,Tarjeta de Crédito,Online
11089,2026-03-11,967,12,20,3,1844344,0,Efectivo,Sucursal
11090,2022-09-05,291,25,5,1,1853677,15,Tarjeta de Crédito,Online
11091,2024-02-13,1338,22,20,1,1797606,0,Transferencia,Sucursal
11092,2023-06-10,491,4,2,1,2160479,5,Transferencia,Sucursal
11093,2022-02-25,1423,25,6,2,1853677,0,Tarjeta de Débito,Online
11094,2023-11-02,432,25,12,1,1853677,0,Mercado Pago,Sucursal
11095,2024-07-07,1027,20,3,1,2236130,5,Tarjeta de Crédito,Online
11096,2025-12-21,1019,18,12,1,1042885,10,Tarjeta de Débito,Sucursal
11097,2024-10-03,1387,1,7,1,934942,0,Tarjeta de Crédito,Online
11098,2022-04-06,153,24,3,1,1763627,0,Tarjeta de Crédito,Sucursal
11099,2025-12-01,1828,17,2,1,1455169,5,Mercado Pago,Sucursal
11100,2023-06-08,1411,13,4,1,1102174,0,Tarjeta de Débito,Online
11101,2024-03-11,1061,13,13,3,1102174,0,Tarjeta de Débito,Online
11102,2024-12-29,1459,19,9,1,1030169,0,Tarjeta de Débito,Sucursal
11103,2026-02-28,579,5,3,1,658866,0,Transferencia,Online
11104,2024-10-16,373,2,12,1,1484902,0,Mercado Pago,Online
11105,2022-10-24,1962,2,6,1,1484902,0,Tarjeta de Crédito,Online
11106,2022-11-05,1767,20,18,1,2236130,0,Transferencia,Sucursal
11107,2025-04-26,1367,3,9,1,1748036,0,Mercado Pago,Online
11108,2024-11-09,179,18,2,1,1042885,5,Tarjeta de Crédito,Sucursal
11109,2023-01-18,1137,2,13,1,1484902,0,Tarjeta de Crédito,Online
11110,2025-05-17,894,11,11,1,1298880,0,Tarjeta de Débito,Online
11111,2024-02-29,1305,2,18,2,1484902,0,Efectivo,Sucursal
11112,2023-10-25,878,2,20,1,1484902,10,Tarjeta de Crédito,Online
11113,2025-03-03,1464,1,6,2,934942,0,Tarjeta de Crédito,Online
11114,2022-06-08,1351,1,12,1,934942,0,Mercado Pago,Online
11115,2022-10-07,1001,14,4,1,2132068,5,Tarjeta de Crédito,Sucursal
11116,2025-05-16,567,10,3,2,2261684,0,Tarjeta de Débito,Sucursal
11117,2024-08-17,215,9,4,3,944582,30,Tarjeta de Crédito,Sucursal
11118,2024-06-09,1085,15,4,1,2254306,5,Tarjeta de Débito,Sucursal
11119,2022-09-12,1660,13,13,1,1102174,0,Tarjeta de Crédito,Sucursal
11120,2023-08-29,164,1,5,1,934942,0,Tarjeta de Crédito,Online
11121,2022-07-16,1267,14,7,1,2132068,0,Tarjeta de Crédito,Sucursal
11122,2022-05-24,65,19,7,1,1030169,0,Tarjeta de Crédito,Sucursal
11123,2023-11-29,1694,12,6,4,1844344,0,Tarjeta de Crédito,Sucursal
11124,2025-05-08,1419,9,12,2,944582,0,Tarjeta de Débito,Sucursal
11125,2022-11-30,632,2,6,1,1484902,0,Efectivo,Online
11126,2024-10-26,1378,13,6,1,1102174,5,Mercado Pago,Sucursal
11127,2026-05-28,1882,6,1,1,1764687,0,Tarjeta de Crédito,Online
11128,2024-04-08,1620,24,2,3,1763627,0,Tarjeta de Crédito,Sucursal
11129,2021-12-18,1040,25,20,1,1853677,0,Efectivo,Online
11130,2022-10-17,1528,1,17,1,934942,0,Tarjeta de Débito,Online
11131,2023-10-24,748,21,12,1,1989781,0,Tarjeta de Débito,Sucursal
11132,2022-10-26,475,6,3,1,1764687,0,Tarjeta de Débito,Sucursal
11133,2024-01-13,1523,25,3,1,1853677,0,Efectivo,Online
11134,2021-11-27,1287,5,9,1,658866,5,Tarjeta de Crédito,Sucursal
11135,2025-07-18,71,21,8,1,1989781,0,Tarjeta de Crédito,Sucursal
11136,2023-02-06,1200,14,6,1,2132068,0,Tarjeta de Débito,Sucursal
11137,2021-10-19,1927,15,10,1,2254306,0,Tarjeta de Débito,Online
11138,2025-06-30,1054,6,12,1,1764687,0,Mercado Pago,Sucursal
11139,2022-11-21,2,25,6,1,1853677,15,Tarjeta de Crédito,Online
11140,2024-03-10,1438,24,10,1,1763627,0,Tarjeta de Débito,Sucursal
11141,2025-05-30,202,14,5,1,2132068,20,Tarjeta de Débito,Sucursal
11142,2023-07-31,1482,18,13,3,1042885,10,Mercado Pago,Online
11143,2023-10-09,538,19,19,1,1030169,0,Tarjeta de Débito,Online
11144,2026-01-24,913,10,1,1,2261684,0,Tarjeta de Débito,Sucursal
11145,2025-05-12,987,10,8,1,2261684,5,Tarjeta de Crédito,Sucursal
11146,2024-03-06,1274,12,7,1,1844344,5,Mercado Pago,Sucursal
11147,2023-08-03,1226,1,14,2,934942,10,Mercado Pago,Sucursal
11148,2023-01-21,1483,5,8,2,658866,0,Tarjeta de Crédito,Online
11149,2024-07-12,1744,13,6,1,1102174,5,Tarjeta de Débito,Sucursal
11150,2023-04-09,1168,6,16,1,1764687,0,Transferencia,Online
11151,2026-07-04,741,18,19,2,1042885,0,Tarjeta de Crédito,Online
11152,2022-10-27,1534,21,19,1,1989781,5,Tarjeta de Crédito,Sucursal
11153,2023-09-27,672,16,11,1,954116,0,Efectivo,Sucursal
11154,2024-03-28,193,13,14,1,1102174,0,Mercado Pago,Sucursal
11155,2022-02-09,64,13,9,1,1102174,5,Tarjeta de Débito,Sucursal
11156,2023-07-02,1753,20,16,1,2236130,0,Tarjeta de Crédito,Online
11157,2026-01-30,1046,12,1,1,1844344,0,Tarjeta de Débito,Sucursal
11158,2025-10-11,1209,3,18,1,1748036,10,Tarjeta de Débito,Sucursal
11159,2024-10-21,1812,22,1,1,1797606,0,Tarjeta de Débito,Sucursal
11160,2023-01-29,1991,24,3,1,1763627,0,Tarjeta de Crédito,Sucursal
11161,2023-12-17,1158,15,16,2,2254306,10,Transferencia,Online
11162,2022-06-28,1227,3,1,1,1748036,5,Tarjeta de Crédito,Sucursal
11163,2023-04-07,184,24,9,2,1763627,0,Tarjeta de Crédito,Sucursal
11164,2022-05-23,337,16,14,1,954116,0,Efectivo,Sucursal
11165,2022-03-31,711,17,18,1,1455169,10,Tarjeta de Crédito,Sucursal
11166,2023-07-13,1348,19,2,1,1030169,0,Mercado Pago,Online
11167,2022-12-02,1211,1,2,1,934942,0,Tarjeta de Débito,Online
11168,2023-03-10,1302,2,4,1,1484902,15,Mercado Pago,Sucursal
11169,2023-07-22,1517,17,3,1,1455169,0,Mercado Pago,Sucursal
11170,2024-07-15,712,11,8,2,1298880,0,Tarjeta de Crédito,Online
11171,2025-10-21,155,25,12,1,1853677,20,Tarjeta de Crédito,Sucursal
11172,2021-07-29,38,15,13,2,2254306,15,Mercado Pago,Sucursal
11173,2022-12-29,1720,24,6,1,1763627,15,Tarjeta de Crédito,Sucursal
11174,2024-11-01,1348,9,15,1,944582,0,Tarjeta de Crédito,Online
11175,2024-10-09,966,12,13,1,1844344,10,Mercado Pago,Sucursal
11176,2022-03-26,311,8,7,1,1661179,0,Tarjeta de Débito,Online
11177,2025-01-06,592,8,16,2,1661179,0,Tarjeta de Crédito,Sucursal
11178,2024-12-13,1095,3,5,1,1748036,0,Tarjeta de Crédito,Online
11179,2026-02-22,1537,7,17,1,1778736,0,Tarjeta de Crédito,Sucursal
11180,2021-10-24,521,23,20,1,1928958,20,Tarjeta de Crédito,Sucursal
11181,2022-02-27,1296,21,3,3,1989781,0,Tarjeta de Crédito,Sucursal
11182,2026-01-16,506,19,8,2,1030169,10,Tarjeta de Crédito,Sucursal
11183,2025-02-23,2000,13,8,2,1102174,0,Mercado Pago,Sucursal
11184,2022-09-21,628,13,9,2,1102174,5,Mercado Pago,Online
11185,2022-10-08,530,13,9,1,1102174,0,Mercado Pago,Sucursal
11186,2023-10-25,440,18,4,1,1042885,15,Tarjeta de Crédito,Sucursal
11187,2025-11-15,1243,20,20,2,2236130,15,Tarjeta de Crédito,Online
11188,2022-11-20,54,19,17,2,1030169,0,Tarjeta de Crédito,Sucursal
11189,2022-02-10,1161,13,20,1,1102174,0,Tarjeta de Crédito,Sucursal
11190,2022-04-18,1848,19,1,3,1030169,5,Tarjeta de Crédito,Online
11191,2022-09-14,749,13,1,1,1102174,10,Tarjeta de Crédito,Sucursal
11192,2022-04-17,1589,8,11,1,1661179,0,Tarjeta de Crédito,Sucursal
11193,2025-08-12,301,10,12,1,2261684,0,Tarjeta de Crédito,Sucursal
11194,2026-05-11,1894,1,10,2,934942,0,Tarjeta de Crédito,Sucursal
11195,2022-02-24,601,8,3,1,1661179,0,Tarjeta de Débito,Sucursal
11196,2024-03-03,841,8,3,1,1661179,10,Tarjeta de Crédito,Online
11197,2025-07-03,492,24,18,1,1763627,0,Mercado Pago,Sucursal
11198,2024-08-23,1184,13,4,1,1102174,0,Mercado Pago,Sucursal
11199,2024-08-06,161,20,1,3,2236130,5,Mercado Pago,Sucursal
11200,2025-08-10,1382,8,18,1,1661179,5,Tarjeta de Débito,Online
11201,2022-01-08,845,2,17,1,1484902,5,Tarjeta de Débito,Sucursal
11202,2026-05-22,1777,22,9,1,1797606,0,Tarjeta de Crédito,Sucursal
11203,2022-10-13,1344,9,11,1,944582,0,Tarjeta de Crédito,Sucursal
11204,2021-07-11,268,19,19,1,1030169,5,Tarjeta de Crédito,Sucursal
11205,2025-11-02,1471,16,13,1,954116,0,Mercado Pago,Online
11206,2024-05-05,927,10,2,1,2261684,0,Tarjeta de Crédito,Sucursal
11207,2024-10-12,1687,16,2,1,954116,5,Tarjeta de Crédito,Sucursal
11208,2022-12-14,1002,18,10,1,1042885,0,Tarjeta de Crédito,Sucursal
11209,2025-10-23,243,21,1,1,1989781,0,Mercado Pago,Online
11210,2025-09-30,1891,6,1,1,1764687,0,Tarjeta de Crédito,Online
11211,2023-09-06,577,3,18,1,1748036,0,Tarjeta de Débito,Sucursal
11212,2023-05-20,1048,24,6,1,1763627,0,Tarjeta de Crédito,Sucursal
11213,2023-06-21,56,8,1,1,1661179,5,Tarjeta de Crédito,Sucursal
11214,2026-05-14,1103,10,12,2,2261684,0,Tarjeta de Crédito,Sucursal
11215,2022-02-19,1419,17,11,1,1455169,0,Tarjeta de Débito,Sucursal
11216,2022-02-17,128,3,9,3,1748036,0,Mercado Pago,Sucursal
11217,2024-06-22,1426,25,1,1,1853677,10,Tarjeta de Débito,Sucursal
11218,2024-04-21,622,9,3,1,944582,10,Transferencia,Sucursal
11219,2025-06-14,1403,14,15,2,2132068,0,Tarjeta de Débito,Sucursal
11220,2023-08-31,1772,19,12,1,1030169,5,Efectivo,Online
11221,2023-12-12,1026,13,12,1,1102174,15,Tarjeta de Débito,Sucursal
11222,2021-12-14,758,23,17,1,1928958,0,Mercado Pago,Sucursal
11223,2024-05-25,906,13,18,1,1102174,0,Tarjeta de Crédito,Online
11224,2022-06-03,295,7,10,1,1778736,0,Mercado Pago,Online
11225,2024-06-08,160,6,1,1,1764687,10,Mercado Pago,Sucursal
11226,2025-09-10,872,21,3,1,1989781,0,Tarjeta de Crédito,Sucursal
11227,2025-04-01,1444,15,15,1,2254306,5,Tarjeta de Crédito,Sucursal
11228,2026-06-24,455,20,7,1,2236130,5,Tarjeta de Débito,Sucursal
11229,2024-07-31,343,16,11,2,954116,0,Mercado Pago,Sucursal
11230,2022-06-11,1015,7,15,1,1778736,0,Mercado Pago,Sucursal
11231,2025-07-09,1502,19,20,2,1030169,0,Tarjeta de Crédito,Online
11232,2023-02-17,409,17,6,1,1455169,0,Tarjeta de Crédito,Sucursal
11233,2025-08-14,403,22,12,1,1797606,0,Tarjeta de Crédito,Sucursal
11234,2022-04-09,1917,12,4,1,1844344,0,Tarjeta de Crédito,Online
11235,2023-09-04,1566,7,20,1,1778736,0,Tarjeta de Crédito,Online
11236,2022-08-29,502,22,3,1,1797606,0,Tarjeta de Crédito,Online
11237,2025-02-01,1124,25,1,4,1853677,0,Tarjeta de Débito,Sucursal
11238,2026-05-13,1310,10,9,1,2261684,0,Efectivo,Sucursal
11239,2024-04-30,332,19,19,3,1030169,0,Mercado Pago,Online
11240,2025-09-16,603,15,19,1,2254306,0,Transferencia,Sucursal
11241,2024-08-04,666,16,10,1,954116,10,Mercado Pago,Sucursal
11242,2022-04-14,1554,8,20,1,1661179,0,Tarjeta de Crédito,Online
11243,2022-08-27,196,24,13,3,1763627,15,Mercado Pago,Online
11244,2023-08-25,874,10,3,1,2261684,0,Tarjeta de Crédito,Sucursal
11245,2022-05-23,1630,10,14,1,2261684,0,Tarjeta de Crédito,Sucursal
11246,2025-07-14,1419,1,20,1,934942,15,Tarjeta de Crédito,Sucursal
11247,2021-09-11,1499,2,6,1,1484902,0,Tarjeta de Crédito,Sucursal
11248,2026-02-13,841,6,8,3,1764687,10,Tarjeta de Débito,Sucursal
11249,2026-06-24,1744,13,17,1,1102174,20,Tarjeta de Crédito,Sucursal
11250,2022-10-27,1281,19,10,1,1030169,0,Tarjeta de Crédito,Sucursal
11251,2025-02-10,1369,3,5,1,1748036,20,Transferencia,Sucursal
11252,2023-12-18,242,25,20,1,1853677,5,Transferencia,Sucursal
11253,2025-11-25,1196,14,16,1,2132068,0,Mercado Pago,Sucursal
11254,2024-10-02,69,13,18,1,1102174,0,Mercado Pago,Sucursal
11255,2024-07-26,1292,20,17,1,2236130,0,Tarjeta de Crédito,Sucursal
11256,2023-11-24,1799,23,18,2,1928958,0,Mercado Pago,Online
11257,2023-12-04,1689,18,2,1,1042885,10,Tarjeta de Crédito,Sucursal
11258,2026-03-13,1946,24,15,1,1763627,0,Tarjeta de Crédito,Sucursal
11259,2025-06-17,108,5,2,1,658866,10,Tarjeta de Crédito,Sucursal
11260,2021-11-30,1187,16,5,2,954116,5,Efectivo,Sucursal
11261,2026-06-28,813,1,4,1,934942,10,Tarjeta de Crédito,Sucursal
11262,2023-12-11,875,22,1,1,1797606,0,Transferencia,Online
11263,2022-09-07,1486,21,10,2,1989781,15,Transferencia,Sucursal
11264,2023-06-09,469,10,10,1,2261684,0,Mercado Pago,Sucursal
11265,2026-01-29,641,5,3,2,658866,0,Mercado Pago,Sucursal
11266,2024-04-26,1364,18,6,1,1042885,10,Tarjeta de Crédito,Online
11267,2026-02-22,558,3,6,3,1748036,0,Mercado Pago,Online
11268,2025-11-07,1108,17,18,1,1455169,0,Tarjeta de Débito,Sucursal
11269,2024-10-14,718,1,7,2,934942,0,Mercado Pago,Sucursal
11270,2022-07-04,602,13,15,2,1102174,5,Transferencia,Online
11271,2024-11-22,541,17,11,1,1455169,0,Tarjeta de Débito,Sucursal
11272,2025-06-03,723,5,16,1,658866,10,Transferencia,Online
11273,2023-07-11,248,5,11,2,658866,0,Tarjeta de Crédito,Sucursal
11274,2021-07-14,1914,18,14,2,1042885,30,Tarjeta de Crédito,Sucursal
11275,2022-01-10,743,16,11,2,954116,0,Tarjeta de Crédito,Online
11276,2025-02-27,446,2,10,1,1484902,10,Efectivo,Online
11277,2023-10-11,1262,3,12,1,1748036,5,Tarjeta de Crédito,Online
11278,2022-06-29,1663,19,14,1,1030169,20,Tarjeta de Crédito,Online
11279,2026-01-24,666,5,16,2,658866,10,Tarjeta de Crédito,Sucursal
11280,2024-07-13,1266,6,14,1,1764687,20,Tarjeta de Crédito,Online
11281,2024-08-11,906,14,10,1,2132068,0,Tarjeta de Crédito,Sucursal
11282,2025-04-30,1592,9,8,3,944582,15,Tarjeta de Crédito,Sucursal
11283,2022-04-27,18,4,7,2,2160479,5,Mercado Pago,Sucursal
11284,2021-11-28,540,8,4,1,1661179,0,Tarjeta de Crédito,Sucursal
11285,2021-07-23,1451,12,10,1,1844344,5,Tarjeta de Crédito,Sucursal
11286,2023-05-13,1049,15,18,1,2254306,0,Tarjeta de Crédito,Sucursal
11287,2023-02-22,1706,16,18,1,954116,10,Tarjeta de Crédito,Sucursal
11288,2022-03-12,1220,24,9,1,1763627,0,Tarjeta de Crédito,Sucursal
11289,2024-01-20,1451,15,5,1,2254306,0,Tarjeta de Crédito,Sucursal
11290,2022-07-29,1330,4,5,1,2160479,0,Tarjeta de Crédito,Online
11291,2022-11-21,1617,7,18,1,1778736,0,Tarjeta de Crédito,Sucursal
11292,2022-11-25,805,11,11,2,1298880,5,Tarjeta de Débito,Sucursal
11293,2025-01-09,1983,5,18,1,658866,15,Tarjeta de Crédito,Sucursal
11294,2025-08-12,1137,3,7,1,1748036,0,Tarjeta de Débito,Sucursal
11295,2024-05-21,1271,23,4,1,1928958,0,Tarjeta de Crédito,Online
11296,2025-01-16,1195,8,20,2,1661179,20,Mercado Pago,Sucursal
11297,2026-04-28,35,20,17,1,2236130,0,Tarjeta de Crédito,Online
11298,2022-10-29,266,22,17,1,1797606,5,Tarjeta de Crédito,Sucursal
11299,2026-05-25,258,8,20,1,1661179,0,Mercado Pago,Sucursal
11300,2022-10-28,179,3,2,1,1748036,5,Tarjeta de Crédito,Sucursal
11301,2022-11-07,1501,13,1,3,1102174,0,Mercado Pago,Online
11302,2022-07-01,948,18,1,1,1042885,0,Transferencia,Sucursal
11303,2025-08-19,661,1,7,1,934942,10,Tarjeta de Débito,Online
11304,2022-05-21,373,18,17,2,1042885,5,Tarjeta de Crédito,Sucursal
11305,2024-06-11,859,7,6,1,1778736,20,Transferencia,Sucursal
11306,2025-09-16,473,22,14,1,1797606,0,Tarjeta de Crédito,Online
11307,2025-06-28,85,5,18,1,658866,20,Tarjeta de Crédito,Sucursal
11308,2022-04-01,974,8,18,2,1661179,0,Mercado Pago,Sucursal
11309,2021-12-18,1306,18,12,1,1042885,0,Tarjeta de Crédito,Sucursal
11310,2024-11-22,1207,13,13,4,1102174,15,Efectivo,Sucursal
11311,2024-11-22,1094,1,17,1,934942,5,Tarjeta de Débito,Sucursal
11312,2022-07-13,454,11,19,1,1298880,10,Tarjeta de Crédito,Sucursal
11313,2023-07-20,466,4,10,1,2160479,0,Tarjeta de Crédito,Online
11314,2022-09-17,976,1,19,2,934942,10,Tarjeta de Crédito,Sucursal
11315,2022-11-06,1822,8,19,1,1661179,0,Mercado Pago,Online
11316,2023-04-15,672,6,10,1,1764687,0,Mercado Pago,Sucursal
11317,2022-08-09,983,9,12,2,944582,0,Tarjeta de Crédito,Sucursal
11318,2024-06-13,487,11,11,1,1298880,5,Tarjeta de Crédito,Online
11319,2021-11-21,1292,12,15,1,1844344,0,Transferencia,Sucursal
11320,2023-09-18,1836,10,3,1,2261684,0,Mercado Pago,Online
11321,2022-03-01,792,8,11,2,1661179,0,Tarjeta de Débito,Sucursal
11322,2023-08-22,852,14,16,1,2132068,0,Mercado Pago,Sucursal
11323,2023-12-24,1315,22,13,1,1797606,0,Transferencia,Sucursal
11324,2025-01-14,300,1,6,1,934942,0,Tarjeta de Crédito,Sucursal
11325,2025-12-29,933,22,7,2,1797606,10,Tarjeta de Débito,Sucursal
11326,2023-08-30,1934,10,13,1,2261684,10,Tarjeta de Débito,Sucursal
11327,2026-05-27,112,10,2,1,2261684,0,Tarjeta de Crédito,Sucursal
11328,2025-05-31,523,16,15,1,954116,15,Tarjeta de Débito,Online
11329,2024-02-19,1674,14,19,2,2132068,5,Mercado Pago,Online
11330,2022-10-01,708,7,20,1,1778736,0,Tarjeta de Débito,Sucursal
11331,2024-08-23,888,25,15,1,1853677,15,Tarjeta de Crédito,Sucursal
11332,2023-01-19,1038,21,5,1,1989781,10,Tarjeta de Crédito,Sucursal
11333,2024-12-24,946,3,5,2,1748036,15,Tarjeta de Crédito,Sucursal
11334,2024-05-01,1643,18,16,2,1042885,10,Tarjeta de Crédito,Sucursal
11335,2021-07-25,1718,8,6,5,1661179,0,Transferencia,Sucursal
11336,2024-10-22,274,3,17,1,1748036,0,Transferencia,Sucursal
11337,2024-12-12,787,10,7,1,2261684,0,Tarjeta de Crédito,Online
11338,2025-04-19,1892,10,3,1,2261684,5,Tarjeta de Débito,Online
11339,2025-07-22,916,3,7,1,1748036,0,Mercado Pago,Sucursal
11340,2023-09-18,989,11,4,2,1298880,0,Tarjeta de Crédito,Sucursal
11341,2022-02-23,191,4,7,2,2160479,0,Tarjeta de Débito,Sucursal
11342,2023-07-05,944,12,10,1,1844344,15,Tarjeta de Débito,Sucursal
11343,2021-11-11,1908,11,14,1,1298880,20,Tarjeta de Débito,Sucursal
11344,2022-05-29,400,24,10,1,1763627,0,Tarjeta de Débito,Sucursal
11345,2022-12-29,297,6,14,1,1764687,0,Transferencia,Sucursal
11346,2025-06-21,182,3,12,2,1748036,10,Tarjeta de Crédito,Sucursal
11347,2025-03-20,1645,1,19,1,934942,10,Mercado Pago,Sucursal
11348,2024-08-28,189,3,7,1,1748036,10,Tarjeta de Débito,Online
11349,2025-08-25,1273,7,4,1,1778736,15,Tarjeta de Crédito,Sucursal
11350,2024-11-02,845,19,12,1,1030169,20,Mercado Pago,Sucursal
11351,2025-10-22,219,1,19,1,934942,0,Mercado Pago,Sucursal
11352,2023-08-13,1589,19,13,1,1030169,10,Tarjeta de Crédito,Sucursal
11353,2025-06-29,1105,12,9,1,1844344,0,Tarjeta de Crédito,Online
11354,2021-10-28,1802,17,6,1,1455169,0,Tarjeta de Débito,Online
11355,2025-12-11,1604,20,14,2,2236130,0,Tarjeta de Crédito,Sucursal
11356,2022-05-17,184,3,18,1,1748036,5,Tarjeta de Débito,Online
11357,2024-11-08,1376,5,11,1,658866,0,Tarjeta de Crédito,Sucursal
11358,2026-03-04,879,10,9,2,2261684,15,Tarjeta de Crédito,Online
11359,2022-07-31,72,24,8,1,1763627,5,Tarjeta de Débito,Online
11360,2025-08-25,1454,19,17,1,1030169,0,Tarjeta de Crédito,Online
11361,2024-10-14,401,15,7,2,2254306,0,Tarjeta de Débito,Online
11362,2021-08-08,74,21,1,1,1989781,0,Mercado Pago,Online
11363,2023-03-10,534,13,20,1,1102174,0,Mercado Pago,Sucursal
11364,2024-03-11,1510,24,1,3,1763627,10,Tarjeta de Crédito,Sucursal
11365,2023-07-24,1845,1,19,1,934942,20,Tarjeta de Crédito,Sucursal
11366,2023-11-11,831,18,5,1,1042885,5,Tarjeta de Débito,Sucursal
11367,2025-03-17,1782,23,10,1,1928958,0,Tarjeta de Crédito,Sucursal
11368,2025-06-08,1896,20,16,1,2236130,0,Tarjeta de Débito,Online
11369,2021-09-30,888,18,20,1,1042885,0,Mercado Pago,Online
11370,2023-05-30,1711,8,13,1,1661179,15,Tarjeta de Crédito,Sucursal
11371,2026-06-05,1604,17,13,2,1455169,0,Tarjeta de Crédito,Sucursal
11372,2021-10-12,1268,2,17,1,1484902,0,Mercado Pago,Sucursal
11373,2022-06-30,184,21,3,1,1989781,10,Tarjeta de Crédito,Online
11374,2022-04-29,993,6,15,1,1764687,0,Transferencia,Sucursal
11375,2024-01-12,1380,5,8,2,658866,5,Tarjeta de Crédito,Sucursal
11376,2023-03-23,680,5,6,1,658866,0,Tarjeta de Crédito,Online
11377,2026-04-13,1126,8,1,1,1661179,0,Mercado Pago,Online
11378,2024-08-11,1513,25,14,1,1853677,0,Transferencia,Sucursal
11379,2025-11-29,245,17,13,2,1455169,5,Tarjeta de Crédito,Sucursal
11380,2022-01-10,1800,4,5,1,2160479,0,Tarjeta de Débito,Online
11381,2026-03-20,710,14,19,1,2132068,5,Tarjeta de Crédito,Sucursal
11382,2023-06-10,1245,15,7,2,2254306,0,Tarjeta de Débito,Sucursal
11383,2021-12-13,1806,24,4,3,1763627,15,Mercado Pago,Online
11384,2024-09-02,1495,19,7,1,1030169,5,Tarjeta de Crédito,Sucursal
11385,2021-08-26,1071,22,4,1,1797606,15,Tarjeta de Crédito,Online
11386,2022-08-09,1191,23,19,1,1928958,0,Tarjeta de Crédito,Sucursal
11387,2024-09-27,95,24,17,1,1763627,0,Efectivo,Sucursal
11388,2021-12-11,1678,17,16,2,1455169,5,Mercado Pago,Sucursal
11389,2025-01-02,979,4,15,1,2160479,5,Tarjeta de Crédito,Sucursal
11390,2025-12-02,200,1,3,2,934942,5,Tarjeta de Débito,Sucursal
11391,2021-08-01,1129,3,20,2,1748036,0,Tarjeta de Crédito,Online
11392,2022-07-15,1039,8,16,1,1661179,5,Tarjeta de Crédito,Online
11393,2024-02-18,961,19,6,3,1030169,0,Tarjeta de Crédito,Online
11394,2026-02-05,547,25,12,1,1853677,0,Tarjeta de Crédito,Online
11395,2026-05-16,960,9,17,1,944582,0,Tarjeta de Débito,Sucursal
11396,2023-08-11,1653,16,19,2,954116,0,Tarjeta de Débito,Online
11397,2026-05-05,1045,14,20,5,2132068,0,Mercado Pago,Sucursal
11398,2021-11-14,1714,23,1,1,1928958,0,Efectivo,Sucursal
11399,2026-03-15,922,4,11,1,2160479,10,Mercado Pago,Sucursal
11400,2022-09-21,73,4,18,1,2160479,30,Tarjeta de Débito,Online
11401,2021-12-27,558,24,16,1,1763627,20,Mercado Pago,Online
11402,2021-10-31,1404,12,14,1,1844344,0,Mercado Pago,Sucursal
11403,2022-04-05,1925,25,19,1,1853677,0,Mercado Pago,Sucursal
11404,2024-11-20,848,4,18,2,2160479,10,Tarjeta de Crédito,Sucursal
11405,2025-12-25,163,25,2,3,1853677,0,Tarjeta de Crédito,Sucursal
11406,2023-05-16,594,18,7,1,1042885,0,Mercado Pago,Sucursal
11407,2021-10-03,346,10,18,1,2261684,0,Tarjeta de Crédito,Online
11408,2024-04-26,1160,5,14,1,658866,0,Tarjeta de Crédito,Sucursal
11409,2026-02-23,537,6,5,1,1764687,5,Tarjeta de Crédito,Sucursal
11410,2023-06-12,1085,24,17,1,1763627,0,Tarjeta de Crédito,Sucursal
11411,2022-02-01,637,12,4,3,1844344,30,Mercado Pago,Online
11412,2022-12-12,433,24,4,1,1763627,10,Tarjeta de Crédito,Online
11413,2024-03-23,1061,24,17,2,1763627,0,Tarjeta de Crédito,Online
11414,2023-08-07,1867,18,15,2,1042885,0,Tarjeta de Crédito,Online
11415,2022-04-14,617,24,2,1,1763627,5,Tarjeta de Débito,Sucursal
11416,2024-10-01,2,11,1,1,1298880,10,Mercado Pago,Online
11417,2023-06-27,1435,11,18,1,1298880,20,Tarjeta de Crédito,Sucursal
11418,2024-03-27,1345,2,11,1,1484902,0,Tarjeta de Crédito,Sucursal
11419,2022-01-15,1599,5,20,2,658866,10,Tarjeta de Débito,Sucursal
11420,2022-10-31,1247,16,12,1,954116,20,Transferencia,Online
11421,2025-02-26,1037,2,7,1,1484902,0,Mercado Pago,Sucursal
11422,2021-07-05,333,3,13,1,1748036,10,Tarjeta de Débito,Online
11423,2022-01-11,1842,9,13,2,944582,0,Tarjeta de Débito,Sucursal
11424,2023-02-10,99,15,6,3,2254306,15,Tarjeta de Crédito,Sucursal
11425,2026-02-21,1424,22,20,1,1797606,15,Tarjeta de Crédito,Sucursal
11426,2022-09-19,1450,24,7,1,1763627,0,Tarjeta de Crédito,Sucursal
11427,2024-07-04,1118,3,2,3,1748036,0,Tarjeta de Crédito,Sucursal
11428,2025-07-31,1746,19,14,1,1030169,0,Mercado Pago,Sucursal
11429,2026-03-09,116,24,15,1,1763627,10,Mercado Pago,Sucursal
11430,2025-01-06,1920,20,7,1,2236130,0,Mercado Pago,Online
11431,2023-01-20,234,23,3,1,1928958,20,Tarjeta de Crédito,Online
11432,2025-01-08,1439,18,17,1,1042885,0,Transferencia,Sucursal
11433,2026-03-02,1527,24,6,1,1763627,0,Mercado Pago,Online
11434,2024-05-03,1689,3,5,2,1748036,10,Tarjeta de Crédito,Online
11435,2024-10-02,1821,20,17,1,2236130,5,Tarjeta de Crédito,Sucursal
11436,2025-07-14,1398,1,8,1,934942,10,Efectivo,Online
11437,2025-08-10,825,1,11,1,934942,5,Transferencia,Online
11438,2025-02-13,990,2,3,1,1484902,0,Tarjeta de Crédito,Sucursal
11439,2022-06-18,455,25,8,1,1853677,15,Mercado Pago,Online
11440,2026-06-10,1517,18,20,1,1042885,0,Efectivo,Sucursal
11441,2022-09-28,1591,7,1,1,1778736,0,Tarjeta de Crédito,Sucursal
11442,2023-12-07,365,13,11,2,1102174,10,Mercado Pago,Sucursal
11443,2023-11-20,1591,24,11,1,1763627,0,Mercado Pago,Sucursal
11444,2022-04-18,1852,11,1,1,1298880,10,Mercado Pago,Online
11445,2026-06-11,1330,6,19,1,1764687,0,Transferencia,Sucursal
11446,2022-08-26,1648,13,5,2,1102174,0,Transferencia,Sucursal
11447,2022-01-14,966,16,2,5,954116,30,Efectivo,Online
11448,2025-11-10,1324,10,19,1,2261684,20,Tarjeta de Débito,Sucursal
11449,2024-08-15,1949,25,8,1,1853677,10,Tarjeta de Crédito,Online
11450,2024-07-30,1299,23,16,1,1928958,5,Transferencia,Sucursal
11451,2022-06-21,1828,25,9,1,1853677,0,Mercado Pago,Sucursal
11452,2025-02-10,229,18,7,1,1042885,0,Mercado Pago,Sucursal
11453,2023-04-23,220,20,18,1,2236130,20,Tarjeta de Crédito,Sucursal
11454,2025-10-03,333,7,2,1,1778736,0,Tarjeta de Crédito,Sucursal
11455,2022-05-08,1229,22,5,1,1797606,0,Tarjeta de Débito,Sucursal
11456,2022-08-19,292,13,12,1,1102174,5,Tarjeta de Crédito,Sucursal
11457,2025-04-08,1636,2,18,2,1484902,0,Tarjeta de Crédito,Online
11458,2023-07-19,1980,3,6,1,1748036,15,Efectivo,Sucursal
11459,2023-06-22,1334,14,12,3,2132068,0,Mercado Pago,Sucursal
11460,2024-07-30,1996,7,15,1,1778736,0,Tarjeta de Crédito,Sucursal
11461,2024-07-08,1312,22,5,1,1797606,0,Tarjeta de Débito,Online
11462,2022-01-05,1931,23,17,2,1928958,20,Tarjeta de Crédito,Online
11463,2023-03-21,179,11,2,1,1298880,0,Tarjeta de Crédito,Online
11464,2026-04-08,523,22,15,1,1797606,5,Efectivo,Sucursal
11465,2025-10-02,951,16,9,1,954116,5,Mercado Pago,Sucursal
11466,2025-10-13,1110,14,7,1,2132068,0,Tarjeta de Débito,Sucursal
11467,2025-03-28,904,23,7,1,1928958,5,Tarjeta de Débito,Sucursal
11468,2026-03-28,1409,19,7,1,1030169,0,Tarjeta de Crédito,Sucursal
11469,2021-10-09,947,7,20,1,1778736,15,Mercado Pago,Sucursal
11470,2024-04-05,1146,9,5,1,944582,0,Tarjeta de Crédito,Sucursal
11471,2023-07-18,881,11,9,1,1298880,0,Tarjeta de Crédito,Sucursal
11472,2025-11-18,1783,24,10,1,1763627,0,Tarjeta de Crédito,Sucursal
11473,2023-11-19,151,7,1,1,1778736,10,Tarjeta de Débito,Online
11474,2021-09-30,133,23,16,1,1928958,0,Tarjeta de Crédito,Sucursal
11475,2022-05-15,78,17,6,1,1455169,0,Mercado Pago,Sucursal
11476,2026-03-19,1878,10,11,1,2261684,0,Tarjeta de Débito,Online
11477,2026-03-30,1992,19,13,1,1030169,0,Tarjeta de Débito,Online
11478,2023-02-04,1628,25,8,2,1853677,0,Tarjeta de Crédito,Sucursal
11479,2025-07-23,647,19,9,1,1030169,0,Mercado Pago,Sucursal
11480,2023-05-21,1268,14,20,1,2132068,15,Tarjeta de Crédito,Online
11481,2021-10-06,608,22,7,1,1797606,10,Tarjeta de Crédito,Online
11482,2025-02-18,1416,23,11,1,1928958,0,Tarjeta de Crédito,Sucursal
11483,2021-11-06,1244,7,13,2,1778736,0,Mercado Pago,Online
11484,2021-08-12,1424,20,18,1,2236130,0,Tarjeta de Crédito,Sucursal
11485,2022-04-28,660,10,17,1,2261684,0,Efectivo,Sucursal
11486,2023-12-15,171,23,2,1,1928958,15,Tarjeta de Crédito,Sucursal
11487,2024-04-16,1593,23,13,1,1928958,0,Mercado Pago,Sucursal
11488,2025-06-06,222,13,1,2,1102174,0,Efectivo,Sucursal
11489,2022-01-28,537,20,9,1,2236130,5,Tarjeta de Crédito,Sucursal
11490,2025-06-11,455,1,16,1,934942,5,Tarjeta de Crédito,Sucursal
11491,2024-04-22,112,24,3,1,1763627,5,Tarjeta de Crédito,Online
11492,2024-04-15,1354,20,19,1,2236130,10,Efectivo,Sucursal
11493,2025-09-03,1537,21,20,1,1989781,10,Mercado Pago,Sucursal
11494,2022-11-08,1152,2,14,3,1484902,0,Tarjeta de Crédito,Sucursal
11495,2022-02-04,140,23,19,1,1928958,5,Efectivo,Sucursal
11496,2025-05-08,701,22,20,1,1797606,0,Tarjeta de Crédito,Online
11497,2024-04-03,1413,18,12,1,1042885,5,Tarjeta de Crédito,Sucursal
11498,2023-09-20,791,12,1,1,1844344,0,Tarjeta de Débito,Sucursal
11499,2025-10-29,1319,14,3,1,2132068,10,Tarjeta de Crédito,Sucursal
11500,2024-09-09,1069,11,16,1,1298880,15,Tarjeta de Débito,Online
11501,2021-09-29,1427,23,3,1,1928958,30,Mercado Pago,Online
11502,2021-09-13,389,16,2,5,954116,20,Tarjeta de Débito,Sucursal
11503,2023-12-27,1084,20,10,1,2236130,0,Tarjeta de Crédito,Sucursal
11504,2022-06-22,560,9,7,1,944582,0,Tarjeta de Débito,Sucursal
11505,2026-05-25,584,2,12,1,1484902,5,Tarjeta de Crédito,Sucursal
11506,2023-11-29,78,5,10,1,658866,0,Efectivo,Sucursal
11507,2026-05-31,1489,5,6,3,658866,5,Mercado Pago,Online
11508,2023-05-21,1052,23,9,1,1928958,15,Tarjeta de Crédito,Sucursal
11509,2025-09-13,830,25,12,1,1853677,0,Tarjeta de Crédito,Online
11510,2026-05-23,840,7,6,1,1778736,0,Tarjeta de Débito,Sucursal
11511,2022-09-01,717,2,16,1,1484902,0,Tarjeta de Crédito,Sucursal
11512,2022-07-03,840,10,15,1,2261684,0,Tarjeta de Crédito,Online
11513,2024-04-09,251,8,6,1,1661179,5,Mercado Pago,Online
11514,2021-08-11,988,7,7,1,1778736,5,Tarjeta de Débito,Sucursal
11515,2022-07-21,749,2,9,1,1484902,0,Tarjeta de Crédito,Online
11516,2023-06-04,299,10,4,1,2261684,0,Mercado Pago,Online
11517,2021-11-28,956,9,17,2,944582,0,Tarjeta de Crédito,Sucursal
11518,2021-07-30,1185,25,13,3,1853677,0,Tarjeta de Crédito,Sucursal
11519,2025-05-01,95,5,2,1,658866,0,Efectivo,Sucursal
11520,2022-11-23,1869,22,12,2,1797606,0,Tarjeta de Crédito,Online
11521,2024-05-12,1508,1,17,2,934942,15,Tarjeta de Débito,Sucursal
11522,2022-10-10,529,21,7,1,1989781,0,Transferencia,Sucursal
11523,2022-12-12,1087,22,1,1,1797606,15,Tarjeta de Crédito,Sucursal
11524,2026-05-10,553,22,5,1,1797606,15,Mercado Pago,Online
11525,2025-05-01,13,12,2,1,1844344,0,Mercado Pago,Sucursal
11526,2026-05-27,279,13,3,1,1102174,0,Tarjeta de Crédito,Online
11527,2025-01-12,1626,3,7,1,1748036,5,Tarjeta de Crédito,Online
11528,2023-04-14,55,6,19,2,1764687,0,Tarjeta de Débito,Online
11529,2023-09-14,736,18,1,1,1042885,20,Efectivo,Sucursal
11530,2024-08-27,1447,19,13,2,1030169,0,Tarjeta de Crédito,Sucursal
11531,2022-04-17,690,21,15,2,1989781,20,Tarjeta de Crédito,Sucursal
11532,2026-03-11,1857,15,4,3,2254306,0,Transferencia,Sucursal
11533,2026-03-15,294,7,19,1,1778736,0,Transferencia,Sucursal
11534,2022-04-15,1520,1,14,1,934942,15,Tarjeta de Crédito,Online
11535,2025-08-22,1031,7,3,1,1778736,5,Transferencia,Online
11536,2023-07-24,447,21,10,2,1989781,0,Mercado Pago,Sucursal
11537,2022-06-11,1722,21,1,1,1989781,0,Transferencia,Sucursal
11538,2022-03-18,1189,10,11,1,2261684,5,Tarjeta de Débito,Sucursal
11539,2021-07-12,1302,23,7,1,1928958,10,Tarjeta de Débito,Sucursal
11540,2022-05-15,965,12,19,3,1844344,5,Tarjeta de Crédito,Sucursal
11541,2024-10-28,990,3,12,1,1748036,0,Tarjeta de Crédito,Sucursal
11542,2023-05-14,253,9,1,2,944582,0,Tarjeta de Débito,Sucursal
11543,2025-12-28,1313,18,3,2,1042885,5,Tarjeta de Crédito,Sucursal
11544,2024-07-13,1433,13,14,4,1102174,5,Tarjeta de Crédito,Online
11545,2025-05-23,487,22,5,2,1797606,0,Tarjeta de Crédito,Online
11546,2026-01-29,1095,14,20,1,2132068,20,Tarjeta de Crédito,Sucursal
11547,2022-12-26,828,1,2,1,934942,10,Mercado Pago,Sucursal
11548,2023-05-02,1732,25,3,1,1853677,0,Mercado Pago,Sucursal
11549,2022-07-25,1086,15,11,1,2254306,0,Tarjeta de Débito,Sucursal
11550,2024-07-07,1885,23,20,1,1928958,10,Tarjeta de Crédito,Sucursal
11551,2024-05-20,1116,1,18,1,934942,0,Transferencia,Sucursal
11552,2024-10-06,1633,19,8,1,1030169,0,Tarjeta de Crédito,Sucursal
11553,2025-03-09,623,14,15,1,2132068,10,Tarjeta de Débito,Online
11554,2026-02-05,434,14,7,2,2132068,30,Tarjeta de Crédito,Sucursal
11555,2022-04-13,1487,21,16,1,1989781,10,Mercado Pago,Sucursal
11556,2022-08-10,843,24,4,3,1763627,15,Tarjeta de Crédito,Online
11557,2024-12-05,791,8,15,1,1661179,0,Transferencia,Online
11558,2025-09-11,1251,6,12,1,1764687,0,Mercado Pago,Online
11559,2023-03-09,907,15,14,2,2254306,15,Tarjeta de Crédito,Sucursal
11560,2023-11-18,350,9,16,2,944582,30,Transferencia,Sucursal
11561,2022-05-13,1718,12,15,1,1844344,0,Tarjeta de Débito,Sucursal
11562,2024-06-02,1895,20,16,1,2236130,0,Mercado Pago,Sucursal
11563,2023-07-30,1872,12,8,1,1844344,10,Tarjeta de Débito,Sucursal
11564,2022-12-31,652,8,11,2,1661179,15,Tarjeta de Crédito,Online
11565,2023-06-07,1767,1,6,1,934942,0,Tarjeta de Débito,Sucursal
11566,2025-05-08,1192,9,15,3,944582,0,Mercado Pago,Online
11567,2023-10-02,450,14,4,1,2132068,0,Tarjeta de Crédito,Online
11568,2023-03-04,1502,11,6,1,1298880,0,Tarjeta de Crédito,Sucursal
11569,2024-11-19,324,5,13,3,658866,20,Efectivo,Sucursal
11570,2025-02-19,1566,6,6,1,1764687,15,Tarjeta de Crédito,Sucursal
11571,2024-04-15,650,15,16,1,2254306,0,Tarjeta de Crédito,Online
11572,2021-12-16,131,11,10,1,1298880,0,Tarjeta de Crédito,Online
11573,2026-01-25,1320,13,13,2,1102174,5,Tarjeta de Crédito,Sucursal
11574,2023-12-30,1079,8,19,3,1661179,5,Tarjeta de Crédito,Sucursal
11575,2023-03-21,1766,23,9,1,1928958,0,Tarjeta de Crédito,Online
11576,2024-04-14,1819,12,7,1,1844344,0,Tarjeta de Crédito,Online
11577,2024-03-26,1978,1,14,2,934942,10,Tarjeta de Crédito,Sucursal
11578,2023-11-30,71,2,1,1,1484902,5,Tarjeta de Crédito,Online
11579,2021-10-10,1998,14,10,2,2132068,0,Tarjeta de Crédito,Sucursal
11580,2026-02-02,1470,1,15,1,934942,10,Tarjeta de Débito,Sucursal
11581,2023-09-03,911,25,2,1,1853677,15,Mercado Pago,Sucursal
11582,2023-07-01,1238,19,5,1,1030169,0,Tarjeta de Crédito,Online
11583,2022-02-12,538,1,16,1,934942,0,Tarjeta de Débito,Sucursal
11584,2021-12-21,240,15,2,1,2254306,10,Transferencia,Sucursal
11585,2025-12-22,1803,21,9,1,1989781,0,Tarjeta de Débito,Sucursal
11586,2024-11-04,374,12,16,3,1844344,5,Efectivo,Online
11587,2025-06-27,1932,16,16,1,954116,10,Tarjeta de Crédito,Online
11588,2024-06-30,1400,12,13,1,1844344,0,Tarjeta de Crédito,Sucursal
11589,2022-06-20,769,25,20,3,1853677,0,Tarjeta de Crédito,Online
11590,2022-06-07,1179,19,8,2,1030169,5,Efectivo,Sucursal
11591,2023-05-08,1455,8,19,1,1661179,0,Tarjeta de Crédito,Online
11592,2022-01-08,165,4,11,1,2160479,5,Tarjeta de Crédito,Sucursal
11593,2024-03-03,144,20,12,1,2236130,10,Tarjeta de Crédito,Sucursal
11594,2021-09-22,1130,14,8,1,2132068,0,Mercado Pago,Online
11595,2026-01-01,1020,7,4,2,1778736,5,Tarjeta de Crédito,Sucursal
11596,2026-04-02,1030,15,2,1,2254306,0,Mercado Pago,Online
11597,2025-12-20,545,25,16,2,1853677,0,Mercado Pago,Online
11598,2022-11-27,217,20,11,1,2236130,0,Tarjeta de Crédito,Sucursal
11599,2023-10-15,1780,4,6,1,2160479,0,Tarjeta de Crédito,Online
11600,2024-05-31,1597,11,12,2,1298880,0,Transferencia,Online
11601,2024-02-19,545,16,11,1,954116,5,Mercado Pago,Sucursal
11602,2023-11-02,1903,23,4,5,1928958,5,Efectivo,Sucursal
11603,2026-06-09,277,8,6,1,1661179,5,Mercado Pago,Online
11604,2021-12-08,299,19,2,4,1030169,10,Tarjeta de Crédito,Online
11605,2023-04-29,285,8,5,1,1661179,5,Tarjeta de Crédito,Sucursal
11606,2023-12-29,226,7,14,2,1778736,0,Tarjeta de Crédito,Sucursal
11607,2022-07-22,81,21,20,1,1989781,0,Transferencia,Sucursal
11608,2024-03-02,1699,18,20,1,1042885,0,Tarjeta de Crédito,Sucursal
11609,2022-01-05,1845,18,9,4,1042885,0,Tarjeta de Crédito,Sucursal
11610,2022-05-20,807,9,15,3,944582,0,Tarjeta de Débito,Online
11611,2023-02-03,487,4,4,1,2160479,20,Tarjeta de Crédito,Sucursal
11612,2022-04-21,807,1,15,2,934942,10,Tarjeta de Crédito,Sucursal
11613,2022-06-20,1340,23,13,1,1928958,0,Tarjeta de Crédito,Online
11614,2022-07-12,133,18,12,1,1042885,0,Efectivo,Sucursal
11615,2023-03-07,1059,20,15,1,2236130,0,Tarjeta de Crédito,Online
11616,2026-01-11,1940,7,12,1,1778736,0,Tarjeta de Crédito,Sucursal
11617,2023-07-30,1780,4,11,1,2160479,15,Tarjeta de Crédito,Sucursal
11618,2024-08-29,1635,16,10,1,954116,0,Mercado Pago,Online
11619,2023-02-13,564,4,20,2,2160479,0,Mercado Pago,Online
11620,2022-03-14,1596,2,17,1,1484902,0,Efectivo,Sucursal
11621,2025-07-07,540,9,14,1,944582,0,Mercado Pago,Sucursal
11622,2022-10-20,1211,10,3,3,2261684,0,Mercado Pago,Sucursal
11623,2022-06-25,1790,7,8,1,1778736,15,Tarjeta de Crédito,Sucursal
11624,2022-09-07,651,1,5,1,934942,0,Tarjeta de Débito,Sucursal
11625,2024-12-23,1797,14,13,1,2132068,0,Tarjeta de Débito,Sucursal
11626,2026-06-19,1946,7,4,1,1778736,0,Efectivo,Online
11627,2025-11-28,1602,10,2,1,2261684,20,Tarjeta de Débito,Sucursal
11628,2025-09-10,947,24,3,1,1763627,0,Tarjeta de Débito,Online
11629,2024-08-04,70,3,5,1,1748036,0,Tarjeta de Crédito,Sucursal
11630,2022-08-04,1011,13,3,3,1102174,5,Tarjeta de Crédito,Sucursal
11631,2022-02-01,1099,22,2,1,1797606,0,Tarjeta de Crédito,Online
11632,2025-05-12,1194,3,12,1,1748036,5,Tarjeta de Débito,Online
11633,2023-06-15,948,17,17,1,1455169,10,Tarjeta de Crédito,Sucursal
11634,2022-03-29,1603,6,2,2,1764687,0,Tarjeta de Crédito,Sucursal
11635,2026-06-05,686,20,18,1,2236130,0,Mercado Pago,Online
11636,2024-12-31,1906,6,7,1,1764687,0,Transferencia,Sucursal
11637,2023-02-18,83,4,8,1,2160479,10,Efectivo,Sucursal
11638,2024-02-23,1633,7,3,1,1778736,0,Tarjeta de Débito,Sucursal
11639,2024-12-29,481,25,8,1,1853677,0,Tarjeta de Crédito,Online
11640,2025-05-20,321,13,9,1,1102174,0,Mercado Pago,Sucursal
11641,2025-09-07,268,24,17,3,1763627,20,Tarjeta de Débito,Online
11642,2021-07-29,1730,4,11,1,2160479,0,Tarjeta de Débito,Online
11643,2025-12-11,1982,18,18,1,1042885,5,Transferencia,Sucursal
11644,2025-11-15,663,15,13,3,2254306,5,Tarjeta de Crédito,Online
11645,2026-04-07,884,10,12,1,2261684,0,Tarjeta de Crédito,Sucursal
11646,2023-03-22,756,21,16,1,1989781,0,Tarjeta de Crédito,Sucursal
11647,2023-10-23,1450,25,10,2,1853677,0,Transferencia,Online
11648,2021-08-10,1453,16,18,1,954116,0,Tarjeta de Crédito,Online
11649,2025-04-23,1936,19,17,1,1030169,0,Transferencia,Online
11650,2023-08-19,395,22,15,2,1797606,0,Tarjeta de Crédito,Online
11651,2026-01-25,1773,5,7,2,658866,0,Tarjeta de Crédito,Sucursal
11652,2024-11-28,1267,5,2,3,658866,0,Mercado Pago,Online
11653,2026-01-08,426,5,10,1,658866,0,Efectivo,Sucursal
11654,2023-09-17,1541,6,15,1,1764687,0,Tarjeta de Crédito,Sucursal
11655,2026-04-01,1311,21,20,1,1989781,5,Tarjeta de Crédito,Sucursal
11656,2023-01-07,1803,14,17,2,2132068,0,Transferencia,Sucursal
11657,2023-12-15,1323,8,9,1,1661179,0,Mercado Pago,Sucursal
11658,2025-07-27,1777,5,5,2,658866,5,Mercado Pago,Online
11659,2021-11-24,1646,18,10,1,1042885,0,Tarjeta de Crédito,Sucursal
11660,2025-10-13,707,21,14,1,1989781,0,Mercado Pago,Sucursal
11661,2023-10-06,880,13,1,1,1102174,0,Tarjeta de Crédito,Online
11662,2024-06-02,1965,20,20,3,2236130,0,Efectivo,Sucursal
11663,2022-05-14,751,9,13,2,944582,0,Transferencia,Sucursal
11664,2024-10-05,1581,4,20,1,2160479,15,Tarjeta de Crédito,Sucursal
11665,2025-06-28,218,1,6,1,934942,5,Mercado Pago,Sucursal
11666,2023-05-31,266,14,1,2,2132068,0,Transferencia,Online
11667,2022-11-03,619,16,2,3,954116,5,Tarjeta de Débito,Online
11668,2021-10-29,1616,14,7,1,2132068,15,Transferencia,Sucursal
11669,2021-08-24,393,23,8,1,1928958,0,Mercado Pago,Online
11670,2021-07-05,1492,23,2,1,1928958,0,Tarjeta de Débito,Sucursal
11671,2022-07-12,1685,20,16,2,2236130,0,Transferencia,Sucursal
11672,2022-11-08,1549,2,6,1,1484902,15,Tarjeta de Débito,Sucursal
11673,2025-03-21,1641,13,2,3,1102174,10,Efectivo,Sucursal
11674,2024-01-31,386,3,4,2,1748036,5,Transferencia,Sucursal
11675,2021-08-30,964,1,19,1,934942,0,Tarjeta de Crédito,Sucursal
11676,2023-07-28,289,4,11,1,2160479,0,Tarjeta de Crédito,Sucursal
11677,2024-06-09,1072,19,4,1,1030169,10,Tarjeta de Débito,Online
11678,2023-08-25,1690,7,20,3,1778736,0,Tarjeta de Crédito,Online
11679,2025-04-07,755,14,8,1,2132068,10,Tarjeta de Débito,Online
11680,2021-11-14,981,6,4,1,1764687,0,Efectivo,Sucursal
11681,2026-01-20,46,9,12,1,944582,0,Tarjeta de Crédito,Sucursal
11682,2023-02-04,741,10,15,1,2261684,15,Tarjeta de Débito,Online
11683,2024-10-09,659,3,17,2,1748036,10,Mercado Pago,Online
11684,2021-12-09,1757,12,9,1,1844344,20,Efectivo,Sucursal
11685,2026-04-25,1712,21,11,1,1989781,0,Mercado Pago,Sucursal
11686,2022-05-11,1914,13,20,3,1102174,15,Tarjeta de Débito,Sucursal
11687,2023-07-02,540,21,14,1,1989781,0,Tarjeta de Débito,Sucursal
11688,2025-09-02,42,20,6,1,2236130,0,Tarjeta de Débito,Sucursal
11689,2026-03-09,2000,15,3,1,2254306,0,Tarjeta de Crédito,Online
11690,2022-11-06,114,8,8,1,1661179,5,Tarjeta de Crédito,Online
11691,2021-09-18,1082,20,7,1,2236130,0,Transferencia,Sucursal
11692,2022-11-08,1817,21,5,1,1989781,5,Tarjeta de Crédito,Online
11693,2025-02-28,1064,11,11,2,1298880,0,Mercado Pago,Sucursal
11694,2024-10-01,922,5,5,1,658866,5,Tarjeta de Débito,Online
11695,2024-01-06,1053,16,12,1,954116,0,Mercado Pago,Online
11696,2026-01-13,662,5,9,1,658866,0,Efectivo,Sucursal
11697,2025-04-11,500,2,11,2,1484902,5,Efectivo,Sucursal
11698,2024-11-26,1578,17,18,1,1455169,10,Tarjeta de Crédito,Sucursal
11699,2026-06-25,1903,13,19,1,1102174,0,Tarjeta de Crédito,Online
11700,2022-11-25,574,12,2,2,1844344,0,Tarjeta de Crédito,Sucursal
11701,2022-05-30,341,23,18,1,1928958,0,Tarjeta de Crédito,Sucursal
11702,2025-09-13,540,2,10,1,1484902,0,Tarjeta de Crédito,Sucursal
11703,2022-07-04,951,22,7,1,1797606,0,Mercado Pago,Sucursal
11704,2023-12-17,1326,3,4,1,1748036,10,Mercado Pago,Sucursal
11705,2025-08-07,377,6,11,1,1764687,0,Transferencia,Online
11706,2023-05-09,872,3,15,1,1748036,0,Tarjeta de Crédito,Sucursal
11707,2022-09-14,911,9,19,1,944582,0,Tarjeta de Débito,Sucursal
11708,2024-12-13,438,20,11,2,2236130,10,Mercado Pago,Sucursal
11709,2024-05-10,335,3,6,1,1748036,0,Mercado Pago,Online
11710,2024-12-03,667,21,12,1,1989781,5,Mercado Pago,Sucursal
11711,2023-12-15,844,3,9,1,1748036,0,Tarjeta de Crédito,Online
11712,2025-05-26,805,5,17,1,658866,0,Tarjeta de Crédito,Sucursal
11713,2022-12-14,1803,22,8,1,1797606,0,Tarjeta de Crédito,Sucursal
11714,2022-08-31,527,10,1,1,2261684,20,Tarjeta de Crédito,Online
11715,2025-10-28,1108,12,15,1,1844344,0,Tarjeta de Crédito,Sucursal
11716,2026-04-20,1285,6,16,1,1764687,15,Tarjeta de Crédito,Online
11717,2024-07-29,772,18,11,1,1042885,0,Tarjeta de Débito,Sucursal
11718,2021-07-10,241,12,14,2,1844344,5,Tarjeta de Débito,Online
11719,2024-10-20,1964,24,14,1,1763627,10,Mercado Pago,Sucursal
11720,2023-06-28,1488,12,19,1,1844344,5,Mercado Pago,Sucursal
11721,2024-04-30,363,19,9,1,1030169,5,Mercado Pago,Sucursal
11722,2025-07-30,893,11,11,1,1298880,5,Mercado Pago,Online
11723,2021-07-09,282,22,16,3,1797606,20,Tarjeta de Crédito,Sucursal
11724,2026-04-22,26,14,19,1,2132068,0,Transferencia,Sucursal
11725,2026-05-09,1227,15,2,2,2254306,20,Tarjeta de Crédito,Sucursal
11726,2025-03-09,368,22,8,1,1797606,15,Mercado Pago,Online
11727,2024-07-16,753,20,11,1,2236130,5,Tarjeta de Débito,Sucursal
11728,2024-05-30,820,20,3,2,2236130,0,Tarjeta de Débito,Sucursal
11729,2023-12-20,1454,2,5,1,1484902,5,Tarjeta de Débito,Online
11730,2022-04-05,538,25,13,1,1853677,10,Tarjeta de Crédito,Sucursal
11731,2023-07-10,1864,16,9,1,954116,0,Tarjeta de Crédito,Online
11732,2023-08-20,509,16,15,2,954116,0,Tarjeta de Crédito,Sucursal
11733,2022-11-14,123,4,7,1,2160479,0,Tarjeta de Crédito,Online
11734,2025-04-12,839,6,5,2,1764687,0,Tarjeta de Crédito,Sucursal
11735,2023-05-26,1918,3,1,1,1748036,0,Tarjeta de Débito,Sucursal
11736,2024-05-17,1133,2,4,1,1484902,0,Tarjeta de Crédito,Sucursal
11737,2021-07-13,957,1,4,1,934942,0,Tarjeta de Crédito,Online
11738,2025-09-15,282,16,15,1,954116,10,Tarjeta de Crédito,Sucursal
11739,2024-09-13,163,19,16,3,1030169,0,Tarjeta de Crédito,Sucursal
11740,2024-11-25,1925,1,20,1,934942,15,Tarjeta de Crédito,Online
11741,2022-08-11,301,6,20,1,1764687,15,Tarjeta de Crédito,Online
11742,2022-08-18,930,24,14,1,1763627,0,Tarjeta de Crédito,Sucursal
11743,2023-04-23,1093,6,3,1,1764687,5,Transferencia,Online
11744,2022-02-08,814,13,12,1,1102174,5,Tarjeta de Crédito,Sucursal
11745,2024-01-31,1616,13,12,1,1102174,0,Mercado Pago,Sucursal
11746,2022-12-06,1554,21,15,1,1989781,10,Tarjeta de Crédito,Sucursal
11747,2024-12-01,1745,8,17,2,1661179,0,Mercado Pago,Sucursal
11748,2022-01-28,473,16,9,1,954116,10,Tarjeta de Crédito,Sucursal
11749,2023-10-28,1836,3,9,2,1748036,10,Mercado Pago,Sucursal
11750,2022-10-15,1463,11,9,1,1298880,0,Tarjeta de Débito,Sucursal
11751,2024-03-27,1338,7,14,3,1778736,30,Mercado Pago,Online
11752,2023-10-08,1550,9,2,1,944582,0,Efectivo,Online
11753,2022-09-27,229,15,17,1,2254306,5,Transferencia,Sucursal
11754,2025-11-13,1979,12,14,1,1844344,10,Tarjeta de Débito,Online
11755,2022-10-16,1209,10,8,1,2261684,0,Tarjeta de Crédito,Sucursal
11756,2021-12-26,937,24,9,1,1763627,5,Mercado Pago,Sucursal
11757,2021-07-06,1982,13,19,2,1102174,10,Transferencia,Online
11758,2023-06-27,1044,12,11,1,1844344,0,Tarjeta de Crédito,Sucursal
11759,2022-09-10,767,24,15,1,1763627,10,Transferencia,Sucursal
11760,2026-02-12,1687,21,17,1,1989781,0,Tarjeta de Crédito,Online
11761,2025-05-04,541,10,13,1,2261684,0,Transferencia,Online
11762,2026-06-26,545,16,19,2,954116,0,Tarjeta de Crédito,Sucursal
11763,2026-04-17,1390,20,13,1,2236130,0,Tarjeta de Crédito,Online
11764,2022-05-28,713,17,3,1,1455169,5,Transferencia,Sucursal
11765,2024-03-03,189,22,7,1,1797606,0,Tarjeta de Crédito,Online
11766,2024-06-03,1960,18,1,1,1042885,0,Mercado Pago,Sucursal
11767,2022-03-30,1748,10,1,1,2261684,5,Mercado Pago,Online
11768,2025-11-15,1249,14,8,1,2132068,15,Tarjeta de Crédito,Sucursal
11769,2022-11-21,322,7,10,2,1778736,0,Transferencia,Online
11770,2022-10-15,1870,6,20,2,1764687,10,Transferencia,Sucursal
11771,2026-04-22,1030,16,19,1,954116,10,Tarjeta de Crédito,Online
11772,2026-03-16,1653,18,1,1,1042885,10,Tarjeta de Crédito,Sucursal
11773,2024-10-27,766,2,18,2,1484902,5,Tarjeta de Crédito,Sucursal
11774,2024-09-17,651,8,15,1,1661179,0,Mercado Pago,Sucursal
11775,2025-01-26,867,10,12,2,2261684,0,Transferencia,Online
11776,2023-01-07,1689,11,3,1,1298880,0,Tarjeta de Crédito,Sucursal
11777,2021-10-17,772,12,4,1,1844344,10,Tarjeta de Crédito,Sucursal
11778,2023-06-13,971,25,16,1,1853677,0,Mercado Pago,Sucursal
11779,2021-10-18,1513,1,9,3,934942,0,Tarjeta de Débito,Sucursal
11780,2022-04-09,1913,25,5,3,1853677,0,Mercado Pago,Sucursal
11781,2023-12-11,1608,1,13,2,934942,0,Tarjeta de Crédito,Online
11782,2024-07-12,1515,2,7,1,1484902,20,Tarjeta de Débito,Sucursal
11783,2021-09-03,1039,20,3,1,2236130,30,Mercado Pago,Sucursal
11784,2023-05-15,491,4,4,1,2160479,0,Tarjeta de Crédito,Sucursal
11785,2022-03-03,1711,5,6,1,658866,0,Tarjeta de Débito,Online
11786,2026-03-27,100,2,13,1,1484902,0,Tarjeta de Débito,Online
11787,2025-08-24,291,12,14,1,1844344,15,Transferencia,Sucursal
11788,2025-12-20,1772,20,1,1,2236130,0,Efectivo,Sucursal
11789,2022-10-10,109,12,12,1,1844344,5,Tarjeta de Crédito,Sucursal
11790,2026-06-26,1902,17,6,2,1455169,10,Transferencia,Sucursal
11791,2026-03-07,1509,3,15,1,1748036,0,Tarjeta de Débito,Online
11792,2022-06-15,77,13,17,2,1102174,0,Tarjeta de Crédito,Sucursal
11793,2024-10-11,1527,2,8,2,1484902,0,Transferencia,Sucursal
11794,2024-11-07,1944,17,1,1,1455169,0,Tarjeta de Crédito,Online
11795,2022-07-13,210,10,18,1,2261684,0,Tarjeta de Crédito,Sucursal
11796,2021-11-09,363,11,10,1,1298880,20,Tarjeta de Crédito,Sucursal
11797,2021-08-26,856,16,15,1,954116,10,Mercado Pago,Sucursal
11798,2022-01-21,1902,17,7,2,1455169,20,Transferencia,Online
11799,2023-12-26,913,13,19,2,1102174,0,Tarjeta de Crédito,Sucursal
11800,2024-05-18,1800,18,17,4,1042885,0,Tarjeta de Crédito,Online
11801,2024-10-17,1974,3,4,1,1748036,0,Tarjeta de Crédito,Sucursal
11802,2023-08-23,1012,16,19,1,954116,20,Mercado Pago,Online
11803,2025-07-16,181,9,7,1,944582,5,Mercado Pago,Sucursal
11804,2021-12-10,893,25,7,1,1853677,15,Transferencia,Sucursal
11805,2022-01-04,1201,25,7,2,1853677,15,Tarjeta de Crédito,Sucursal
11806,2022-07-25,983,2,12,2,1484902,15,Mercado Pago,Sucursal
11807,2025-06-19,1649,21,14,2,1989781,0,Tarjeta de Crédito,Online
11808,2025-03-05,1559,3,17,1,1748036,0,Tarjeta de Crédito,Sucursal
11809,2022-08-18,1589,14,5,1,2132068,0,Efectivo,Online
11810,2026-03-10,77,19,8,1,1030169,5,Tarjeta de Crédito,Sucursal
11811,2024-10-13,1783,13,13,1,1102174,0,Tarjeta de Crédito,Online
11812,2025-07-22,1718,16,3,1,954116,0,Mercado Pago,Sucursal
11813,2021-11-17,1482,21,12,2,1989781,0,Tarjeta de Crédito,Online
11814,2025-05-06,1484,7,16,2,1778736,0,Tarjeta de Crédito,Online
11815,2025-07-27,754,5,6,1,658866,5,Tarjeta de Crédito,Sucursal
11816,2022-04-02,533,21,8,1,1989781,5,Tarjeta de Crédito,Sucursal
11817,2025-09-23,463,22,2,1,1797606,15,Tarjeta de Débito,Online
11818,2023-01-22,554,17,2,2,1455169,0,Tarjeta de Débito,Sucursal
11819,2023-10-22,208,15,15,1,2254306,5,Tarjeta de Débito,Online
11820,2025-10-22,61,15,19,1,2254306,0,Mercado Pago,Online
11821,2024-12-05,1575,7,6,4,1778736,0,Tarjeta de Crédito,Online
11822,2024-03-19,168,18,19,2,1042885,5,Mercado Pago,Sucursal
11823,2024-11-24,246,10,13,1,2261684,15,Tarjeta de Débito,Online
11824,2023-01-08,664,18,18,1,1042885,0,Tarjeta de Crédito,Sucursal
11825,2021-09-03,270,9,11,1,944582,0,Tarjeta de Débito,Online
11826,2022-07-10,888,20,7,2,2236130,10,Efectivo,Sucursal
11827,2023-04-12,183,14,9,1,2132068,10,Transferencia,Sucursal
11828,2026-05-20,605,6,5,1,1764687,0,Tarjeta de Débito,Sucursal
11829,2024-10-04,1322,14,19,2,2132068,10,Tarjeta de Débito,Online
11830,2023-09-07,1382,19,5,1,1030169,10,Mercado Pago,Sucursal
11831,2023-12-04,557,3,13,1,1748036,0,Tarjeta de Débito,Sucursal
11832,2023-12-09,773,3,17,1,1748036,5,Tarjeta de Crédito,Sucursal
11833,2026-05-15,200,15,1,1,2254306,0,Tarjeta de Crédito,Sucursal
11834,2025-12-21,350,5,18,1,658866,0,Tarjeta de Crédito,Online
11835,2025-03-11,767,8,8,1,1661179,10,Efectivo,Sucursal
11836,2023-05-01,1967,1,20,1,934942,0,Tarjeta de Crédito,Online
11837,2025-01-08,521,12,11,1,1844344,0,Tarjeta de Crédito,Online
11838,2022-10-30,360,20,14,1,2236130,5,Tarjeta de Crédito,Online
11839,2024-10-18,1172,7,18,1,1778736,0,Mercado Pago,Sucursal
11840,2024-09-22,174,18,19,1,1042885,10,Tarjeta de Crédito,Online
11841,2025-03-17,1258,3,3,1,1748036,15,Tarjeta de Crédito,Online
11842,2021-11-06,1187,15,4,1,2254306,5,Tarjeta de Crédito,Sucursal
11843,2022-06-22,794,6,11,1,1764687,0,Transferencia,Sucursal
11844,2025-02-11,799,22,20,1,1797606,0,Tarjeta de Débito,Sucursal
11845,2026-01-09,148,3,20,3,1748036,0,Efectivo,Sucursal
11846,2024-09-28,1329,21,20,1,1989781,0,Efectivo,Sucursal
11847,2026-07-01,709,25,18,1,1853677,15,Tarjeta de Débito,Sucursal
11848,2023-02-26,1404,4,9,1,2160479,15,Transferencia,Sucursal
11849,2026-03-10,91,20,8,1,2236130,20,Efectivo,Sucursal
11850,2025-04-07,826,16,2,1,954116,30,Tarjeta de Crédito,Sucursal
11851,2024-11-27,1070,8,8,2,1661179,5,Mercado Pago,Sucursal
11852,2022-02-26,1756,9,12,1,944582,15,Tarjeta de Crédito,Sucursal
11853,2025-05-04,1294,7,5,1,1778736,0,Tarjeta de Crédito,Sucursal
11854,2024-12-12,1268,5,13,2,658866,0,Mercado Pago,Sucursal
11855,2024-05-14,668,25,15,1,1853677,0,Efectivo,Sucursal
11856,2023-05-24,1013,8,6,1,1661179,5,Tarjeta de Débito,Sucursal
11857,2025-02-02,729,12,6,1,1844344,0,Tarjeta de Crédito,Sucursal
11858,2024-09-19,1662,22,7,2,1797606,10,Transferencia,Online
11859,2026-05-01,1389,20,4,1,2236130,0,Tarjeta de Crédito,Online
11860,2022-03-17,1837,17,1,1,1455169,0,Mercado Pago,Online
11861,2024-06-12,198,8,5,1,1661179,0,Tarjeta de Débito,Sucursal
11862,2023-04-28,1638,21,8,1,1989781,0,Efectivo,Sucursal
11863,2025-01-07,378,20,17,1,2236130,0,Tarjeta de Crédito,Online
11864,2025-09-10,612,20,19,2,2236130,0,Tarjeta de Crédito,Online
11865,2026-05-27,845,4,6,2,2160479,0,Tarjeta de Crédito,Sucursal
11866,2024-07-28,1589,11,13,1,1298880,0,Transferencia,Sucursal
11867,2025-02-11,1394,8,14,1,1661179,0,Mercado Pago,Sucursal
11868,2024-01-30,317,4,10,1,2160479,20,Tarjeta de Crédito,Sucursal
11869,2024-11-03,1896,16,14,1,954116,0,Tarjeta de Débito,Sucursal
11870,2024-11-14,1767,6,4,1,1764687,5,Tarjeta de Crédito,Online
11871,2023-09-23,705,4,1,1,2160479,5,Transferencia,Sucursal
11872,2022-05-30,224,13,9,1,1102174,10,Tarjeta de Débito,Online
11873,2025-09-21,1929,14,15,1,2132068,0,Tarjeta de Débito,Sucursal
11874,2024-12-31,262,6,10,1,1764687,30,Tarjeta de Débito,Sucursal
11875,2021-11-12,856,13,1,2,1102174,0,Tarjeta de Crédito,Sucursal
11876,2022-09-14,235,21,10,1,1989781,5,Tarjeta de Débito,Sucursal
11877,2022-07-14,1513,15,15,2,2254306,0,Tarjeta de Crédito,Sucursal
11878,2024-10-30,1806,7,4,1,1778736,15,Mercado Pago,Sucursal
11879,2025-09-23,981,10,9,1,2261684,0,Transferencia,Sucursal
11880,2024-01-16,1990,20,4,1,2236130,10,Tarjeta de Crédito,Sucursal
11881,2025-06-24,1391,25,16,1,1853677,5,Mercado Pago,Sucursal
11882,2025-08-19,1716,21,9,3,1989781,0,Transferencia,Online
11883,2026-04-04,1858,11,8,1,1298880,0,Efectivo,Sucursal
11884,2022-08-15,202,7,11,1,1778736,10,Transferencia,Online
11885,2021-08-29,1224,10,19,2,2261684,0,Tarjeta de Crédito,Online
11886,2022-04-13,493,6,3,1,1764687,0,Tarjeta de Crédito,Online
11887,2025-09-07,794,24,4,1,1763627,0,Tarjeta de Débito,Sucursal
11888,2022-07-29,821,7,18,1,1778736,20,Tarjeta de Débito,Sucursal
11889,2023-05-21,454,9,18,4,944582,0,Tarjeta de Crédito,Sucursal
11890,2024-03-13,1164,24,6,1,1763627,5,Tarjeta de Crédito,Online
11891,2024-06-18,1984,21,4,1,1989781,10,Transferencia,Sucursal
11892,2026-05-09,1837,14,20,1,2132068,0,Efectivo,Sucursal
11893,2024-04-24,736,20,13,1,2236130,0,Mercado Pago,Sucursal
11894,2021-12-25,199,25,1,2,1853677,5,Tarjeta de Crédito,Sucursal
11895,2023-06-17,715,13,5,2,1102174,5,Mercado Pago,Online
11896,2024-12-28,1810,10,20,1,2261684,10,Tarjeta de Débito,Sucursal
11897,2026-06-19,836,22,11,1,1797606,0,Tarjeta de Crédito,Sucursal
11898,2025-05-15,802,4,5,1,2160479,15,Tarjeta de Débito,Online
11899,2025-02-23,605,24,11,1,1763627,20,Tarjeta de Crédito,Sucursal
11900,2026-05-26,875,2,5,1,1484902,0,Tarjeta de Débito,Sucursal
11901,2022-09-09,1545,25,20,1,1853677,10,Tarjeta de Crédito,Sucursal
11902,2022-02-08,80,9,9,1,944582,15,Transferencia,Online
11903,2022-09-23,924,13,4,1,1102174,10,Tarjeta de Crédito,Online
11904,2024-01-26,902,21,12,1,1989781,0,Mercado Pago,Sucursal
11905,2024-12-12,30,10,3,1,2261684,0,Tarjeta de Débito,Online
11906,2022-11-02,1222,21,6,2,1989781,10,Tarjeta de Débito,Sucursal
11907,2024-04-12,732,6,7,1,1764687,5,Efectivo,Sucursal
11908,2023-11-09,173,4,18,1,2160479,0,Mercado Pago,Sucursal
11909,2022-02-18,355,4,14,1,2160479,0,Tarjeta de Débito,Sucursal
11910,2023-06-19,1573,15,15,1,2254306,5,Tarjeta de Crédito,Online
11911,2022-02-08,1834,25,2,2,1853677,15,Tarjeta de Crédito,Sucursal
11912,2024-10-02,561,17,20,1,1455169,0,Mercado Pago,Sucursal
11913,2023-10-24,566,16,8,1,954116,0,Transferencia,Sucursal
11914,2021-09-18,710,14,4,1,2132068,30,Mercado Pago,Sucursal
11915,2022-11-11,1251,6,13,1,1764687,5,Mercado Pago,Online
11916,2022-06-14,264,20,2,1,2236130,15,Transferencia,Online
11917,2024-08-20,82,7,13,1,1778736,0,Tarjeta de Crédito,Sucursal
11918,2022-08-18,1856,10,16,2,2261684,20,Mercado Pago,Sucursal
11919,2024-02-14,1492,3,11,2,1748036,0,Tarjeta de Crédito,Sucursal
11920,2026-02-10,503,15,3,1,2254306,0,Tarjeta de Débito,Sucursal
11921,2022-07-27,1250,22,4,3,1797606,0,Transferencia,Online
11922,2021-11-11,675,5,15,3,658866,0,Tarjeta de Débito,Online
11923,2022-03-29,1099,13,6,1,1102174,0,Tarjeta de Débito,Online
11924,2026-05-07,1084,23,16,1,1928958,0,Tarjeta de Crédito,Online
11925,2022-04-21,16,3,15,1,1748036,0,Tarjeta de Crédito,Sucursal
11926,2024-07-02,225,16,6,1,954116,5,Efectivo,Online
11927,2022-12-23,628,4,8,1,2160479,0,Tarjeta de Crédito,Sucursal
11928,2025-01-16,327,5,1,5,658866,0,Tarjeta de Crédito,Sucursal
11929,2022-06-18,1027,18,11,3,1042885,5,Mercado Pago,Online
11930,2026-06-22,1156,24,4,1,1763627,0,Mercado Pago,Online
11931,2021-10-10,1476,21,17,2,1989781,0,Mercado Pago,Online
11932,2021-08-08,45,13,20,1,1102174,0,Tarjeta de Crédito,Sucursal
11933,2023-10-20,154,16,7,2,954116,0,Tarjeta de Crédito,Sucursal
11934,2023-08-08,1389,24,6,1,1763627,0,Tarjeta de Crédito,Sucursal
11935,2021-08-29,830,1,2,1,934942,10,Mercado Pago,Sucursal
11936,2023-06-09,810,12,13,1,1844344,0,Tarjeta de Débito,Sucursal
11937,2024-07-25,1071,5,4,1,658866,5,Mercado Pago,Online
11938,2024-11-04,1815,22,20,1,1797606,15,Tarjeta de Crédito,Sucursal
11939,2022-07-16,900,20,17,2,2236130,0,Mercado Pago,Sucursal
11940,2024-04-02,164,6,15,1,1764687,5,Tarjeta de Débito,Online
11941,2021-11-24,1142,3,15,1,1748036,5,Tarjeta de Crédito,Sucursal
11942,2025-02-15,946,8,4,1,1661179,0,Tarjeta de Crédito,Sucursal
11943,2024-04-26,371,10,3,2,2261684,0,Transferencia,Sucursal
11944,2021-08-01,1021,21,17,2,1989781,30,Tarjeta de Crédito,Online
11945,2025-06-17,1519,24,16,1,1763627,0,Tarjeta de Crédito,Sucursal
11946,2024-07-20,644,16,4,1,954116,0,Tarjeta de Crédito,Sucursal
11947,2025-01-11,360,17,16,1,1455169,10,Mercado Pago,Online
11948,2025-08-16,1603,22,1,1,1797606,0,Tarjeta de Débito,Sucursal
11949,2025-06-22,1925,18,2,1,1042885,10,Efectivo,Online
11950,2025-06-26,914,11,8,1,1298880,5,Tarjeta de Crédito,Sucursal
11951,2023-06-06,524,15,9,2,2254306,0,Tarjeta de Débito,Sucursal
11952,2021-08-20,1283,7,8,5,1778736,0,Tarjeta de Crédito,Online
11953,2025-07-17,673,9,20,2,944582,0,Tarjeta de Crédito,Online
11954,2021-09-22,1504,5,3,1,658866,0,Tarjeta de Crédito,Sucursal
11955,2024-04-23,469,5,20,2,658866,0,Mercado Pago,Sucursal
11956,2021-09-30,667,11,20,1,1298880,0,Transferencia,Sucursal
11957,2025-06-27,79,12,14,1,1844344,5,Tarjeta de Crédito,Sucursal
11958,2024-02-23,224,4,13,2,2160479,0,Tarjeta de Débito,Sucursal
11959,2022-05-27,488,7,1,1,1778736,15,Tarjeta de Crédito,Online
11960,2021-12-27,1584,14,10,2,2132068,0,Transferencia,Online
11961,2021-10-03,1969,22,8,1,1797606,0,Tarjeta de Crédito,Sucursal
11962,2025-06-13,1767,4,14,2,2160479,0,Tarjeta de Crédito,Sucursal
11963,2025-11-06,1475,12,19,1,1844344,0,Transferencia,Online
11964,2025-12-20,843,14,8,1,2132068,20,Tarjeta de Crédito,Sucursal
11965,2023-07-05,390,3,4,2,1748036,15,Efectivo,Sucursal
11966,2021-09-08,1064,6,16,1,1764687,0,Tarjeta de Crédito,Sucursal
11967,2023-06-22,624,3,3,2,1748036,0,Tarjeta de Débito,Sucursal
11968,2021-12-24,616,19,10,1,1030169,10,Tarjeta de Crédito,Online
11969,2024-03-03,285,13,15,1,1102174,0,Tarjeta de Débito,Online
11970,2021-10-02,823,25,5,2,1853677,5,Tarjeta de Crédito,Sucursal
11971,2022-06-25,1541,6,10,1,1764687,10,Tarjeta de Crédito,Sucursal
11972,2026-06-09,1436,14,17,2,2132068,0,Efectivo,Online
11973,2021-07-16,1807,1,11,2,934942,5,Tarjeta de Débito,Sucursal
11974,2023-01-05,497,20,11,1,2236130,10,Tarjeta de Crédito,Sucursal
11975,2022-08-09,1310,2,13,2,1484902,0,Transferencia,Online
11976,2026-04-26,773,3,3,1,1748036,0,Tarjeta de Débito,Online
11977,2026-05-04,43,22,3,2,1797606,0,Transferencia,Sucursal
11978,2024-06-24,1278,14,19,2,2132068,5,Tarjeta de Débito,Online
11979,2025-09-29,1657,22,3,2,1797606,0,Mercado Pago,Sucursal
11980,2025-11-09,1127,24,16,2,1763627,20,Efectivo,Online
11981,2026-01-05,159,3,5,1,1748036,0,Tarjeta de Crédito,Online
11982,2023-09-28,1654,21,14,2,1989781,5,Tarjeta de Crédito,Sucursal
11983,2024-02-28,624,8,10,1,1661179,0,Mercado Pago,Sucursal
11984,2021-09-03,1890,11,1,1,1298880,5,Tarjeta de Débito,Online
11985,2023-07-18,889,12,12,2,1844344,0,Tarjeta de Crédito,Sucursal
11986,2026-02-10,139,24,13,1,1763627,15,Mercado Pago,Online
11987,2023-11-01,1062,20,14,2,2236130,0,Tarjeta de Crédito,Online
11988,2026-02-16,619,13,13,1,1102174,5,Tarjeta de Débito,Online
11989,2025-01-18,829,10,6,3,2261684,0,Transferencia,Sucursal
11990,2025-11-23,1194,19,20,1,1030169,0,Tarjeta de Crédito,Sucursal
11991,2022-12-28,1752,2,13,1,1484902,0,Tarjeta de Crédito,Online
11992,2024-12-26,526,25,1,1,1853677,0,Tarjeta de Débito,Online
11993,2022-08-02,1288,23,8,3,1928958,5,Mercado Pago,Sucursal
11994,2025-11-28,1803,2,18,1,1484902,15,Tarjeta de Débito,Sucursal
11995,2025-05-13,1338,7,4,1,1778736,0,Mercado Pago,Sucursal
11996,2026-04-04,1094,4,18,1,2160479,10,Tarjeta de Crédito,Sucursal
11997,2025-02-04,1908,18,18,2,1042885,0,Tarjeta de Débito,Sucursal
11998,2024-04-11,805,20,7,1,2236130,15,Tarjeta de Crédito,Sucursal
11999,2025-09-23,1983,23,17,1,1928958,5,Tarjeta de Crédito,Sucursal
12000,2023-11-17,1798,17,4,2,1455169,5,Transferencia,Sucursal
